"","Country.Name","Country.Code","MMR_Level","AFR_Level","Growth_Level","Participation_Level","PC_Level","Savings_Level","HIVW_Level","HIV_Total_Level","Edu_Level","MMR_Level_score","AFR_Level_score","Growth_Level_score","Participation_Level_score","PC_Level_score","Savings_Level_score","HIVW_Level_score","HIV_Total_Level_score","Edu_Level_score","composite_score","weighted_score","score_group","weighted_group"
"1","Afghanistan","AFG","High MMR","High AFR","Low growth","Low participation","Low GDPpc","Medium savings","Low share","Low prevalence","Low education",1,1,1,1,1,2,3,3,1,1.55555555555556,1.3,"Low","Low"
"2","Afghanistan","AFG","High MMR","High AFR","Low growth","Low participation","Low GDPpc","Medium savings","Low share","Low prevalence","Low education",1,1,1,1,1,2,3,3,1,1.55555555555556,1.3,"Low","Low"
"3","Africa Eastern and Southern","AFE","Medium MMR","High AFR","Low growth","High participation","Low GDPpc","Medium savings","High share","High prevalence","Low education",2,1,1,3,1,2,1,1,1,1.44444444444444,1.5,"Low","Low"
"4","Africa Eastern and Southern","AFE","Medium MMR","High AFR","Low growth","High participation","Low GDPpc","Medium savings","High share","High prevalence","Low education",2,1,1,3,1,2,1,1,1,1.44444444444444,1.5,"Low","Low"
"5","Africa Western and Central","AFW","High MMR","High AFR","Low growth","High participation","Low GDPpc","Medium savings","High share","High prevalence","Low education",1,1,1,3,1,2,1,1,1,1.33333333333333,1.3,"Low","Low"
"6","Africa Western and Central","AFW","High MMR","High AFR","Low growth","High participation","Low GDPpc","Medium savings","High share","High prevalence","Low education",1,1,1,3,1,2,1,1,1,1.33333333333333,1.3,"Low","Low"
"7","Albania","ALB","Low MMR","Low AFR","Low growth","Medium participation","Low GDPpc","Medium savings","Low share","Low prevalence","Medium education",3,3,1,2,1,2,3,3,2,2.22222222222222,2.1,"Medium","Medium"
"8","Albania","ALB","Low MMR","Low AFR","Low growth","Medium participation","Low GDPpc","Medium savings","Low share","Low prevalence","Medium education",3,3,1,2,1,2,3,3,2,2.22222222222222,2.1,"Medium","Medium"
"9","Algeria","DZA","Low MMR","Low AFR","Low growth","Low participation","Low GDPpc","High savings","Medium share","Low prevalence","Low education",3,3,1,1,1,3,2,3,1,2,1.95,"Low","Medium"
"10","Algeria","DZA","Low MMR","Low AFR","Low growth","Low participation","Low GDPpc","High savings","Medium share","Low prevalence","Low education",3,3,1,1,1,3,2,3,1,2,1.95,"Low","Medium"
"11","American Samoa","ASM","Low MMR","Low AFR","Low growth","Medium participation","Low GDPpc","Medium savings","Low share","Low prevalence","Medium education",3,3,1,2,1,2,3,3,2,2.22222222222222,2.1,"Medium","Medium"
"12","American Samoa","ASM","Low MMR","Low AFR","Low growth","Medium participation","Low GDPpc","Medium savings","Low share","Low prevalence","Medium education",3,3,1,2,1,2,3,3,2,2.22222222222222,2.1,"Medium","Medium"
"13","Andorra","AND","Low MMR","Low AFR","Low growth","High participation","Medium GDPpc","High savings","Low share","Low prevalence","Medium education",3,3,1,3,2,3,3,3,2,2.55555555555556,2.45,"High","High"
"14","Andorra","AND","Low MMR","Low AFR","Low growth","Medium participation","Medium GDPpc","High savings","Low share","Low prevalence","Medium education",3,3,1,2,2,3,3,3,2,2.44444444444444,2.35,"High","High"
"15","Angola","AGO","Medium MMR","High AFR","Medium growth","High participation","Low GDPpc","High savings","High share","Low prevalence","Low education",2,1,2,3,1,3,1,3,1,1.88888888888889,1.85,"Low","Low"
"16","Angola","AGO","Medium MMR","High AFR","Medium growth","High participation","Low GDPpc","High savings","High share","Low prevalence","Low education",2,1,2,3,1,3,1,3,1,1.88888888888889,1.85,"Low","Low"
"17","Antigua and Barbuda","ATG","Low MMR","Low AFR","Low growth","Medium participation","Medium GDPpc","Medium savings","Low share","Low prevalence","Medium education",3,3,1,2,2,2,3,3,2,2.33333333333333,2.25,"Medium","Medium"
"18","Antigua and Barbuda","ATG","Low MMR","Low AFR","Low growth","Medium participation","Medium GDPpc","Medium savings","Low share","Low prevalence","Medium education",3,3,1,2,2,2,3,3,2,2.33333333333333,2.25,"Medium","Medium"
"19","Arab World","ARB","Low MMR","Medium AFR","Low growth","Low participation","Low GDPpc","High savings","Medium share","Low prevalence","Low education",3,2,1,1,1,3,2,3,1,1.88888888888889,1.85,"Low","Low"
"20","Arab World","ARB","Low MMR","Medium AFR","Low growth","Low participation","Low GDPpc","High savings","Medium share","Low prevalence","Low education",3,2,1,1,1,3,2,3,1,1.88888888888889,1.85,"Low","Low"
"21","Argentina","ARG","Low MMR","Medium AFR","Low growth","Medium participation","Low GDPpc","Medium savings","Low share","Low prevalence","Medium education",3,2,1,2,1,2,3,3,2,2.11111111111111,2,"Medium","Medium"
"22","Argentina","ARG","Low MMR","Medium AFR","Low growth","Medium participation","Low GDPpc","Medium savings","Low share","Low prevalence","Medium education",3,2,1,2,1,2,3,3,2,2.11111111111111,2,"Medium","Medium"
"23","Armenia","ARM","Low MMR","Low AFR","Low growth","High participation","Low GDPpc","Medium savings","Low share","Low prevalence","High education",3,3,1,3,1,2,3,3,3,2.44444444444444,2.3,"High","High"
"24","Armenia","ARM","Low MMR","Low AFR","Low growth","Medium participation","Low GDPpc","Medium savings","Low share","Low prevalence","High education",3,3,1,2,1,2,3,3,3,2.33333333333333,2.2,"Medium","Medium"
"25","Aruba","ABW","Low MMR","Low AFR","Low growth","High participation","Medium GDPpc","Medium savings","Low share","Low prevalence","Medium education",3,3,1,3,2,2,3,3,2,2.44444444444444,2.35,"High","High"
"26","Aruba","ABW","Low MMR","Low AFR","Low growth","Medium participation","Medium GDPpc","Medium savings","Low share","Low prevalence","Medium education",3,3,1,2,2,2,3,3,2,2.33333333333333,2.25,"Medium","Medium"
"27","Australia","AUS","Low MMR","Low AFR","Low growth","High participation","Medium GDPpc","Medium savings","Low share","Low prevalence","High education",3,3,1,3,2,2,3,3,3,2.55555555555556,2.45,"High","High"
"28","Australia","AUS","Low MMR","Low AFR","Low growth","Medium participation","Medium GDPpc","Medium savings","Low share","Low prevalence","High education",3,3,1,2,2,2,3,3,3,2.44444444444444,2.35,"High","High"
"29","Austria","AUT","Low MMR","Low AFR","Low growth","High participation","Medium GDPpc","Medium savings","Low share","Low prevalence","High education",3,3,1,3,2,2,3,3,3,2.55555555555556,2.45,"High","High"
"30","Austria","AUT","Low MMR","Low AFR","Low growth","Medium participation","Medium GDPpc","Medium savings","Low share","Low prevalence","High education",3,3,1,2,2,2,3,3,3,2.44444444444444,2.35,"High","High"
"31","Azerbaijan","AZE","Low MMR","Low AFR","Medium growth","High participation","Low GDPpc","High savings","Low share","Low prevalence","High education",3,3,2,3,1,3,3,3,3,2.66666666666667,2.55,"High","High"
"32","Azerbaijan","AZE","Low MMR","Low AFR","Medium growth","High participation","Low GDPpc","High savings","Low share","Low prevalence","High education",3,3,2,3,1,3,3,3,3,2.66666666666667,2.55,"High","High"
"33","Bahamas, The","BHS","Low MMR","Low AFR","Low growth","High participation","Medium GDPpc","Medium savings","Medium share","Low prevalence","High education",3,3,1,3,2,2,2,3,3,2.44444444444444,2.4,"High","High"
"34","Bahamas, The","BHS","Low MMR","Low AFR","Low growth","High participation","Medium GDPpc","Medium savings","Medium share","Low prevalence","High education",3,3,1,3,2,2,2,3,3,2.44444444444444,2.4,"High","High"
"35","Bahrain","BHR","Low MMR","Low AFR","Low growth","Medium participation","Medium GDPpc","High savings","Low share","Low prevalence","Medium education",3,3,1,2,2,3,3,3,2,2.44444444444444,2.35,"High","High"
"36","Bahrain","BHR","Low MMR","Low AFR","Low growth","Low participation","Medium GDPpc","High savings","Low share","Low prevalence","Medium education",3,3,1,1,2,3,3,3,2,2.33333333333333,2.25,"Medium","High"
"37","Bangladesh","BGD","Medium MMR","High AFR","Medium growth","Low participation","Low GDPpc","High savings","Low share","Low prevalence","Low education",2,1,2,1,1,3,3,3,1,1.88888888888889,1.75,"Low","Low"
"38","Bangladesh","BGD","Medium MMR","High AFR","Medium growth","Low participation","Low GDPpc","High savings","Low share","Low prevalence","Low education",2,1,2,1,1,3,3,3,1,1.88888888888889,1.75,"Low","Low"
"39","Barbados","BRB","Low MMR","Medium AFR","Low growth","High participation","Medium GDPpc","Medium savings","Medium share","Low prevalence","Medium education",3,2,1,3,2,2,2,3,2,2.22222222222222,2.2,"Medium","Medium"
"40","Barbados","BRB","Low MMR","Medium AFR","Low growth","High participation","Medium GDPpc","Medium savings","Medium share","Low prevalence","Medium education",3,2,1,3,2,2,2,3,2,2.22222222222222,2.2,"Medium","Medium"
"41","Belarus","BLR","Low MMR","Low AFR","Low growth","High participation","Low GDPpc","Medium savings","Medium share","Low prevalence","High education",3,3,1,3,1,2,2,3,3,2.33333333333333,2.25,"Medium","Medium"
"42","Belarus","BLR","Low MMR","Low AFR","Low growth","High participation","Low GDPpc","Medium savings","Medium share","Low prevalence","High education",3,3,1,3,1,2,2,3,3,2.33333333333333,2.25,"Medium","Medium"
"43","Belgium","BEL","Low MMR","Low AFR","Low growth","High participation","Medium GDPpc","Medium savings","Low share","Low prevalence","High education",3,3,1,3,2,2,3,3,3,2.55555555555556,2.45,"High","High"
"44","Belgium","BEL","Low MMR","Low AFR","Low growth","Medium participation","Medium GDPpc","Medium savings","Low share","Low prevalence","High education",3,3,1,2,2,2,3,3,3,2.44444444444444,2.35,"High","High"
"45","Belize","BLZ","Low MMR","Medium AFR","Low growth","Medium participation","Low GDPpc","Medium savings","Medium share","Low prevalence","Low education",3,2,1,2,1,2,2,3,1,1.88888888888889,1.85,"Low","Low"
"46","Belize","BLZ","Low MMR","Medium AFR","Low growth","Medium participation","Low GDPpc","Medium savings","Medium share","Low prevalence","Low education",3,2,1,2,1,2,2,3,1,1.88888888888889,1.85,"Low","Low"
"47","Benin","BEN","Medium MMR","High AFR","Low growth","High participation","Low GDPpc","Medium savings","High share","Low prevalence","Low education",2,1,1,3,1,2,1,3,1,1.66666666666667,1.6,"Low","Low"
"48","Benin","BEN","Medium MMR","High AFR","Low growth","High participation","Low GDPpc","Medium savings","High share","Low prevalence","Low education",2,1,1,3,1,2,1,3,1,1.66666666666667,1.6,"Low","Low"
"49","Bermuda","BMU","Low MMR","Low AFR","Low growth","High participation","High GDPpc","High savings","Low share","Low prevalence","High education",3,3,1,3,3,3,3,3,3,2.77777777777778,2.7,"High","High"
"50","Bermuda","BMU","Low MMR","Low AFR","Low growth","High participation","High GDPpc","High savings","Low share","Low prevalence","High education",3,3,1,3,3,3,3,3,3,2.77777777777778,2.7,"High","High"
"51","Bhutan","BTN","Low MMR","Low AFR","Medium growth","High participation","Low GDPpc","High savings","Medium share","Low prevalence","Medium education",3,3,2,3,1,3,2,3,2,2.44444444444444,2.4,"High","High"
"52","Bhutan","BTN","Low MMR","Low AFR","Medium growth","Medium participation","Low GDPpc","High savings","Medium share","Low prevalence","Medium education",3,3,2,2,1,3,2,3,2,2.33333333333333,2.3,"Medium","High"
"53","Bolivia","BOL","Low MMR","Medium AFR","Low growth","High participation","Low GDPpc","Medium savings","Low share","Low prevalence","Low education",3,2,1,3,1,2,3,3,1,2.11111111111111,2,"Medium","Medium"
"54","Bolivia","BOL","Low MMR","Medium AFR","Low growth","High participation","Low GDPpc","Medium savings","Low share","Low prevalence","Low education",3,2,1,3,1,2,3,3,1,2.11111111111111,2,"Medium","Medium"
"55","Bosnia and Herzegovina","BIH","Low MMR","Low AFR","Low growth","Medium participation","Low GDPpc","Medium savings","Low share","Low prevalence","Medium education",3,3,1,2,1,2,3,3,2,2.22222222222222,2.1,"Medium","Medium"
"56","Bosnia and Herzegovina","BIH","Low MMR","Low AFR","Low growth","Low participation","Low GDPpc","Medium savings","Low share","Low prevalence","Medium education",3,3,1,1,1,2,3,3,2,2.11111111111111,2,"Medium","Medium"
"57","Botswana","BWA","Low MMR","Medium AFR","Low growth","Medium participation","Low GDPpc","High savings","High share","Medium prevalence","Medium education",3,2,1,2,1,3,1,2,2,1.88888888888889,1.95,"Low","Medium"
"58","Botswana","BWA","Low MMR","Medium AFR","Low growth","Medium participation","Low GDPpc","High savings","High share","Medium prevalence","Medium education",3,2,1,2,1,3,1,2,2,1.88888888888889,1.95,"Low","Medium"
"59","Brazil","BRA","Low MMR","Medium AFR","Low growth","Medium participation","Low GDPpc","Medium savings","Medium share","Low prevalence","Medium education",3,2,1,2,1,2,2,3,2,2,1.95,"Low","Medium"
"60","Brazil","BRA","Low MMR","Medium AFR","Low growth","Medium participation","Low GDPpc","Medium savings","Medium share","Low prevalence","Medium education",3,2,1,2,1,2,2,3,2,2,1.95,"Low","Medium"
"61","British Virgin Islands","VGB","Low MMR","Low AFR","Low growth","Medium participation","Medium GDPpc","Medium savings","Low share","Low prevalence","Medium education",3,3,1,2,2,2,3,3,2,2.33333333333333,2.25,"Medium","Medium"
"62","British Virgin Islands","VGB","Low MMR","Low AFR","Low growth","Medium participation","Medium GDPpc","Medium savings","Low share","Low prevalence","Medium education",3,3,1,2,2,2,3,3,2,2.33333333333333,2.25,"Medium","Medium"
"63","Brunei Darussalam","BRN","Low MMR","Low AFR","Low growth","Medium participation","Medium GDPpc","High savings","Low share","Low prevalence","High education",3,3,1,2,2,3,3,3,3,2.55555555555556,2.45,"High","High"
"64","Brunei Darussalam","BRN","Low MMR","Low AFR","Low growth","Medium participation","Medium GDPpc","High savings","Low share","Low prevalence","High education",3,3,1,2,2,3,3,3,3,2.55555555555556,2.45,"High","High"
"65","Bulgaria","BGR","Low MMR","Low AFR","Low growth","High participation","Low GDPpc","Medium savings","Low share","Low prevalence","High education",3,3,1,3,1,2,3,3,3,2.44444444444444,2.3,"High","High"
"66","Bulgaria","BGR","Low MMR","Low AFR","Low growth","Medium participation","Low GDPpc","Medium savings","Low share","Low prevalence","High education",3,3,1,2,1,2,3,3,3,2.33333333333333,2.2,"Medium","Medium"
"67","Burkina Faso","BFA","Medium MMR","High AFR","Medium growth","Medium participation","Low GDPpc","Medium savings","High share","Low prevalence","Low education",2,1,2,2,1,2,1,3,1,1.66666666666667,1.65,"Low","Low"
"68","Burkina Faso","BFA","Medium MMR","High AFR","Medium growth","High participation","Low GDPpc","Medium savings","High share","Low prevalence","Low education",2,1,2,3,1,2,1,3,1,1.77777777777778,1.75,"Low","Low"
"69","Burundi","BDI","Medium MMR","Medium AFR","Low growth","High participation","Low GDPpc","Medium savings","High share","Low prevalence","Low education",2,2,1,3,1,2,1,3,1,1.77777777777778,1.7,"Low","Low"
"70","Burundi","BDI","Medium MMR","Medium AFR","Low growth","High participation","Low GDPpc","Medium savings","High share","Low prevalence","Low education",2,2,1,3,1,2,1,3,1,1.77777777777778,1.7,"Low","Low"
"71","Cabo Verde","CPV","Low MMR","Medium AFR","Low growth","Medium participation","Low GDPpc","Medium savings","Medium share","Low prevalence","Low education",3,2,1,2,1,2,2,3,1,1.88888888888889,1.85,"Low","Low"
"72","Cabo Verde","CPV","Low MMR","Medium AFR","Low growth","Medium participation","Low GDPpc","Medium savings","Medium share","Low prevalence","Low education",3,2,1,2,1,2,2,3,1,1.88888888888889,1.85,"Low","Low"
"73","Cambodia","KHM","Medium MMR","Medium AFR","Medium growth","High participation","Low GDPpc","High savings","High share","Low prevalence","Low education",2,2,2,3,1,3,1,3,1,2,1.95,"Low","Medium"
"74","Cambodia","KHM","Medium MMR","Medium AFR","Medium growth","High participation","Low GDPpc","High savings","High share","Low prevalence","Low education",2,2,2,3,1,3,1,3,1,2,1.95,"Low","Medium"
"75","Cameroon","CMR","Medium MMR","High AFR","Low growth","High participation","Low GDPpc","Medium savings","High share","High prevalence","Low education",2,1,1,3,1,2,1,1,1,1.44444444444444,1.5,"Low","Low"
"76","Cameroon","CMR","Medium MMR","High AFR","Low growth","High participation","Low GDPpc","Medium savings","High share","High prevalence","Low education",2,1,1,3,1,2,1,1,1,1.44444444444444,1.5,"Low","Low"
"77","Canada","CAN","Low MMR","Low AFR","Low growth","High participation","Medium GDPpc","Medium savings","Low share","Low prevalence","High education",3,3,1,3,2,2,3,3,3,2.55555555555556,2.45,"High","High"
"78","Canada","CAN","Low MMR","Low AFR","Low growth","High participation","Medium GDPpc","Medium savings","Low share","Low prevalence","High education",3,3,1,3,2,2,3,3,3,2.55555555555556,2.45,"High","High"
"79","Caribbean small states","CSS","Low MMR","Medium AFR","Low growth","Medium participation","Low GDPpc","Medium savings","Medium share","Low prevalence","Medium education",3,2,1,2,1,2,2,3,2,2,1.95,"Low","Medium"
"80","Caribbean small states","CSS","Low MMR","Medium AFR","Low growth","Medium participation","Low GDPpc","Medium savings","Medium share","Low prevalence","Medium education",3,2,1,2,1,2,2,3,2,2,1.95,"Low","Medium"
"81","Cayman Islands","CYM","Low MMR","Low AFR","Low growth","High participation","Medium GDPpc","High savings","Low share","Low prevalence","High education",3,3,1,3,2,3,3,3,3,2.66666666666667,2.55,"High","High"
"82","Cayman Islands","CYM","Low MMR","Low AFR","Low growth","High participation","Medium GDPpc","High savings","Low share","Low prevalence","High education",3,3,1,3,2,3,3,3,3,2.66666666666667,2.55,"High","High"
"83","Central African Republic","CAF","High MMR","High AFR","Low growth","High participation","Low GDPpc","Medium savings","High share","High prevalence","Low education",1,1,1,3,1,2,1,1,1,1.33333333333333,1.3,"Low","Low"
"84","Central African Republic","CAF","High MMR","High AFR","Low growth","High participation","Low GDPpc","Medium savings","High share","High prevalence","Low education",1,1,1,3,1,2,1,1,1,1.33333333333333,1.3,"Low","Low"
"85","Central Europe and the Baltics","CEB","Low MMR","Low AFR","Low growth","High participation","Low GDPpc","Medium savings","Low share","Low prevalence","Medium education",3,3,1,3,1,2,3,3,2,2.33333333333333,2.2,"Medium","Medium"
"86","Central Europe and the Baltics","CEB","Low MMR","Low AFR","Low growth","Medium participation","Low GDPpc","Medium savings","Low share","Low prevalence","Medium education",3,3,1,2,1,2,3,3,2,2.22222222222222,2.1,"Medium","Medium"
"87","Chad","TCD","High MMR","High AFR","Low growth","Medium participation","Low GDPpc","Medium savings","High share","Low prevalence","Low education",1,1,1,2,1,2,1,3,1,1.44444444444444,1.3,"Low","Low"
"88","Chad","TCD","High MMR","High AFR","Low growth","Medium participation","Low GDPpc","Medium savings","High share","Low prevalence","Low education",1,1,1,2,1,2,1,3,1,1.44444444444444,1.3,"Low","Low"
"89","Channel Islands","CHI","Low MMR","Low AFR","Low growth","High participation","Medium GDPpc","Medium savings","Low share","Low prevalence","High education",3,3,1,3,2,2,3,3,3,2.55555555555556,2.45,"High","High"
"90","Channel Islands","CHI","Low MMR","Low AFR","Low growth","Medium participation","Medium GDPpc","Medium savings","Low share","Low prevalence","High education",3,3,1,2,2,2,3,3,3,2.44444444444444,2.35,"High","High"
"91","Chile","CHL","Low MMR","Low AFR","Low growth","Medium participation","Low GDPpc","Medium savings","Low share","Low prevalence","Medium education",3,3,1,2,1,2,3,3,2,2.22222222222222,2.1,"Medium","Medium"
"92","Chile","CHL","Low MMR","Low AFR","Low growth","Medium participation","Low GDPpc","Medium savings","Low share","Low prevalence","Medium education",3,3,1,2,1,2,3,3,2,2.22222222222222,2.1,"Medium","Medium"
"93","China","CHN","Low MMR","Low AFR","Medium growth","High participation","Low GDPpc","High savings","Low share","Low prevalence","High education",3,3,2,3,1,3,3,3,3,2.66666666666667,2.55,"High","High"
"94","China","CHN","Low MMR","Low AFR","Medium growth","Medium participation","Low GDPpc","High savings","Low share","Low prevalence","High education",3,3,2,2,1,3,3,3,3,2.55555555555556,2.45,"High","High"
"95","Colombia","COL","Low MMR","Medium AFR","Low growth","Medium participation","Low GDPpc","Medium savings","Low share","Low prevalence","Medium education",3,2,1,2,1,2,3,3,2,2.11111111111111,2,"Medium","Medium"
"96","Colombia","COL","Low MMR","Medium AFR","Low growth","Medium participation","Low GDPpc","Medium savings","Low share","Low prevalence","Medium education",3,2,1,2,1,2,3,3,2,2.11111111111111,2,"Medium","Medium"
"97","Comoros","COM","Medium MMR","Medium AFR","Low growth","Low participation","Low GDPpc","Medium savings","High share","Low prevalence","Low education",2,2,1,1,1,2,1,3,1,1.55555555555556,1.5,"Low","Low"
"98","Comoros","COM","Medium MMR","Medium AFR","Low growth","Low participation","Low GDPpc","Medium savings","High share","Low prevalence","Low education",2,2,1,1,1,2,1,3,1,1.55555555555556,1.5,"Low","Low"
"99","Congo, Dem. Rep.","COD","Medium MMR","High AFR","Low growth","High participation","Low GDPpc","Medium savings","High share","Low prevalence","Low education",2,1,1,3,1,2,1,3,1,1.66666666666667,1.6,"Low","Low"
"100","Congo, Dem. Rep.","COD","Medium MMR","High AFR","Low growth","High participation","Low GDPpc","Medium savings","High share","Low prevalence","Low education",2,1,1,3,1,2,1,3,1,1.66666666666667,1.6,"Low","Low"
"101","Congo, Rep.","COG","Medium MMR","High AFR","Low growth","High participation","Low GDPpc","High savings","High share","High prevalence","Low education",2,1,1,3,1,3,1,1,1,1.55555555555556,1.6,"Low","Low"
"102","Congo, Rep.","COG","Medium MMR","High AFR","Low growth","High participation","Low GDPpc","High savings","High share","High prevalence","Low education",2,1,1,3,1,3,1,1,1,1.55555555555556,1.6,"Low","Low"
"103","Costa Rica","CRI","Low MMR","Medium AFR","Low growth","Medium participation","Low GDPpc","Medium savings","Low share","Low prevalence","Low education",3,2,1,2,1,2,3,3,1,2,1.9,"Low","Low"
"104","Costa Rica","CRI","Low MMR","Medium AFR","Low growth","Medium participation","Low GDPpc","Medium savings","Low share","Low prevalence","Low education",3,2,1,2,1,2,3,3,1,2,1.9,"Low","Low"
"105","Cote d'Ivoire","CIV","Medium MMR","High AFR","Low growth","Medium participation","Low GDPpc","Medium savings","High share","High prevalence","Low education",2,1,1,2,1,2,1,1,1,1.33333333333333,1.4,"Low","Low"
"106","Cote d'Ivoire","CIV","Medium MMR","High AFR","Low growth","Medium participation","Low GDPpc","Medium savings","High share","High prevalence","Low education",2,1,1,2,1,2,1,1,1,1.33333333333333,1.4,"Low","Low"
"107","Croatia","HRV","Low MMR","Low AFR","Low growth","Medium participation","Low GDPpc","Medium savings","Low share","Low prevalence","High education",3,3,1,2,1,2,3,3,3,2.33333333333333,2.2,"Medium","Medium"
"108","Croatia","HRV","Low MMR","Low AFR","Low growth","Medium participation","Low GDPpc","Medium savings","Low share","Low prevalence","High education",3,3,1,2,1,2,3,3,3,2.33333333333333,2.2,"Medium","Medium"
"109","Cuba","CUB","Low MMR","Medium AFR","Low growth","Medium participation","Low GDPpc","Medium savings","Low share","Low prevalence","Medium education",3,2,1,2,1,2,3,3,2,2.11111111111111,2,"Medium","Medium"
"110","Cuba","CUB","Low MMR","Medium AFR","Low growth","Medium participation","Low GDPpc","Medium savings","Low share","Low prevalence","Medium education",3,2,1,2,1,2,3,3,2,2.11111111111111,2,"Medium","Medium"
"111","Curacao","CUW","Low MMR","Low AFR","Low growth","Medium participation","Medium GDPpc","Medium savings","Low share","Low prevalence","Medium education",3,3,1,2,2,2,3,3,2,2.33333333333333,2.25,"Medium","Medium"
"112","Curacao","CUW","Low MMR","Low AFR","Low growth","Medium participation","Medium GDPpc","Medium savings","Low share","Low prevalence","Medium education",3,3,1,2,2,2,3,3,2,2.33333333333333,2.25,"Medium","Medium"
"113","Cyprus","CYP","Low MMR","Low AFR","Low growth","High participation","Medium GDPpc","Medium savings","Low share","Low prevalence","High education",3,3,1,3,2,2,3,3,3,2.55555555555556,2.45,"High","High"
"114","Cyprus","CYP","Low MMR","Low AFR","Low growth","Medium participation","Medium GDPpc","Medium savings","Low share","Low prevalence","High education",3,3,1,2,2,2,3,3,3,2.44444444444444,2.35,"High","High"
"115","Czechia","CZE","Low MMR","Low AFR","Low growth","High participation","Medium GDPpc","Medium savings","Low share","Low prevalence","High education",3,3,1,3,2,2,3,3,3,2.55555555555556,2.45,"High","High"
"116","Czechia","CZE","Low MMR","Low AFR","Low growth","Medium participation","Medium GDPpc","Medium savings","Low share","Low prevalence","High education",3,3,1,2,2,2,3,3,3,2.44444444444444,2.35,"High","High"
"117","Denmark","DNK","Low MMR","Low AFR","Low growth","High participation","Medium GDPpc","Medium savings","Low share","Low prevalence","High education",3,3,1,3,2,2,3,3,3,2.55555555555556,2.45,"High","High"
"118","Denmark","DNK","Low MMR","Low AFR","Low growth","Medium participation","Medium GDPpc","Medium savings","Low share","Low prevalence","High education",3,3,1,2,2,2,3,3,3,2.44444444444444,2.35,"High","High"
"119","Djibouti","DJI","Medium MMR","Low AFR","Low growth","Low participation","Low GDPpc","Medium savings","Medium share","Low prevalence","Low education",2,3,1,1,1,2,2,3,1,1.77777777777778,1.65,"Low","Low"
"120","Djibouti","DJI","Medium MMR","Low AFR","Low growth","Low participation","Low GDPpc","Medium savings","Medium share","Low prevalence","Low education",2,3,1,1,1,2,2,3,1,1.77777777777778,1.65,"Low","Low"
"121","Dominica","DMA","Low MMR","Low AFR","Low growth","Medium participation","Low GDPpc","Medium savings","Low share","Low prevalence","Medium education",3,3,1,2,1,2,3,3,2,2.22222222222222,2.1,"Medium","Medium"
"122","Dominica","DMA","Low MMR","Low AFR","Low growth","Medium participation","Low GDPpc","Medium savings","Low share","Low prevalence","Medium education",3,3,1,2,1,2,3,3,2,2.22222222222222,2.1,"Medium","Medium"
"123","Dominican Republic","DOM","Low MMR","Medium AFR","Medium growth","Medium participation","Low GDPpc","Medium savings","Medium share","Low prevalence","Low education",3,2,2,2,1,2,2,3,1,2,2,"Low","Medium"
"124","Dominican Republic","DOM","Low MMR","Medium AFR","Medium growth","Medium participation","Low GDPpc","Medium savings","Medium share","Low prevalence","Low education",3,2,2,2,1,2,2,3,1,2,2,"Low","Medium"
"125","Early-demographic dividend","EAR","Low MMR","Medium AFR","Low growth","Low participation","Low GDPpc","Medium savings","Medium share","Low prevalence","Low education",3,2,1,1,1,2,2,3,1,1.77777777777778,1.75,"Low","Low"
"126","Early-demographic dividend","EAR","Low MMR","Medium AFR","Low growth","Low participation","Low GDPpc","Medium savings","Medium share","Low prevalence","Low education",3,2,1,1,1,2,2,3,1,1.77777777777778,1.75,"Low","Low"
"127","East Asia & Pacific","EAS","Low MMR","Low AFR","Medium growth","High participation","Low GDPpc","High savings","Low share","Low prevalence","Medium education",3,3,2,3,1,3,3,3,2,2.55555555555556,2.45,"High","High"
"128","East Asia & Pacific","EAS","Low MMR","Low AFR","Medium growth","Medium participation","Low GDPpc","High savings","Low share","Low prevalence","Medium education",3,3,2,2,1,3,3,3,2,2.44444444444444,2.35,"High","High"
"129","East Asia & Pacific (IDA & IBRD countries)","TEA","Low MMR","Low AFR","Medium growth","Medium participation","Medium GDPpc","High savings","Low share","Low prevalence","Medium education",3,3,2,2,2,3,3,3,2,2.55555555555556,2.5,"High","High"
"130","East Asia & Pacific (IDA & IBRD countries)","TEA","Low MMR","Low AFR","Medium growth","Medium participation","Medium GDPpc","High savings","Low share","Low prevalence","Medium education",3,3,2,2,2,3,3,3,2,2.55555555555556,2.5,"High","High"
"131","East Asia & Pacific (IDA & IBRD)","TEA","Low MMR","Low AFR","Medium growth","High participation","Low GDPpc","Medium savings","Low share","Low prevalence","Medium education",3,3,2,3,1,2,3,3,2,2.44444444444444,2.35,"High","High"
"132","East Asia & Pacific (IDA & IBRD)","TEA","Low MMR","Low AFR","Medium growth","Medium participation","Low GDPpc","Medium savings","Low share","Low prevalence","Medium education",3,3,2,2,1,2,3,3,2,2.33333333333333,2.25,"Medium","Medium"
"133","East Asia & Pacific (excluding high income)","EAP","Low MMR","Low AFR","Medium growth","High participation","Low GDPpc","High savings","Low share","Low prevalence","Medium education",3,3,2,3,1,3,3,3,2,2.55555555555556,2.45,"High","High"
"134","East Asia & Pacific (excluding high income)","EAP","Low MMR","Low AFR","Medium growth","Medium participation","Low GDPpc","High savings","Low share","Low prevalence","Medium education",3,3,2,2,1,3,3,3,2,2.44444444444444,2.35,"High","High"
"135","Ecuador","ECU","Low MMR","Medium AFR","Low growth","Medium participation","Low GDPpc","Medium savings","Low share","Low prevalence","Low education",3,2,1,2,1,2,3,3,1,2,1.9,"Low","Low"
"136","Ecuador","ECU","Low MMR","Medium AFR","Low growth","Medium participation","Low GDPpc","Medium savings","Low share","Low prevalence","Low education",3,2,1,2,1,2,3,3,1,2,1.9,"Low","Low"
"137","Egypt, Arab Rep.","EGY","Low MMR","Medium AFR","Low growth","Low participation","Low GDPpc","Medium savings","Medium share","Low prevalence","Low education",3,2,1,1,1,2,2,3,1,1.77777777777778,1.75,"Low","Low"
"138","Egypt, Arab Rep.","EGY","Low MMR","Medium AFR","Low growth","Low participation","Low GDPpc","Medium savings","Medium share","Low prevalence","Low education",3,2,1,1,1,2,2,3,1,1.77777777777778,1.75,"Low","Low"
"139","El Salvador","SLV","Low MMR","Medium AFR","Low growth","Medium participation","Low GDPpc","Medium savings","Low share","Low prevalence","Low education",3,2,1,2,1,2,3,3,1,2,1.9,"Low","Low"
"140","El Salvador","SLV","Low MMR","Medium AFR","Low growth","Medium participation","Low GDPpc","Medium savings","Low share","Low prevalence","Low education",3,2,1,2,1,2,3,3,1,2,1.9,"Low","Low"
"141","Equatorial Guinea","GNQ","Medium MMR","High AFR","Medium growth","Medium participation","Low GDPpc","Medium savings","High share","High prevalence","Low education",2,1,2,2,1,2,1,1,1,1.44444444444444,1.55,"Low","Low"
"142","Equatorial Guinea","GNQ","Medium MMR","High AFR","Medium growth","Medium participation","Low GDPpc","Medium savings","High share","High prevalence","Low education",2,1,2,2,1,2,1,1,1,1.44444444444444,1.55,"Low","Low"
"143","Eritrea","ERI","Medium MMR","Medium AFR","Low growth","High participation","Low GDPpc","Medium savings","High share","Low prevalence","Low education",2,2,1,3,1,2,1,3,1,1.77777777777778,1.7,"Low","Low"
"144","Eritrea","ERI","Medium MMR","Medium AFR","Low growth","High participation","Low GDPpc","Medium savings","High share","Low prevalence","Low education",2,2,1,3,1,2,1,3,1,1.77777777777778,1.7,"Low","Low"
"145","Estonia","EST","Low MMR","Low AFR","Low growth","High participation","Medium GDPpc","Medium savings","Medium share","Low prevalence","High education",3,3,1,3,2,2,2,3,3,2.44444444444444,2.4,"High","High"
"146","Estonia","EST","Low MMR","Low AFR","Low growth","Medium participation","Medium GDPpc","Medium savings","Medium share","Low prevalence","High education",3,3,1,2,2,2,2,3,3,2.33333333333333,2.3,"Medium","High"
"147","Eswatini","SWZ","Medium MMR","Medium AFR","Low growth","Medium participation","Low GDPpc","Medium savings","High share","Medium prevalence","Low education",2,2,1,2,1,2,1,2,1,1.55555555555556,1.55,"Low","Low"
"148","Eswatini","SWZ","Medium MMR","Medium AFR","Low growth","Medium participation","Low GDPpc","Medium savings","High share","Medium prevalence","Low education",2,2,1,2,1,2,1,2,1,1.55555555555556,1.55,"Low","Low"
"149","Ethiopia","ETH","Medium MMR","High AFR","Medium growth","High participation","Low GDPpc","Medium savings","High share","Low prevalence","Low education",2,1,2,3,1,2,1,3,1,1.77777777777778,1.75,"Low","Low"
"150","Ethiopia","ETH","Medium MMR","High AFR","Medium growth","High participation","Low GDPpc","Medium savings","High share","Low prevalence","Low education",2,1,2,3,1,2,1,3,1,1.77777777777778,1.75,"Low","Low"
"151","Euro area","EMU","Low MMR","Low AFR","Low growth","High participation","Medium GDPpc","Medium savings","Low share","Low prevalence","High education",3,3,1,3,2,2,3,3,3,2.55555555555556,2.45,"High","High"
"152","Euro area","EMU","Low MMR","Low AFR","Low growth","Medium participation","Medium GDPpc","Medium savings","Low share","Low prevalence","High education",3,3,1,2,2,2,3,3,3,2.44444444444444,2.35,"High","High"
"153","Europe & Central Asia","ECS","Low MMR","Low AFR","Low growth","High participation","Medium GDPpc","Medium savings","Low share","Low prevalence","Medium education",3,3,1,3,2,2,3,3,2,2.44444444444444,2.35,"High","High"
"154","Europe & Central Asia","ECS","Low MMR","Low AFR","Low growth","Medium participation","Medium GDPpc","Medium savings","Low share","Low prevalence","Medium education",3,3,1,2,2,2,3,3,2,2.33333333333333,2.25,"Medium","Medium"
"155","Europe & Central Asia (IDA & IBRD countries)","TEC","Low MMR","Low AFR","Low growth","High participation","Medium GDPpc","Medium savings","Low share","Low prevalence","Medium education",3,3,1,3,2,2,3,3,2,2.44444444444444,2.35,"High","High"
"156","Europe & Central Asia (IDA & IBRD countries)","TEC","Low MMR","Low AFR","Low growth","Medium participation","Medium GDPpc","Medium savings","Low share","Low prevalence","Medium education",3,3,1,2,2,2,3,3,2,2.33333333333333,2.25,"Medium","Medium"
"157","Europe & Central Asia (IDA & IBRD)","TEC","Low MMR","Low AFR","Low growth","Medium participation","Low GDPpc","Medium savings","Low share","Low prevalence","Medium education",3,3,1,2,1,2,3,3,2,2.22222222222222,2.1,"Medium","Medium"
"158","Europe & Central Asia (IDA & IBRD)","TEC","Low MMR","Low AFR","Low growth","Medium participation","Low GDPpc","Medium savings","Low share","Low prevalence","Medium education",3,3,1,2,1,2,3,3,2,2.22222222222222,2.1,"Medium","Medium"
"159","Europe & Central Asia (excluding high income)","ECA","Low MMR","Low AFR","Low growth","Medium participation","Low GDPpc","Medium savings","Low share","Low prevalence","Medium education",3,3,1,2,1,2,3,3,2,2.22222222222222,2.1,"Medium","Medium"
"160","Europe & Central Asia (excluding high income)","ECA","Low MMR","Low AFR","Low growth","Medium participation","Low GDPpc","Medium savings","Low share","Low prevalence","Medium education",3,3,1,2,1,2,3,3,2,2.22222222222222,2.1,"Medium","Medium"
"161","European Union","EUU","Low MMR","Low AFR","Low growth","High participation","Medium GDPpc","Medium savings","Low share","Low prevalence","High education",3,3,1,3,2,2,3,3,3,2.55555555555556,2.45,"High","High"
"162","European Union","EUU","Low MMR","Low AFR","Low growth","Medium participation","Medium GDPpc","Medium savings","Low share","Low prevalence","High education",3,3,1,2,2,2,3,3,3,2.44444444444444,2.35,"High","High"
"163","Faroe Islands","FRO","Low MMR","Low AFR","Low growth","High participation","Medium GDPpc","Medium savings","Low share","Low prevalence","Medium education",3,3,1,3,2,2,3,3,2,2.44444444444444,2.35,"High","High"
"164","Faroe Islands","FRO","Low MMR","Low AFR","Low growth","Medium participation","Medium GDPpc","Medium savings","Low share","Low prevalence","Medium education",3,3,1,2,2,2,3,3,2,2.33333333333333,2.25,"Medium","Medium"
"165","Fiji","FJI","Low MMR","Low AFR","Low growth","Medium participation","Low GDPpc","Medium savings","Medium share","Low prevalence","Medium education",3,3,1,2,1,2,2,3,2,2.11111111111111,2.05,"Medium","Medium"
"166","Fiji","FJI","Low MMR","Low AFR","Low growth","Low participation","Low GDPpc","Medium savings","Medium share","Low prevalence","Medium education",3,3,1,1,1,2,2,3,2,2,1.95,"Low","Medium"
"167","Finland","FIN","Low MMR","Low AFR","Low growth","High participation","Medium GDPpc","Medium savings","Low share","Low prevalence","High education",3,3,1,3,2,2,3,3,3,2.55555555555556,2.45,"High","High"
"168","Finland","FIN","Low MMR","Low AFR","Low growth","Medium participation","Medium GDPpc","Medium savings","Low share","Low prevalence","High education",3,3,1,2,2,2,3,3,3,2.44444444444444,2.35,"High","High"
"169","Fragile and conflict affected situations","FCS","Medium MMR","High AFR","Low growth","Medium participation","Low GDPpc","Medium savings","High share","Low prevalence","Low education",2,1,1,2,1,2,1,3,1,1.55555555555556,1.5,"Low","Low"
"170","Fragile and conflict affected situations","FCS","Medium MMR","High AFR","Low growth","Medium participation","Low GDPpc","Medium savings","High share","Low prevalence","Low education",2,1,1,2,1,2,1,3,1,1.55555555555556,1.5,"Low","Low"
"171","France","FRA","Low MMR","Low AFR","Low growth","High participation","Medium GDPpc","Medium savings","Low share","Low prevalence","High education",3,3,1,3,2,2,3,3,3,2.55555555555556,2.45,"High","High"
"172","France","FRA","Low MMR","Low AFR","Low growth","Medium participation","Medium GDPpc","Medium savings","Low share","Low prevalence","High education",3,3,1,2,2,2,3,3,3,2.44444444444444,2.35,"High","High"
"173","French Polynesia","PYF","Low MMR","Low AFR","Low growth","Medium participation","Medium GDPpc","Medium savings","Low share","Low prevalence","Medium education",3,3,1,2,2,2,3,3,2,2.33333333333333,2.25,"Medium","Medium"
"174","French Polynesia","PYF","Low MMR","Low AFR","Low growth","Medium participation","Medium GDPpc","Medium savings","Low share","Low prevalence","Medium education",3,3,1,2,2,2,3,3,2,2.33333333333333,2.25,"Medium","Medium"
"175","Gabon","GAB","Low MMR","High AFR","Low growth","Medium participation","Low GDPpc","High savings","High share","High prevalence","Low education",3,1,1,2,1,3,1,1,1,1.55555555555556,1.7,"Low","Low"
"176","Gabon","GAB","Low MMR","High AFR","Low growth","Medium participation","Low GDPpc","High savings","High share","High prevalence","Low education",3,1,1,2,1,3,1,1,1,1.55555555555556,1.7,"Low","Low"
"177","Gambia, The","GMB","Medium MMR","Medium AFR","Low growth","Medium participation","Low GDPpc","Medium savings","High share","Low prevalence","Low education",2,2,1,2,1,2,1,3,1,1.66666666666667,1.6,"Low","Low"
"178","Gambia, The","GMB","Medium MMR","Medium AFR","Low growth","Medium participation","Low GDPpc","Medium savings","High share","Low prevalence","Low education",2,2,1,2,1,2,1,3,1,1.66666666666667,1.6,"Low","Low"
"179","Georgia","GEO","Low MMR","Low AFR","Medium growth","High participation","Low GDPpc","Medium savings","Low share","Low prevalence","High education",3,3,2,3,1,2,3,3,3,2.55555555555556,2.45,"High","High"
"180","Georgia","GEO","Low MMR","Low AFR","Medium growth","Medium participation","Low GDPpc","Medium savings","Low share","Low prevalence","High education",3,3,2,2,1,2,3,3,3,2.44444444444444,2.35,"High","High"
"181","Germany","DEU","Low MMR","Low AFR","Low growth","High participation","Medium GDPpc","Medium savings","Low share","Low prevalence","High education",3,3,1,3,2,2,3,3,3,2.55555555555556,2.45,"High","High"
"182","Germany","DEU","Low MMR","Low AFR","Low growth","Medium participation","Medium GDPpc","Medium savings","Low share","Low prevalence","High education",3,3,1,2,2,2,3,3,3,2.44444444444444,2.35,"High","High"
"183","Ghana","GHA","Medium MMR","Medium AFR","Medium growth","High participation","Low GDPpc","Medium savings","High share","Low prevalence","Low education",2,2,2,3,1,2,1,3,1,1.88888888888889,1.85,"Low","Low"
"184","Ghana","GHA","Medium MMR","Medium AFR","Medium growth","High participation","Low GDPpc","Medium savings","High share","Low prevalence","Low education",2,2,2,3,1,2,1,3,1,1.88888888888889,1.85,"Low","Low"
"185","Gibraltar","GIB","Low MMR","Low AFR","Low growth","Medium participation","Medium GDPpc","Medium savings","Low share","Low prevalence","Medium education",3,3,1,2,2,2,3,3,2,2.33333333333333,2.25,"Medium","Medium"
"186","Gibraltar","GIB","Low MMR","Low AFR","Low growth","Medium participation","Medium GDPpc","Medium savings","Low share","Low prevalence","Medium education",3,3,1,2,2,2,3,3,2,2.33333333333333,2.25,"Medium","Medium"
"187","Greece","GRC","Low MMR","Low AFR","Low growth","Medium participation","Medium GDPpc","Medium savings","Low share","Low prevalence","Medium education",3,3,1,2,2,2,3,3,2,2.33333333333333,2.25,"Medium","Medium"
"188","Greece","GRC","Low MMR","Low AFR","Low growth","Medium participation","Medium GDPpc","Medium savings","Low share","Low prevalence","Medium education",3,3,1,2,2,2,3,3,2,2.33333333333333,2.25,"Medium","Medium"
"189","Greenland","GRL","Low MMR","Medium AFR","Low growth","High participation","Medium GDPpc","Medium savings","Medium share","Low prevalence","Medium education",3,2,1,3,2,2,2,3,2,2.22222222222222,2.2,"Medium","Medium"
"190","Greenland","GRL","Low MMR","Medium AFR","Low growth","High participation","Medium GDPpc","Medium savings","Medium share","Low prevalence","Medium education",3,2,1,3,2,2,2,3,2,2.22222222222222,2.2,"Medium","Medium"
"191","Grenada","GRD","Low MMR","Low AFR","Low growth","Medium participation","Low GDPpc","Medium savings","Low share","Low prevalence","Medium education",3,3,1,2,1,2,3,3,2,2.22222222222222,2.1,"Medium","Medium"
"192","Grenada","GRD","Low MMR","Low AFR","Low growth","Medium participation","Low GDPpc","Medium savings","Low share","Low prevalence","Medium education",3,3,1,2,1,2,3,3,2,2.22222222222222,2.1,"Medium","Medium"
"193","Guam","GUM","Low MMR","Medium AFR","Low growth","High participation","Medium GDPpc","Medium savings","Low share","Low prevalence","Medium education",3,2,1,3,2,2,3,3,2,2.33333333333333,2.25,"Medium","Medium"
"194","Guam","GUM","Low MMR","Medium AFR","Low growth","Medium participation","Medium GDPpc","Medium savings","Low share","Low prevalence","Medium education",3,2,1,2,2,2,3,3,2,2.22222222222222,2.15,"Medium","Medium"
"195","Guatemala","GTM","Low MMR","Medium AFR","Low growth","Medium participation","Low GDPpc","Medium savings","Medium share","Low prevalence","Low education",3,2,1,2,1,2,2,3,1,1.88888888888889,1.85,"Low","Low"
"196","Guatemala","GTM","Low MMR","Medium AFR","Low growth","Medium participation","Low GDPpc","Medium savings","Medium share","Low prevalence","Low education",3,2,1,2,1,2,2,3,1,1.88888888888889,1.85,"Low","Low"
"197","Guinea","GIN","High MMR","High AFR","Low growth","Medium participation","Low GDPpc","Medium savings","High share","Low prevalence","Low education",1,1,1,2,1,2,1,3,1,1.44444444444444,1.3,"Low","Low"
"198","Guinea","GIN","High MMR","High AFR","Low growth","Medium participation","Low GDPpc","Medium savings","High share","Low prevalence","Low education",1,1,1,2,1,2,1,3,1,1.44444444444444,1.3,"Low","Low"
"199","Guinea-Bissau","GNB","High MMR","High AFR","Low growth","Medium participation","Low GDPpc","Medium savings","High share","High prevalence","Low education",1,1,1,2,1,2,1,1,1,1.22222222222222,1.2,"Low","Low"
"200","Guinea-Bissau","GNB","High MMR","High AFR","Low growth","Medium participation","Low GDPpc","Medium savings","High share","High prevalence","Low education",1,1,1,2,1,2,1,1,1,1.22222222222222,1.2,"Low","Low"
"201","Guyana","GUY","Low MMR","Medium AFR","Medium growth","Medium participation","Low GDPpc","High savings","High share","Low prevalence","Low education",3,2,2,2,1,3,1,3,1,2,2.05,"Low","Medium"
"202","Guyana","GUY","Low MMR","Medium AFR","Medium growth","Medium participation","Low GDPpc","High savings","High share","Low prevalence","Low education",3,2,2,2,1,3,1,3,1,2,2.05,"Low","Medium"
"203","Haiti","HTI","Medium MMR","Medium AFR","Low growth","High participation","Low GDPpc","Medium savings","High share","Low prevalence","Low education",2,2,1,3,1,2,1,3,1,1.77777777777778,1.7,"Low","Low"
"204","Haiti","HTI","Medium MMR","Medium AFR","Low growth","Medium participation","Low GDPpc","Medium savings","High share","Low prevalence","Low education",2,2,1,2,1,2,1,3,1,1.66666666666667,1.6,"Low","Low"
"205","Heavily indebted poor countries (HIPC)","HPC","Medium MMR","High AFR","Medium growth","High participation","Low GDPpc","Medium savings","High share","Low prevalence","Low education",2,1,2,3,1,2,1,3,1,1.77777777777778,1.75,"Low","Low"
"206","Heavily indebted poor countries (HIPC)","HPC","Medium MMR","High AFR","Medium growth","Medium participation","Low GDPpc","Medium savings","High share","Low prevalence","Low education",2,1,2,2,1,2,1,3,1,1.66666666666667,1.65,"Low","Low"
"207","High income","HIC","Low MMR","Low AFR","Low growth","High participation","Medium GDPpc","Medium savings","Low share","Low prevalence","High education",3,3,1,3,2,2,3,3,3,2.55555555555556,2.45,"High","High"
"208","High income","HIC","Low MMR","Low AFR","Low growth","Medium participation","Medium GDPpc","Medium savings","Low share","Low prevalence","High education",3,3,1,2,2,2,3,3,3,2.44444444444444,2.35,"High","High"
"209","Honduras","HND","Low MMR","High AFR","Low growth","Medium participation","Low GDPpc","Medium savings","Medium share","Low prevalence","Low education",3,1,1,2,1,2,2,3,1,1.77777777777778,1.75,"Low","Low"
"210","Honduras","HND","Low MMR","High AFR","Low growth","Medium participation","Low GDPpc","Medium savings","Medium share","Low prevalence","Low education",3,1,1,2,1,2,2,3,1,1.77777777777778,1.75,"Low","Low"
"211","Hong Kong SAR, China","HKG","Low MMR","Low AFR","Low growth","High participation","Medium GDPpc","High savings","Low share","Low prevalence","High education",3,3,1,3,2,3,3,3,3,2.66666666666667,2.55,"High","High"
"212","Hong Kong SAR, China","HKG","Low MMR","Low AFR","Low growth","Medium participation","Medium GDPpc","High savings","Low share","Low prevalence","High education",3,3,1,2,2,3,3,3,3,2.55555555555556,2.45,"High","High"
"213","Hungary","HUN","Low MMR","Low AFR","Low growth","High participation","Low GDPpc","Medium savings","Low share","Low prevalence","High education",3,3,1,3,1,2,3,3,3,2.44444444444444,2.3,"High","High"
"214","Hungary","HUN","Low MMR","Low AFR","Low growth","Medium participation","Low GDPpc","Medium savings","Low share","Low prevalence","High education",3,3,1,2,1,2,3,3,3,2.33333333333333,2.2,"Medium","Medium"
"215","IBRD only","IBD","Low MMR","Low AFR","Medium growth","Medium participation","Low GDPpc","High savings","Low share","Low prevalence","Medium education",3,3,2,2,1,3,3,3,2,2.44444444444444,2.35,"High","High"
"216","IBRD only","IBD","Low MMR","Low AFR","Medium growth","Medium participation","Low GDPpc","High savings","Low share","Low prevalence","Medium education",3,3,2,2,1,3,3,3,2,2.44444444444444,2.35,"High","High"
"217","IDA & IBRD total","IBT","Medium MMR","Medium AFR","Medium growth","Medium participation","Low GDPpc","High savings","Medium share","Low prevalence","Low education",2,2,2,2,1,3,2,3,1,2,1.9,"Low","Medium"
"218","IDA & IBRD total","IBT","Medium MMR","Medium AFR","Medium growth","Medium participation","Low GDPpc","High savings","Medium share","Low prevalence","Low education",2,2,2,2,1,3,2,3,1,2,1.9,"Low","Medium"
"219","IDA blend","IDB","Medium MMR","Medium AFR","Low growth","Medium participation","Low GDPpc","Medium savings","High share","High prevalence","Low education",2,2,1,2,1,2,1,1,1,1.44444444444444,1.5,"Low","Low"
"220","IDA blend","IDB","Medium MMR","Medium AFR","Low growth","Medium participation","Low GDPpc","Medium savings","High share","High prevalence","Low education",2,2,1,2,1,2,1,1,1,1.44444444444444,1.5,"Low","Low"
"221","IDA only","IDX","Medium MMR","High AFR","Medium growth","Medium participation","Low GDPpc","Medium savings","High share","Low prevalence","Low education",2,1,2,2,1,2,1,3,1,1.66666666666667,1.65,"Low","Low"
"222","IDA only","IDX","Medium MMR","High AFR","Medium growth","Medium participation","Low GDPpc","Medium savings","High share","Low prevalence","Low education",2,1,2,2,1,2,1,3,1,1.66666666666667,1.65,"Low","Low"
"223","IDA total","IDA","Medium MMR","High AFR","Low growth","Medium participation","Low GDPpc","Medium savings","High share","Low prevalence","Low education",2,1,1,2,1,2,1,3,1,1.55555555555556,1.5,"Low","Low"
"224","IDA total","IDA","Medium MMR","High AFR","Low growth","Medium participation","Low GDPpc","Medium savings","High share","Low prevalence","Low education",2,1,1,2,1,2,1,3,1,1.55555555555556,1.5,"Low","Low"
"225","Iceland","ISL","Low MMR","Low AFR","Low growth","High participation","Medium GDPpc","Medium savings","Low share","Low prevalence","High education",3,3,1,3,2,2,3,3,3,2.55555555555556,2.45,"High","High"
"226","Iceland","ISL","Low MMR","Low AFR","Low growth","High participation","Medium GDPpc","Medium savings","Low share","Low prevalence","High education",3,3,1,3,2,2,3,3,3,2.55555555555556,2.45,"High","High"
"227","India","IND","Low MMR","Medium AFR","Medium growth","Low participation","Low GDPpc","High savings","Medium share","Low prevalence","Low education",3,2,2,1,1,3,2,3,1,2,2,"Low","Medium"
"228","India","IND","Low MMR","Medium AFR","Medium growth","Low participation","Low GDPpc","High savings","Medium share","Low prevalence","Low education",3,2,2,1,1,3,2,3,1,2,2,"Low","Medium"
"229","Indonesia","IDN","Low MMR","Low AFR","Medium growth","Medium participation","Low GDPpc","High savings","Low share","Low prevalence","Low education",3,3,2,2,1,3,3,3,1,2.33333333333333,2.25,"Medium","Medium"
"230","Indonesia","IDN","Low MMR","Low AFR","Medium growth","Medium participation","Low GDPpc","High savings","Low share","Low prevalence","Low education",3,3,2,2,1,3,3,3,1,2.33333333333333,2.25,"Medium","Medium"
"231","Iran, Islamic Rep.","IRN","Low MMR","Low AFR","Low growth","Low participation","Low GDPpc","Medium savings","Low share","Low prevalence","Medium education",3,3,1,1,1,2,3,3,2,2.11111111111111,2,"Medium","Medium"
"232","Iran, Islamic Rep.","IRN","Low MMR","Low AFR","Low growth","Low participation","Low GDPpc","Medium savings","Low share","Low prevalence","Medium education",3,3,1,1,1,2,3,3,2,2.11111111111111,2,"Medium","Medium"
"233","Iraq","IRQ","Low MMR","Medium AFR","Medium growth","Low participation","Low GDPpc","High savings","Medium share","Low prevalence","Low education",3,2,2,1,1,3,2,3,1,2,2,"Low","Medium"
"234","Iraq","IRQ","Low MMR","Medium AFR","Medium growth","Low participation","Low GDPpc","High savings","Medium share","Low prevalence","Low education",3,2,2,1,1,3,2,3,1,2,2,"Low","Medium"
"235","Ireland","IRL","Low MMR","Low AFR","Low growth","High participation","Medium GDPpc","Medium savings","Low share","Low prevalence","High education",3,3,1,3,2,2,3,3,3,2.55555555555556,2.45,"High","High"
"236","Ireland","IRL","Low MMR","Low AFR","Low growth","Medium participation","Medium GDPpc","Medium savings","Low share","Low prevalence","High education",3,3,1,2,2,2,3,3,3,2.44444444444444,2.35,"High","High"
"237","Isle of Man","IMN","Low MMR","Low AFR","Low growth","High participation","Medium GDPpc","High savings","Low share","Low prevalence","High education",3,3,1,3,2,3,3,3,3,2.66666666666667,2.55,"High","High"
"238","Isle of Man","IMN","Low MMR","Low AFR","Low growth","Medium participation","Medium GDPpc","High savings","Low share","Low prevalence","High education",3,3,1,2,2,3,3,3,3,2.55555555555556,2.45,"High","High"
"239","Israel","ISR","Low MMR","Low AFR","Low growth","High participation","Medium GDPpc","Medium savings","Low share","Low prevalence","High education",3,3,1,3,2,2,3,3,3,2.55555555555556,2.45,"High","High"
"240","Israel","ISR","Low MMR","Low AFR","Low growth","Medium participation","Medium GDPpc","Medium savings","Low share","Low prevalence","High education",3,3,1,2,2,2,3,3,3,2.44444444444444,2.35,"High","High"
"241","Italy","ITA","Low MMR","Low AFR","Low growth","Medium participation","Medium GDPpc","Medium savings","Low share","Low prevalence","Medium education",3,3,1,2,2,2,3,3,2,2.33333333333333,2.25,"Medium","Medium"
"242","Italy","ITA","Low MMR","Low AFR","Low growth","Low participation","Medium GDPpc","Medium savings","Low share","Low prevalence","Medium education",3,3,1,1,2,2,3,3,2,2.22222222222222,2.15,"Medium","Medium"
"243","Jamaica","JAM","Low MMR","Medium AFR","Low growth","High participation","Low GDPpc","Medium savings","Medium share","Low prevalence","Medium education",3,2,1,3,1,2,2,3,2,2.11111111111111,2.05,"Medium","Medium"
"244","Jamaica","JAM","Low MMR","Medium AFR","Low growth","Medium participation","Low GDPpc","Medium savings","Medium share","Low prevalence","Medium education",3,2,1,2,1,2,2,3,2,2,1.95,"Low","Medium"
"245","Japan","JPN","Low MMR","Low AFR","Low growth","High participation","Medium GDPpc","High savings","Low share","Low prevalence","High education",3,3,1,3,2,3,3,3,3,2.66666666666667,2.55,"High","High"
"246","Japan","JPN","Low MMR","Low AFR","Low growth","Medium participation","Medium GDPpc","High savings","Low share","Low prevalence","High education",3,3,1,2,2,3,3,3,3,2.55555555555556,2.45,"High","High"
"247","Jordan","JOR","Low MMR","Low AFR","Low growth","Low participation","Low GDPpc","Medium savings","Low share","Low prevalence","Low education",3,3,1,1,1,2,3,3,1,2,1.9,"Low","Low"
"248","Jordan","JOR","Low MMR","Low AFR","Low growth","Low participation","Low GDPpc","Medium savings","Low share","Low prevalence","Low education",3,3,1,1,1,2,3,3,1,2,1.9,"Low","Low"
"249","Kazakhstan","KAZ","Low MMR","Low AFR","Medium growth","High participation","Low GDPpc","Medium savings","Low share","Low prevalence","High education",3,3,2,3,1,2,3,3,3,2.55555555555556,2.45,"High","High"
"250","Kazakhstan","KAZ","Low MMR","Low AFR","Medium growth","High participation","Low GDPpc","Medium savings","Low share","Low prevalence","High education",3,3,2,3,1,2,3,3,3,2.55555555555556,2.45,"High","High"
"251","Kenya","KEN","Low MMR","High AFR","Medium growth","High participation","Low GDPpc","Medium savings","High share","High prevalence","Low education",3,1,2,3,1,2,1,1,1,1.66666666666667,1.85,"Low","Low"
"252","Kenya","KEN","Low MMR","High AFR","Medium growth","High participation","Low GDPpc","Medium savings","High share","High prevalence","Low education",3,1,2,3,1,2,1,1,1,1.66666666666667,1.85,"Low","Low"
"253","Kiribati","KIR","Low MMR","Medium AFR","Low growth","Medium participation","Low GDPpc","High savings","Low share","Low prevalence","Medium education",3,2,1,2,1,3,3,3,2,2.22222222222222,2.1,"Medium","Medium"
"254","Kiribati","KIR","Low MMR","Medium AFR","Low growth","Medium participation","Low GDPpc","High savings","Low share","Low prevalence","Medium education",3,2,1,2,1,3,3,3,2,2.22222222222222,2.1,"Medium","Medium"
"255","Korea, Dem. People's Rep.","PRK","Low MMR","Low AFR","Low growth","High participation","Medium GDPpc","High savings","Medium share","Low prevalence","High education",3,3,1,3,2,3,2,3,3,2.55555555555556,2.5,"High","High"
"256","Korea, Dem. People's Rep.","PRK","Low MMR","Low AFR","Low growth","High participation","Medium GDPpc","High savings","Medium share","Low prevalence","High education",3,3,1,3,2,3,2,3,3,2.55555555555556,2.5,"High","High"
"257","Korea, Rep.","KOR","Low MMR","Low AFR","Low growth","Medium participation","Medium GDPpc","High savings","Low share","Low prevalence","High education",3,3,1,2,2,3,3,3,3,2.55555555555556,2.45,"High","High"
"258","Korea, Rep.","KOR","Low MMR","Low AFR","Low growth","Medium participation","Medium GDPpc","High savings","Low share","Low prevalence","High education",3,3,1,2,2,3,3,3,3,2.55555555555556,2.45,"High","High"
"259","Kosovo","XKX","Low MMR","Low AFR","Low growth","Low participation","Low GDPpc","Medium savings","Low share","Low prevalence","Medium education",3,3,1,1,1,2,3,3,2,2.11111111111111,2,"Medium","Medium"
"260","Kosovo","XKX","Low MMR","Low AFR","Low growth","Low participation","Low GDPpc","Medium savings","Low share","Low prevalence","Medium education",3,3,1,1,1,2,3,3,2,2.11111111111111,2,"Medium","Medium"
"261","Kuwait","KWT","Low MMR","Low AFR","Low growth","Medium participation","Medium GDPpc","High savings","Low share","Low prevalence","Medium education",3,3,1,2,2,3,3,3,2,2.44444444444444,2.35,"High","High"
"262","Kuwait","KWT","Low MMR","Low AFR","Low growth","Medium participation","Medium GDPpc","High savings","Low share","Low prevalence","Medium education",3,3,1,2,2,3,3,3,2,2.44444444444444,2.35,"High","High"
"263","Kyrgyz Republic","KGZ","Low MMR","Low AFR","Low growth","High participation","Low GDPpc","Medium savings","Low share","Low prevalence","Medium education",3,3,1,3,1,2,3,3,2,2.33333333333333,2.2,"Medium","Medium"
"264","Kyrgyz Republic","KGZ","Low MMR","Low AFR","Low growth","Medium participation","Low GDPpc","Medium savings","Low share","Low prevalence","Medium education",3,3,1,2,1,2,3,3,2,2.22222222222222,2.1,"Medium","Medium"
"265","Lao PDR","LAO","Medium MMR","Medium AFR","Medium growth","High participation","Low GDPpc","Medium savings","Medium share","Low prevalence","Low education",2,2,2,3,1,2,2,3,1,2,1.9,"Low","Medium"
"266","Lao PDR","LAO","Medium MMR","Medium AFR","Medium growth","Medium participation","Low GDPpc","Medium savings","Medium share","Low prevalence","Low education",2,2,2,2,1,2,2,3,1,1.88888888888889,1.8,"Low","Low"
"267","Late-demographic dividend","LTE","Low MMR","Low AFR","Medium growth","High participation","Low GDPpc","High savings","Low share","Low prevalence","Medium education",3,3,2,3,1,3,3,3,2,2.55555555555556,2.45,"High","High"
"268","Late-demographic dividend","LTE","Low MMR","Low AFR","Medium growth","Medium participation","Low GDPpc","High savings","Low share","Low prevalence","Medium education",3,3,2,2,1,3,3,3,2,2.44444444444444,2.35,"High","High"
"269","Latin America & Caribbean","LCN","Low MMR","Medium AFR","Low growth","Medium participation","Low GDPpc","Medium savings","Low share","Low prevalence","Medium education",3,2,1,2,1,2,3,3,2,2.11111111111111,2,"Medium","Medium"
"270","Latin America & Caribbean","LCN","Low MMR","Medium AFR","Low growth","Medium participation","Low GDPpc","Medium savings","Low share","Low prevalence","Medium education",3,2,1,2,1,2,3,3,2,2.11111111111111,2,"Medium","Medium"
"271","Latin America & Caribbean (IDA & IBRD)","TLA","Low MMR","Low AFR","Low growth","Medium participation","Low GDPpc","Medium savings","Low share","Low prevalence","Medium education",3,3,1,2,1,2,3,3,2,2.22222222222222,2.1,"Medium","Medium"
"272","Latin America & Caribbean (IDA & IBRD)","TLA","Low MMR","Low AFR","Low growth","Medium participation","Low GDPpc","Medium savings","Low share","Low prevalence","Medium education",3,3,1,2,1,2,3,3,2,2.22222222222222,2.1,"Medium","Medium"
"273","Latin America & Caribbean (excluding high income)","LAC","Low MMR","Medium AFR","Low growth","Medium participation","Low GDPpc","Medium savings","Medium share","Low prevalence","Low education",3,2,1,2,1,2,2,3,1,1.88888888888889,1.85,"Low","Low"
"274","Latin America & Caribbean (excluding high income)","LAC","Low MMR","Medium AFR","Low growth","Medium participation","Low GDPpc","Medium savings","Medium share","Low prevalence","Low education",3,2,1,2,1,2,2,3,1,1.88888888888889,1.85,"Low","Low"
"275","Latin America & the Caribbean (IDA & IBRD countries)","TLA","Low MMR","Medium AFR","Low growth","Medium participation","Low GDPpc","Medium savings","Medium share","Low prevalence","Low education",3,2,1,2,1,2,2,3,1,1.88888888888889,1.85,"Low","Low"
"276","Latin America & the Caribbean (IDA & IBRD countries)","TLA","Low MMR","Medium AFR","Low growth","Medium participation","Low GDPpc","Medium savings","Medium share","Low prevalence","Low education",3,2,1,2,1,2,2,3,1,1.88888888888889,1.85,"Low","Low"
"277","Latvia","LVA","Low MMR","Low AFR","Low growth","High participation","Low GDPpc","Medium savings","Low share","Low prevalence","High education",3,3,1,3,1,2,3,3,3,2.44444444444444,2.3,"High","High"
"278","Latvia","LVA","Low MMR","Low AFR","Low growth","Medium participation","Low GDPpc","Medium savings","Low share","Low prevalence","High education",3,3,1,2,1,2,3,3,3,2.33333333333333,2.2,"Medium","Medium"
"279","Least developed countries: UN classification","LDC","Medium MMR","High AFR","Medium growth","Medium participation","Low GDPpc","Medium savings","High share","Low prevalence","Low education",2,1,2,2,1,2,1,3,1,1.66666666666667,1.65,"Low","Low"
"280","Least developed countries: UN classification","LDC","Medium MMR","High AFR","Medium growth","Medium participation","Low GDPpc","Medium savings","High share","Low prevalence","Low education",2,1,2,2,1,2,1,3,1,1.66666666666667,1.65,"Low","Low"
"281","Lebanon","LBN","Low MMR","Low AFR","Low growth","Low participation","Low GDPpc","Medium savings","Low share","Low prevalence","Medium education",3,3,1,1,1,2,3,3,2,2.11111111111111,2,"Medium","Medium"
"282","Lebanon","LBN","Low MMR","Low AFR","Low growth","Low participation","Low GDPpc","Medium savings","Low share","Low prevalence","Medium education",3,3,1,1,1,2,3,3,2,2.11111111111111,2,"Medium","Medium"
"283","Lesotho","LSO","High MMR","Medium AFR","Low growth","High participation","Low GDPpc","Medium savings","High share","Medium prevalence","Low education",1,2,1,3,1,2,1,2,1,1.55555555555556,1.45,"Low","Low"
"284","Lesotho","LSO","High MMR","Medium AFR","Low growth","Medium participation","Low GDPpc","Medium savings","High share","Medium prevalence","Low education",1,2,1,2,1,2,1,2,1,1.44444444444444,1.35,"Low","Low"
"285","Liberia","LBR","High MMR","High AFR","Medium growth","High participation","Low GDPpc","Medium savings","High share","Low prevalence","Low education",1,1,2,3,1,2,1,3,1,1.66666666666667,1.55,"Low","Low"
"286","Liberia","LBR","High MMR","High AFR","Medium growth","High participation","Low GDPpc","Medium savings","High share","Low prevalence","Low education",1,1,2,3,1,2,1,3,1,1.66666666666667,1.55,"Low","Low"
"287","Libya","LBY","Low MMR","Low AFR","High growth","Low participation","Low GDPpc","High savings","Low share","Low prevalence","Medium education",3,3,3,1,1,3,3,3,2,2.44444444444444,2.4,"High","High"
"288","Libya","LBY","Low MMR","Low AFR","High growth","Low participation","Low GDPpc","High savings","Low share","Low prevalence","Medium education",3,3,3,1,1,3,3,3,2,2.44444444444444,2.4,"High","High"
"289","Liechtenstein","LIE","Low MMR","Low AFR","Low growth","High participation","Medium GDPpc","Medium savings","Low share","Low prevalence","High education",3,3,1,3,2,2,3,3,3,2.55555555555556,2.45,"High","High"
"290","Liechtenstein","LIE","Low MMR","Low AFR","Low growth","Medium participation","Medium GDPpc","Medium savings","Low share","Low prevalence","High education",3,3,1,2,2,2,3,3,3,2.44444444444444,2.35,"High","High"
"291","Lithuania","LTU","Low MMR","Low AFR","Low growth","High participation","Low GDPpc","Medium savings","Low share","Low prevalence","High education",3,3,1,3,1,2,3,3,3,2.44444444444444,2.3,"High","High"
"292","Lithuania","LTU","Low MMR","Low AFR","Low growth","Medium participation","Low GDPpc","Medium savings","Low share","Low prevalence","High education",3,3,1,2,1,2,3,3,3,2.33333333333333,2.2,"Medium","Medium"
"293","Low & middle income","LMY","Medium MMR","Medium AFR","Medium growth","Medium participation","Low GDPpc","High savings","Medium share","Low prevalence","Low education",2,2,2,2,1,3,2,3,1,2,1.9,"Low","Medium"
"294","Low & middle income","LMY","Medium MMR","Medium AFR","Medium growth","Medium participation","Low GDPpc","High savings","Medium share","Low prevalence","Low education",2,2,2,2,1,3,2,3,1,2,1.9,"Low","Medium"
"295","Low income","LIC","Medium MMR","High AFR","Low growth","Medium participation","Low GDPpc","Medium savings","High share","Low prevalence","Low education",2,1,1,2,1,2,1,3,1,1.55555555555556,1.5,"Low","Low"
"296","Low income","LIC","Medium MMR","High AFR","Low growth","Medium participation","Low GDPpc","Medium savings","High share","Low prevalence","Low education",2,1,1,2,1,2,1,3,1,1.55555555555556,1.5,"Low","Low"
"297","Lower middle income","LMC","Medium MMR","Medium AFR","Medium growth","Medium participation","Low GDPpc","Medium savings","Medium share","Low prevalence","Low education",2,2,2,2,1,2,2,3,1,1.88888888888889,1.8,"Low","Low"
"298","Lower middle income","LMC","Medium MMR","Medium AFR","Medium growth","Low participation","Low GDPpc","Medium savings","Medium share","Low prevalence","Low education",2,2,2,1,1,2,2,3,1,1.77777777777778,1.7,"Low","Low"
"299","Luxembourg","LUX","Low MMR","Low AFR","Low growth","High participation","High GDPpc","Medium savings","Low share","Low prevalence","High education",3,3,1,3,3,2,3,3,3,2.66666666666667,2.6,"High","High"
"300","Luxembourg","LUX","Low MMR","Low AFR","Low growth","Medium participation","High GDPpc","Medium savings","Low share","Low prevalence","High education",3,3,1,2,3,2,3,3,3,2.55555555555556,2.5,"High","High"
"301","Macao SAR, China","MAC","Low MMR","Low AFR","Medium growth","High participation","Medium GDPpc","High savings","Low share","Low prevalence","High education",3,3,2,3,2,3,3,3,3,2.77777777777778,2.7,"High","High"
"302","Macao SAR, China","MAC","Low MMR","Low AFR","Medium growth","High participation","Medium GDPpc","High savings","Low share","Low prevalence","High education",3,3,2,3,2,3,3,3,3,2.77777777777778,2.7,"High","High"
"303","Madagascar","MDG","Medium MMR","High AFR","Low growth","High participation","Low GDPpc","Medium savings","High share","Low prevalence","Low education",2,1,1,3,1,2,1,3,1,1.66666666666667,1.6,"Low","Low"
"304","Madagascar","MDG","Medium MMR","High AFR","Low growth","High participation","Low GDPpc","Medium savings","High share","Low prevalence","Low education",2,1,1,3,1,2,1,3,1,1.66666666666667,1.6,"Low","Low"
"305","Malawi","MWI","Medium MMR","High AFR","Low growth","High participation","Low GDPpc","Medium savings","High share","Medium prevalence","Low education",2,1,1,3,1,2,1,2,1,1.55555555555556,1.55,"Low","Low"
"306","Malawi","MWI","Medium MMR","High AFR","Low growth","High participation","Low GDPpc","Medium savings","High share","Medium prevalence","Low education",2,1,1,3,1,2,1,2,1,1.55555555555556,1.55,"Low","Low"
"307","Malaysia","MYS","Low MMR","Low AFR","Medium growth","Medium participation","Low GDPpc","High savings","Low share","Low prevalence","Medium education",3,3,2,2,1,3,3,3,2,2.44444444444444,2.35,"High","High"
"308","Malaysia","MYS","Low MMR","Low AFR","Medium growth","Medium participation","Low GDPpc","High savings","Low share","Low prevalence","Medium education",3,3,2,2,1,3,3,3,2,2.44444444444444,2.35,"High","High"
"309","Maldives","MDV","Low MMR","Low AFR","Low growth","Low participation","Low GDPpc","Medium savings","Low share","Low prevalence","Medium education",3,3,1,1,1,2,3,3,2,2.11111111111111,2,"Medium","Medium"
"310","Maldives","MDV","Low MMR","Low AFR","Low growth","Low participation","Low GDPpc","Medium savings","Low share","Low prevalence","Medium education",3,3,1,1,1,2,3,3,2,2.11111111111111,2,"Medium","Medium"
"311","Mali","MLI","Medium MMR","High AFR","Low growth","High participation","Low GDPpc","Medium savings","High share","Low prevalence","Low education",2,1,1,3,1,2,1,3,1,1.66666666666667,1.6,"Low","Low"
"312","Mali","MLI","Medium MMR","High AFR","Low growth","High participation","Low GDPpc","Medium savings","High share","Low prevalence","Low education",2,1,1,3,1,2,1,3,1,1.66666666666667,1.6,"Low","Low"
"313","Malta","MLT","Low MMR","Low AFR","Low growth","Medium participation","Medium GDPpc","Medium savings","Low share","Low prevalence","Medium education",3,3,1,2,2,2,3,3,2,2.33333333333333,2.25,"Medium","Medium"
"314","Malta","MLT","Low MMR","Low AFR","Low growth","Medium participation","Medium GDPpc","Medium savings","Low share","Low prevalence","Medium education",3,3,1,2,2,2,3,3,2,2.33333333333333,2.25,"Medium","Medium"
"315","Marshall Islands","MHL","Low MMR","Medium AFR","Low growth","Medium participation","Low GDPpc","Medium savings","Medium share","Low prevalence","Low education",3,2,1,2,1,2,2,3,1,1.88888888888889,1.85,"Low","Low"
"316","Marshall Islands","MHL","Low MMR","Medium AFR","Low growth","Medium participation","Low GDPpc","Medium savings","Medium share","Low prevalence","Low education",3,2,1,2,1,2,2,3,1,1.88888888888889,1.85,"Low","Low"
"317","Mauritania","MRT","Medium MMR","High AFR","Low growth","Low participation","Low GDPpc","High savings","Medium share","Low prevalence","Low education",2,1,1,1,1,3,2,3,1,1.66666666666667,1.55,"Low","Low"
"318","Mauritania","MRT","Medium MMR","High AFR","Low growth","Low participation","Low GDPpc","High savings","Medium share","Low prevalence","Low education",2,1,1,1,1,3,2,3,1,1.66666666666667,1.55,"Low","Low"
"319","Mauritius","MUS","Low MMR","Low AFR","Low growth","Medium participation","Low GDPpc","Medium savings","Medium share","Low prevalence","Medium education",3,3,1,2,1,2,2,3,2,2.11111111111111,2.05,"Medium","Medium"
"320","Mauritius","MUS","Low MMR","Low AFR","Low growth","Medium participation","Low GDPpc","Medium savings","Medium share","Low prevalence","Medium education",3,3,1,2,1,2,2,3,2,2.11111111111111,2.05,"Medium","Medium"
"321","Mexico","MEX","Low MMR","Medium AFR","Low growth","Medium participation","Low GDPpc","Medium savings","Low share","Low prevalence","Low education",3,2,1,2,1,2,3,3,1,2,1.9,"Low","Low"
"322","Mexico","MEX","Low MMR","Medium AFR","Low growth","Medium participation","Low GDPpc","Medium savings","Low share","Low prevalence","Low education",3,2,1,2,1,2,3,3,1,2,1.9,"Low","Low"
"323","Micronesia, Fed. Sts.","FSM","Low MMR","Medium AFR","Low growth","Medium participation","Low GDPpc","Medium savings","Medium share","Low prevalence","Medium education",3,2,1,2,1,2,2,3,2,2,1.95,"Low","Medium"
"324","Micronesia, Fed. Sts.","FSM","Low MMR","Medium AFR","Low growth","Medium participation","Low GDPpc","Medium savings","Medium share","Low prevalence","Medium education",3,2,1,2,1,2,2,3,2,2,1.95,"Low","Medium"
"325","Middle East & North Africa","MEA","Low MMR","Low AFR","Low growth","Low participation","Low GDPpc","Medium savings","Low share","Low prevalence","Low education",3,3,1,1,1,2,3,3,1,2,1.9,"Low","Low"
"326","Middle East & North Africa","MEA","Low MMR","Low AFR","Low growth","Low participation","Low GDPpc","Medium savings","Low share","Low prevalence","Low education",3,3,1,1,1,2,3,3,1,2,1.9,"Low","Low"
"327","Middle East & North Africa (IDA & IBRD)","TMN","Low MMR","Low AFR","Low growth","Low participation","Low GDPpc","Medium savings","Low share","Low prevalence","Low education",3,3,1,1,1,2,3,3,1,2,1.9,"Low","Low"
"328","Middle East & North Africa (IDA & IBRD)","TMN","Low MMR","Low AFR","Low growth","Low participation","Low GDPpc","Medium savings","Low share","Low prevalence","Low education",3,3,1,1,1,2,3,3,1,2,1.9,"Low","Low"
"329","Middle East & North Africa (excluding high income)","MNA","Low MMR","Low AFR","Low growth","Low participation","Low GDPpc","Medium savings","Low share","Low prevalence","Low education",3,3,1,1,1,2,3,3,1,2,1.9,"Low","Low"
"330","Middle East & North Africa (excluding high income)","MNA","Low MMR","Low AFR","Low growth","Low participation","Low GDPpc","Medium savings","Low share","Low prevalence","Low education",3,3,1,1,1,2,3,3,1,2,1.9,"Low","Low"
"331","Middle East, North Africa, Afghanistan & Pakistan","MEA","Low MMR","Medium AFR","Low growth","Low participation","Low GDPpc","High savings","Low share","Low prevalence","Low education",3,2,1,1,1,3,3,3,1,2,1.9,"Low","Low"
"332","Middle East, North Africa, Afghanistan & Pakistan","MEA","Low MMR","Medium AFR","Low growth","Low participation","Low GDPpc","High savings","Low share","Low prevalence","Low education",3,2,1,1,1,3,3,3,1,2,1.9,"Low","Low"
"333","Middle East, North Africa, Afghanistan & Pakistan (IDA & IBRD)","TMN","Low MMR","Medium AFR","Low growth","Low participation","Low GDPpc","Medium savings","Medium share","Low prevalence","Low education",3,2,1,1,1,2,2,3,1,1.77777777777778,1.75,"Low","Low"
"334","Middle East, North Africa, Afghanistan & Pakistan (IDA & IBRD)","TMN","Low MMR","Medium AFR","Low growth","Low participation","Low GDPpc","Medium savings","Medium share","Low prevalence","Low education",3,2,1,1,1,2,2,3,1,1.77777777777778,1.75,"Low","Low"
"335","Middle East, North Africa, Afghanistan & Pakistan (excluding high income)","MNA","Low MMR","Medium AFR","Low growth","Low participation","Low GDPpc","Medium savings","Medium share","Low prevalence","Low education",3,2,1,1,1,2,2,3,1,1.77777777777778,1.75,"Low","Low"
"336","Middle East, North Africa, Afghanistan & Pakistan (excluding high income)","MNA","Low MMR","Medium AFR","Low growth","Low participation","Low GDPpc","Medium savings","Medium share","Low prevalence","Low education",3,2,1,1,1,2,2,3,1,1.77777777777778,1.75,"Low","Low"
"337","Middle income","MIC","Low MMR","Medium AFR","Medium growth","Medium participation","Low GDPpc","High savings","Medium share","Low prevalence","Low education",3,2,2,2,1,3,2,3,1,2.11111111111111,2.1,"Medium","Medium"
"338","Middle income","MIC","Low MMR","Medium AFR","Medium growth","Medium participation","Low GDPpc","High savings","Medium share","Low prevalence","Low education",3,2,2,2,1,3,2,3,1,2.11111111111111,2.1,"Medium","Medium"
"339","Moldova","MDA","Low MMR","Low AFR","Low growth","High participation","Low GDPpc","Medium savings","Low share","Low prevalence","High education",3,3,1,3,1,2,3,3,3,2.44444444444444,2.3,"High","High"
"340","Moldova","MDA","Low MMR","Low AFR","Low growth","High participation","Low GDPpc","Medium savings","Low share","Low prevalence","High education",3,3,1,3,1,2,3,3,3,2.44444444444444,2.3,"High","High"
"341","Monaco","MCO","Low MMR","Low AFR","Low growth","High participation","High GDPpc","High savings","Low share","Low prevalence","High education",3,3,1,3,3,3,3,3,3,2.77777777777778,2.7,"High","High"
"342","Monaco","MCO","Low MMR","Low AFR","Low growth","High participation","High GDPpc","High savings","Low share","Low prevalence","High education",3,3,1,3,3,3,3,3,3,2.77777777777778,2.7,"High","High"
"343","Mongolia","MNG","Low MMR","Low AFR","Medium growth","Medium participation","Low GDPpc","Medium savings","Low share","Low prevalence","High education",3,3,2,2,1,2,3,3,3,2.44444444444444,2.35,"High","High"
"344","Mongolia","MNG","Low MMR","Low AFR","Medium growth","Medium participation","Low GDPpc","Medium savings","Low share","Low prevalence","High education",3,3,2,2,1,2,3,3,3,2.44444444444444,2.35,"High","High"
"345","Montenegro","MNE","Low MMR","Low AFR","Low growth","Medium participation","Low GDPpc","Medium savings","Low share","Low prevalence","Medium education",3,3,1,2,1,2,3,3,2,2.22222222222222,2.1,"Medium","Medium"
"346","Montenegro","MNE","Low MMR","Low AFR","Low growth","Medium participation","Low GDPpc","Medium savings","Low share","Low prevalence","Medium education",3,3,1,2,1,2,3,3,2,2.22222222222222,2.1,"Medium","Medium"
"347","Morocco","MAR","Low MMR","Low AFR","Low growth","Low participation","Low GDPpc","High savings","Medium share","Low prevalence","Low education",3,3,1,1,1,3,2,3,1,2,1.95,"Low","Medium"
"348","Morocco","MAR","Low MMR","Low AFR","Low growth","Low participation","Low GDPpc","High savings","Medium share","Low prevalence","Low education",3,3,1,1,1,3,2,3,1,2,1.95,"Low","Medium"
"349","Mozambique","MOZ","Medium MMR","High AFR","Medium growth","High participation","Low GDPpc","Medium savings","High share","Medium prevalence","Low education",2,1,2,3,1,2,1,2,1,1.66666666666667,1.7,"Low","Low"
"350","Mozambique","MOZ","Medium MMR","High AFR","Medium growth","High participation","Low GDPpc","Medium savings","High share","Medium prevalence","Low education",2,1,2,3,1,2,1,2,1,1.66666666666667,1.7,"Low","Low"
"351","Myanmar","MMR","Medium MMR","Low AFR","Medium growth","Medium participation","Low GDPpc","Medium savings","Low share","Low prevalence","Medium education",2,3,2,2,1,2,3,3,2,2.22222222222222,2.05,"Medium","Medium"
"352","Myanmar","MMR","Medium MMR","Low AFR","Medium growth","Medium participation","Low GDPpc","Medium savings","Low share","Low prevalence","Medium education",2,3,2,2,1,2,3,3,2,2.22222222222222,2.05,"Medium","Medium"
"353","Namibia","NAM","Medium MMR","Medium AFR","Low growth","Medium participation","Low GDPpc","Medium savings","High share","Medium prevalence","Low education",2,2,1,2,1,2,1,2,1,1.55555555555556,1.55,"Low","Low"
"354","Namibia","NAM","Medium MMR","Medium AFR","Low growth","Medium participation","Low GDPpc","Medium savings","High share","Medium prevalence","Low education",2,2,1,2,1,2,1,2,1,1.55555555555556,1.55,"Low","Low"
"355","Nauru","NRU","Medium MMR","Medium AFR","Low growth","Medium participation","Low GDPpc","Medium savings","High share","Low prevalence","Low education",2,2,1,2,1,2,1,3,1,1.66666666666667,1.6,"Low","Low"
"356","Nauru","NRU","Medium MMR","Medium AFR","Low growth","Medium participation","Low GDPpc","Medium savings","High share","Low prevalence","Low education",2,2,1,2,1,2,1,3,1,1.66666666666667,1.6,"Low","Low"
"357","Nepal","NPL","Medium MMR","Medium AFR","Low growth","Low participation","Low GDPpc","High savings","Low share","Low prevalence","Low education",2,2,1,1,1,3,3,3,1,1.88888888888889,1.7,"Low","Low"
"358","Nepal","NPL","Medium MMR","Medium AFR","Low growth","Low participation","Low GDPpc","High savings","Low share","Low prevalence","Low education",2,2,1,1,1,3,3,3,1,1.88888888888889,1.7,"Low","Low"
"359","Netherlands","NLD","Low MMR","Low AFR","Low growth","High participation","Medium GDPpc","Medium savings","Low share","Low prevalence","High education",3,3,1,3,2,2,3,3,3,2.55555555555556,2.45,"High","High"
"360","Netherlands","NLD","Low MMR","Low AFR","Low growth","Medium participation","Medium GDPpc","Medium savings","Low share","Low prevalence","High education",3,3,1,2,2,2,3,3,3,2.44444444444444,2.35,"High","High"
"361","New Caledonia","NCL","Low MMR","Low AFR","Low growth","High participation","Medium GDPpc","Medium savings","Low share","Low prevalence","Medium education",3,3,1,3,2,2,3,3,2,2.44444444444444,2.35,"High","High"
"362","New Caledonia","NCL","Low MMR","Low AFR","Low growth","Medium participation","Medium GDPpc","Medium savings","Low share","Low prevalence","Medium education",3,3,1,2,2,2,3,3,2,2.33333333333333,2.25,"Medium","Medium"
"363","New Zealand","NZL","Low MMR","Low AFR","Low growth","High participation","Medium GDPpc","Medium savings","Low share","Low prevalence","High education",3,3,1,3,2,2,3,3,3,2.55555555555556,2.45,"High","High"
"364","New Zealand","NZL","Low MMR","Low AFR","Low growth","High participation","Medium GDPpc","Medium savings","Low share","Low prevalence","High education",3,3,1,3,2,2,3,3,3,2.55555555555556,2.45,"High","High"
"365","Nicaragua","NIC","Low MMR","High AFR","Low growth","Medium participation","Low GDPpc","Medium savings","Low share","Low prevalence","Low education",3,1,1,2,1,2,3,3,1,1.88888888888889,1.8,"Low","Low"
"366","Nicaragua","NIC","Low MMR","High AFR","Low growth","Medium participation","Low GDPpc","Medium savings","Low share","Low prevalence","Low education",3,1,1,2,1,2,3,3,1,1.88888888888889,1.8,"Low","Low"
"367","Niger","NER","Medium MMR","High AFR","Low growth","High participation","Low GDPpc","Medium savings","High share","Low prevalence","Low education",2,1,1,3,1,2,1,3,1,1.66666666666667,1.6,"Low","Low"
"368","Niger","NER","Medium MMR","High AFR","Low growth","High participation","Low GDPpc","Medium savings","High share","Low prevalence","Low education",2,1,1,3,1,2,1,3,1,1.66666666666667,1.6,"Low","Low"
"369","Nigeria","NGA","High MMR","High AFR","Medium growth","High participation","Low GDPpc","Medium savings","High share","High prevalence","Low education",1,1,2,3,1,2,1,1,1,1.44444444444444,1.45,"Low","Low"
"370","Nigeria","NGA","High MMR","High AFR","Medium growth","High participation","Low GDPpc","Medium savings","High share","High prevalence","Low education",1,1,2,3,1,2,1,1,1,1.44444444444444,1.45,"Low","Low"
"371","North America","NAC","Low MMR","Low AFR","Low growth","High participation","Medium GDPpc","Medium savings","Low share","Low prevalence","High education",3,3,1,3,2,2,3,3,3,2.55555555555556,2.45,"High","High"
"372","North America","NAC","Low MMR","Low AFR","Low growth","Medium participation","Medium GDPpc","Medium savings","Low share","Low prevalence","High education",3,3,1,2,2,2,3,3,3,2.44444444444444,2.35,"High","High"
"373","North Macedonia","MKD","Low MMR","Low AFR","Low growth","Medium participation","Low GDPpc","High savings","Low share","Low prevalence","Medium education",3,3,1,2,1,3,3,3,2,2.33333333333333,2.2,"Medium","Medium"
"374","North Macedonia","MKD","Low MMR","Low AFR","Low growth","Medium participation","Low GDPpc","High savings","Low share","Low prevalence","Medium education",3,3,1,2,1,3,3,3,2,2.33333333333333,2.2,"Medium","Medium"
"375","Northern Mariana Islands","MNP","Low MMR","Low AFR","Low growth","Medium participation","Medium GDPpc","Medium savings","Low share","Low prevalence","Medium education",3,3,1,2,2,2,3,3,2,2.33333333333333,2.25,"Medium","Medium"
"376","Northern Mariana Islands","MNP","Low MMR","Low AFR","Low growth","Medium participation","Medium GDPpc","Medium savings","Low share","Low prevalence","Medium education",3,3,1,2,2,2,3,3,2,2.33333333333333,2.25,"Medium","Medium"
"377","Norway","NOR","Low MMR","Low AFR","Low growth","High participation","Medium GDPpc","High savings","Low share","Low prevalence","High education",3,3,1,3,2,3,3,3,3,2.66666666666667,2.55,"High","High"
"378","Norway","NOR","Low MMR","Low AFR","Low growth","High participation","Medium GDPpc","High savings","Low share","Low prevalence","High education",3,3,1,3,2,3,3,3,3,2.66666666666667,2.55,"High","High"
"379","Not classified","INX","Low MMR","Medium AFR","Low growth","Medium participation","Low GDPpc","Medium savings","Medium share","Low prevalence","Medium education",3,2,1,2,1,2,2,3,2,2,1.95,"Low","Medium"
"380","Not classified","INX","Low MMR","Medium AFR","Low growth","Medium participation","Low GDPpc","Medium savings","Medium share","Low prevalence","Medium education",3,2,1,2,1,2,2,3,2,2,1.95,"Low","Medium"
"381","OECD members","OED","Low MMR","Low AFR","Low growth","High participation","Medium GDPpc","Medium savings","Low share","Low prevalence","Medium education",3,3,1,3,2,2,3,3,2,2.44444444444444,2.35,"High","High"
"382","OECD members","OED","Low MMR","Low AFR","Low growth","Medium participation","Medium GDPpc","Medium savings","Low share","Low prevalence","Medium education",3,3,1,2,2,2,3,3,2,2.33333333333333,2.25,"Medium","Medium"
"383","Oman","OMN","Low MMR","Low AFR","Low growth","Low participation","Medium GDPpc","High savings","Low share","Low prevalence","Medium education",3,3,1,1,2,3,3,3,2,2.33333333333333,2.25,"Medium","High"
"384","Oman","OMN","Low MMR","Low AFR","Low growth","Low participation","Medium GDPpc","High savings","Low share","Low prevalence","Medium education",3,3,1,1,2,3,3,3,2,2.33333333333333,2.25,"Medium","High"
"385","Other small states","OSS","Low MMR","Low AFR","Low growth","Medium participation","Low GDPpc","Medium savings","Medium share","High prevalence","Medium education",3,3,1,2,1,2,2,1,2,1.88888888888889,1.95,"Low","Medium"
"386","Other small states","OSS","Low MMR","Low AFR","Low growth","Medium participation","Low GDPpc","Medium savings","Medium share","High prevalence","Medium education",3,3,1,2,1,2,2,1,2,1.88888888888889,1.95,"Low","Medium"
"387","Pacific island small states","PSS","Low MMR","Medium AFR","Low growth","Medium participation","Low GDPpc","Medium savings","Low share","Low prevalence","Medium education",3,2,1,2,1,2,3,3,2,2.11111111111111,2,"Medium","Medium"
"388","Pacific island small states","PSS","Low MMR","Medium AFR","Low growth","Medium participation","Low GDPpc","Medium savings","Low share","Low prevalence","Medium education",3,2,1,2,1,2,3,3,2,2.11111111111111,2,"Medium","Medium"
"389","Pakistan","PAK","Medium MMR","Medium AFR","Low growth","Low participation","Low GDPpc","Medium savings","Low share","Low prevalence","Low education",2,2,1,1,1,2,3,3,1,1.77777777777778,1.6,"Low","Low"
"390","Pakistan","PAK","Medium MMR","Medium AFR","Low growth","Low participation","Low GDPpc","Medium savings","Low share","Low prevalence","Low education",2,2,1,1,1,2,3,3,1,1.77777777777778,1.6,"Low","Low"
"391","Palau","PLW","Low MMR","Low AFR","Low growth","Medium participation","Low GDPpc","Medium savings","Low share","Low prevalence","Medium education",3,3,1,2,1,2,3,3,2,2.22222222222222,2.1,"Medium","Medium"
"392","Palau","PLW","Low MMR","Low AFR","Low growth","Medium participation","Low GDPpc","Medium savings","Low share","Low prevalence","Medium education",3,3,1,2,1,2,3,3,2,2.22222222222222,2.1,"Medium","Medium"
"393","Panama","PAN","Low MMR","Medium AFR","Medium growth","Medium participation","Low GDPpc","High savings","Low share","Low prevalence","Medium education",3,2,2,2,1,3,3,3,2,2.33333333333333,2.25,"Medium","Medium"
"394","Panama","PAN","Low MMR","Medium AFR","Medium growth","Medium participation","Low GDPpc","High savings","Low share","Low prevalence","Medium education",3,2,2,2,1,3,3,3,2,2.33333333333333,2.25,"Medium","Medium"
"395","Papua New Guinea","PNG","Medium MMR","Medium AFR","Low growth","Medium participation","Low GDPpc","Medium savings","High share","Low prevalence","Low education",2,2,1,2,1,2,1,3,1,1.66666666666667,1.6,"Low","Low"
"396","Papua New Guinea","PNG","Medium MMR","Medium AFR","Low growth","Medium participation","Low GDPpc","Medium savings","High share","Low prevalence","Low education",2,2,1,2,1,2,1,3,1,1.66666666666667,1.6,"Low","Low"
"397","Paraguay","PRY","Low MMR","Medium AFR","Low growth","Medium participation","Low GDPpc","Medium savings","Low share","Low prevalence","Low education",3,2,1,2,1,2,3,3,1,2,1.9,"Low","Low"
"398","Paraguay","PRY","Low MMR","Medium AFR","Low growth","Medium participation","Low GDPpc","Medium savings","Low share","Low prevalence","Low education",3,2,1,2,1,2,3,3,1,2,1.9,"Low","Low"
"399","Peru","PER","Low MMR","Medium AFR","Low growth","High participation","Low GDPpc","Medium savings","Low share","Low prevalence","Medium education",3,2,1,3,1,2,3,3,2,2.22222222222222,2.1,"Medium","Medium"
"400","Peru","PER","Low MMR","Medium AFR","Low growth","High participation","Low GDPpc","Medium savings","Low share","Low prevalence","Medium education",3,2,1,3,1,2,3,3,2,2.22222222222222,2.1,"Medium","Medium"
"401","Philippines","PHL","Low MMR","Low AFR","Medium growth","Medium participation","Low GDPpc","High savings","Low share","Low prevalence","Medium education",3,3,2,2,1,3,3,3,2,2.44444444444444,2.35,"High","High"
"402","Philippines","PHL","Low MMR","Low AFR","Medium growth","Medium participation","Low GDPpc","High savings","Low share","Low prevalence","Medium education",3,3,2,2,1,3,3,3,2,2.44444444444444,2.35,"High","High"
"403","Poland","POL","Low MMR","Low AFR","Low growth","High participation","Low GDPpc","Medium savings","Low share","Low prevalence","High education",3,3,1,3,1,2,3,3,3,2.44444444444444,2.3,"High","High"
"404","Poland","POL","Low MMR","Low AFR","Low growth","Medium participation","Low GDPpc","Medium savings","Low share","Low prevalence","High education",3,3,1,2,1,2,3,3,3,2.33333333333333,2.2,"Medium","Medium"
"405","Portugal","PRT","Low MMR","Low AFR","Low growth","High participation","Medium GDPpc","Medium savings","Low share","Low prevalence","Low education",3,3,1,3,2,2,3,3,1,2.33333333333333,2.25,"Medium","Medium"
"406","Portugal","PRT","Low MMR","Low AFR","Low growth","Medium participation","Medium GDPpc","Medium savings","Low share","Low prevalence","Low education",3,3,1,2,2,2,3,3,1,2.22222222222222,2.15,"Medium","Medium"
"407","Post-demographic dividend","PST","Low MMR","Low AFR","Low growth","High participation","Medium GDPpc","Medium savings","Low share","Low prevalence","High education",3,3,1,3,2,2,3,3,3,2.55555555555556,2.45,"High","High"
"408","Post-demographic dividend","PST","Low MMR","Low AFR","Low growth","Medium participation","Medium GDPpc","Medium savings","Low share","Low prevalence","High education",3,3,1,2,2,2,3,3,3,2.44444444444444,2.35,"High","High"
"409","Pre-demographic dividend","PRE","Medium MMR","High AFR","Low growth","High participation","Low GDPpc","Medium savings","High share","High prevalence","Low education",2,1,1,3,1,2,1,1,1,1.44444444444444,1.5,"Low","Low"
"410","Pre-demographic dividend","PRE","Medium MMR","High AFR","Low growth","High participation","Low GDPpc","Medium savings","High share","High prevalence","Low education",2,1,1,3,1,2,1,1,1,1.44444444444444,1.5,"Low","Low"
"411","Puerto Rico","PRI","Low MMR","Low AFR","Low growth","Medium participation","Medium GDPpc","Medium savings","Low share","Low prevalence","Medium education",3,3,1,2,2,2,3,3,2,2.33333333333333,2.25,"Medium","Medium"
"412","Puerto Rico","PRI","Low MMR","Low AFR","Low growth","Low participation","Medium GDPpc","Medium savings","Low share","Low prevalence","Medium education",3,3,1,1,2,2,3,3,2,2.22222222222222,2.15,"Medium","Medium"
"413","Puerto Rico (US)","PRI","Low MMR","Low AFR","Low growth","Medium participation","Low GDPpc","Medium savings","Low share","Low prevalence","Medium education",3,3,1,2,1,2,3,3,2,2.22222222222222,2.1,"Medium","Medium"
"414","Puerto Rico (US)","PRI","Low MMR","Low AFR","Low growth","Medium participation","Low GDPpc","Medium savings","Low share","Low prevalence","Medium education",3,3,1,2,1,2,3,3,2,2.22222222222222,2.1,"Medium","Medium"
"415","Qatar","QAT","Low MMR","Low AFR","Medium growth","Medium participation","Medium GDPpc","High savings","Low share","Low prevalence","Medium education",3,3,2,2,2,3,3,3,2,2.55555555555556,2.5,"High","High"
"416","Qatar","QAT","Low MMR","Low AFR","Medium growth","Medium participation","Medium GDPpc","High savings","Low share","Low prevalence","Medium education",3,3,2,2,2,3,3,3,2,2.55555555555556,2.5,"High","High"
"417","Romania","ROU","Low MMR","Low AFR","Low growth","Medium participation","Low GDPpc","Medium savings","Medium share","Low prevalence","Medium education",3,3,1,2,1,2,2,3,2,2.11111111111111,2.05,"Medium","Medium"
"418","Romania","ROU","Low MMR","Low AFR","Low growth","Medium participation","Low GDPpc","Medium savings","Medium share","Low prevalence","Medium education",3,3,1,2,1,2,2,3,2,2.11111111111111,2.05,"Medium","Medium"
"419","Russian Federation","RUS","Low MMR","Low AFR","Low growth","High participation","Low GDPpc","High savings","Low share","Low prevalence","High education",3,3,1,3,1,3,3,3,3,2.55555555555556,2.4,"High","High"
"420","Russian Federation","RUS","Low MMR","Low AFR","Low growth","Medium participation","Low GDPpc","High savings","Low share","Low prevalence","High education",3,3,1,2,1,3,3,3,3,2.44444444444444,2.3,"High","High"
"421","Rwanda","RWA","Medium MMR","Low AFR","Medium growth","Medium participation","Low GDPpc","Medium savings","High share","High prevalence","Low education",2,3,2,2,1,2,1,1,1,1.66666666666667,1.75,"Low","Low"
"422","Rwanda","RWA","Medium MMR","Low AFR","Medium growth","Medium participation","Low GDPpc","Medium savings","High share","High prevalence","Low education",2,3,2,2,1,2,1,1,1,1.66666666666667,1.75,"Low","Low"
"423","Samoa","WSM","Low MMR","Low AFR","Low growth","Medium participation","Low GDPpc","High savings","Low share","Low prevalence","Medium education",3,3,1,2,1,3,3,3,2,2.33333333333333,2.2,"Medium","Medium"
"424","Samoa","WSM","Low MMR","Low AFR","Low growth","Low participation","Low GDPpc","High savings","Low share","Low prevalence","Medium education",3,3,1,1,1,3,3,3,2,2.22222222222222,2.1,"Medium","Medium"
"425","San Marino","SMR","Low MMR","Low AFR","Low growth","High participation","Medium GDPpc","High savings","Low share","Low prevalence","High education",3,3,1,3,2,3,3,3,3,2.66666666666667,2.55,"High","High"
"426","San Marino","SMR","Low MMR","Low AFR","Low growth","Medium participation","Medium GDPpc","High savings","Low share","Low prevalence","High education",3,3,1,2,2,3,3,3,3,2.55555555555556,2.45,"High","High"
"427","Sao Tome and Principe","STP","Low MMR","High AFR","Low growth","Low participation","Low GDPpc","Medium savings","High share","Low prevalence","Low education",3,1,1,1,1,2,1,3,1,1.55555555555556,1.6,"Low","Low"
"428","Sao Tome and Principe","STP","Low MMR","High AFR","Low growth","Low participation","Low GDPpc","Medium savings","High share","Low prevalence","Low education",3,1,1,1,1,2,1,3,1,1.55555555555556,1.6,"Low","Low"
"429","Saudi Arabia","SAU","Low MMR","Low AFR","Low growth","Low participation","Medium GDPpc","High savings","Low share","Low prevalence","Medium education",3,3,1,1,2,3,3,3,2,2.33333333333333,2.25,"Medium","High"
"430","Saudi Arabia","SAU","Low MMR","Low AFR","Low growth","Low participation","Medium GDPpc","High savings","Low share","Low prevalence","Medium education",3,3,1,1,2,3,3,3,2,2.33333333333333,2.25,"Medium","High"
"431","Senegal","SEN","Medium MMR","Medium AFR","Low growth","Low participation","Low GDPpc","Medium savings","High share","Low prevalence","Low education",2,2,1,1,1,2,1,3,1,1.55555555555556,1.5,"Low","Low"
"432","Senegal","SEN","Medium MMR","Medium AFR","Low growth","Low participation","Low GDPpc","Medium savings","High share","Low prevalence","Low education",2,2,1,1,1,2,1,3,1,1.55555555555556,1.5,"Low","Low"
"433","Serbia","SRB","Low MMR","Low AFR","Low growth","Medium participation","Low GDPpc","Medium savings","Low share","Low prevalence","Medium education",3,3,1,2,1,2,3,3,2,2.22222222222222,2.1,"Medium","Medium"
"434","Serbia","SRB","Low MMR","Low AFR","Low growth","Medium participation","Low GDPpc","Medium savings","Low share","Low prevalence","Medium education",3,3,1,2,1,2,3,3,2,2.22222222222222,2.1,"Medium","Medium"
"435","Seychelles","SYC","Low MMR","Medium AFR","Low growth","High participation","Low GDPpc","Medium savings","Low share","Low prevalence","Medium education",3,2,1,3,1,2,3,3,2,2.22222222222222,2.1,"Medium","Medium"
"436","Seychelles","SYC","Low MMR","Medium AFR","Low growth","High participation","Low GDPpc","Medium savings","Low share","Low prevalence","Medium education",3,2,1,3,1,2,3,3,2,2.22222222222222,2.1,"Medium","Medium"
"437","Sierra Leone","SLE","High MMR","High AFR","Low growth","High participation","Low GDPpc","Medium savings","High share","Low prevalence","Low education",1,1,1,3,1,2,1,3,1,1.55555555555556,1.4,"Low","Low"
"438","Sierra Leone","SLE","High MMR","High AFR","Low growth","High participation","Low GDPpc","Medium savings","High share","Low prevalence","Low education",1,1,1,3,1,2,1,3,1,1.55555555555556,1.4,"Low","Low"
"439","Singapore","SGP","Low MMR","Low AFR","Low growth","High participation","Medium GDPpc","High savings","Low share","Low prevalence","High education",3,3,1,3,2,3,3,3,3,2.66666666666667,2.55,"High","High"
"440","Singapore","SGP","Low MMR","Low AFR","Low growth","Medium participation","Medium GDPpc","High savings","Low share","Low prevalence","High education",3,3,1,2,2,3,3,3,3,2.55555555555556,2.45,"High","High"
"441","Sint Maarten (Dutch part)","SXM","Low MMR","Low AFR","Low growth","High participation","Medium GDPpc","Medium savings","Low share","Low prevalence","Medium education",3,3,1,3,2,2,3,3,2,2.44444444444444,2.35,"High","High"
"442","Sint Maarten (Dutch part)","SXM","Low MMR","Low AFR","Low growth","Medium participation","Medium GDPpc","Medium savings","Low share","Low prevalence","Medium education",3,3,1,2,2,2,3,3,2,2.33333333333333,2.25,"Medium","Medium"
"443","Slovak Republic","SVK","Low MMR","Low AFR","Low growth","High participation","Low GDPpc","Medium savings","Low share","Low prevalence","High education",3,3,1,3,1,2,3,3,3,2.44444444444444,2.3,"High","High"
"444","Slovak Republic","SVK","Low MMR","Low AFR","Low growth","Medium participation","Low GDPpc","Medium savings","Low share","Low prevalence","High education",3,3,1,2,1,2,3,3,3,2.33333333333333,2.2,"Medium","Medium"
"445","Slovenia","SVN","Low MMR","Low AFR","Low growth","High participation","Medium GDPpc","Medium savings","Low share","Low prevalence","High education",3,3,1,3,2,2,3,3,3,2.55555555555556,2.45,"High","High"
"446","Slovenia","SVN","Low MMR","Low AFR","Low growth","Medium participation","Medium GDPpc","Medium savings","Low share","Low prevalence","High education",3,3,1,2,2,2,3,3,3,2.44444444444444,2.35,"High","High"
"447","Small states","SST","Low MMR","Low AFR","Low growth","Medium participation","Low GDPpc","Medium savings","Medium share","High prevalence","Medium education",3,3,1,2,1,2,2,1,2,1.88888888888889,1.95,"Low","Medium"
"448","Small states","SST","Low MMR","Low AFR","Low growth","Medium participation","Low GDPpc","Medium savings","Medium share","High prevalence","Medium education",3,3,1,2,1,2,2,1,2,1.88888888888889,1.95,"Low","Medium"
"449","Solomon Islands","SLB","Low MMR","Medium AFR","Low growth","High participation","Low GDPpc","Medium savings","Medium share","Low prevalence","Medium education",3,2,1,3,1,2,2,3,2,2.11111111111111,2.05,"Medium","Medium"
"450","Solomon Islands","SLB","Low MMR","Medium AFR","Low growth","High participation","Low GDPpc","Medium savings","Medium share","Low prevalence","Medium education",3,2,1,3,1,2,2,3,2,2.11111111111111,2.05,"Medium","Medium"
"451","Somalia","SOM","High MMR","High AFR","Medium growth","Low participation","Low GDPpc","Medium savings","High share","Low prevalence","Low education",1,1,2,1,1,2,1,3,1,1.44444444444444,1.35,"Low","Low"
"452","Somalia","SOM","High MMR","High AFR","Medium growth","Low participation","Low GDPpc","Medium savings","High share","Low prevalence","Low education",1,1,2,1,1,2,1,3,1,1.44444444444444,1.35,"Low","Low"
"453","South Africa","ZAF","Low MMR","Medium AFR","Low growth","Medium participation","Low GDPpc","Medium savings","High share","Medium prevalence","Medium education",3,2,1,2,1,2,1,2,2,1.77777777777778,1.85,"Low","Low"
"454","South Africa","ZAF","Low MMR","Medium AFR","Low growth","Medium participation","Low GDPpc","Medium savings","High share","Medium prevalence","Medium education",3,2,1,2,1,2,1,2,2,1.77777777777778,1.85,"Low","Low"
"455","South Asia","SAS","Medium MMR","Medium AFR","Medium growth","Low participation","Low GDPpc","High savings","Medium share","Low prevalence","Low education",2,2,2,1,1,3,2,3,1,1.88888888888889,1.8,"Low","Low"
"456","South Asia","SAS","Medium MMR","Medium AFR","Medium growth","Low participation","Low GDPpc","High savings","Medium share","Low prevalence","Low education",2,2,2,1,1,3,2,3,1,1.88888888888889,1.8,"Low","Low"
"457","South Asia (IDA & IBRD)","TSA","Medium MMR","Medium AFR","Medium growth","Low participation","Low GDPpc","High savings","Medium share","Low prevalence","Low education",2,2,2,1,1,3,2,3,1,1.88888888888889,1.8,"Low","Low"
"458","South Asia (IDA & IBRD)","TSA","Medium MMR","Medium AFR","Medium growth","Low participation","Low GDPpc","High savings","Medium share","Low prevalence","Low education",2,2,2,1,1,3,2,3,1,1.88888888888889,1.8,"Low","Low"
"459","South Sudan","SSD","High MMR","High AFR","Low growth","High participation","Low GDPpc","Medium savings","High share","Low prevalence","Low education",1,1,1,3,1,2,1,3,1,1.55555555555556,1.4,"Low","Low"
"460","South Sudan","SSD","High MMR","High AFR","Low growth","High participation","Low GDPpc","Medium savings","High share","Low prevalence","Low education",1,1,1,3,1,2,1,3,1,1.55555555555556,1.4,"Low","Low"
"461","Spain","ESP","Low MMR","Low AFR","Low growth","High participation","Medium GDPpc","Medium savings","Low share","Low prevalence","Medium education",3,3,1,3,2,2,3,3,2,2.44444444444444,2.35,"High","High"
"462","Spain","ESP","Low MMR","Low AFR","Low growth","Medium participation","Medium GDPpc","Medium savings","Low share","Low prevalence","Medium education",3,3,1,2,2,2,3,3,2,2.33333333333333,2.25,"Medium","Medium"
"463","Sri Lanka","LKA","Low MMR","Low AFR","Low growth","Low participation","Low GDPpc","High savings","Low share","Low prevalence","Medium education",3,3,1,1,1,3,3,3,2,2.22222222222222,2.1,"Medium","Medium"
"464","Sri Lanka","LKA","Low MMR","Low AFR","Low growth","Low participation","Low GDPpc","High savings","Low share","Low prevalence","Medium education",3,3,1,1,1,3,3,3,2,2.22222222222222,2.1,"Medium","Medium"
"465","St. Kitts and Nevis","KNA","Low MMR","Medium AFR","Low growth","Medium participation","Medium GDPpc","Medium savings","Low share","Low prevalence","Medium education",3,2,1,2,2,2,3,3,2,2.22222222222222,2.15,"Medium","Medium"
"466","St. Kitts and Nevis","KNA","Low MMR","Medium AFR","Low growth","Medium participation","Medium GDPpc","Medium savings","Low share","Low prevalence","Medium education",3,2,1,2,2,2,3,3,2,2.22222222222222,2.15,"Medium","Medium"
"467","St. Lucia","LCA","Low MMR","Low AFR","Low growth","High participation","Low GDPpc","Medium savings","Low share","Low prevalence","Medium education",3,3,1,3,1,2,3,3,2,2.33333333333333,2.2,"Medium","Medium"
"468","St. Lucia","LCA","Low MMR","Low AFR","Low growth","High participation","Low GDPpc","Medium savings","Low share","Low prevalence","Medium education",3,3,1,3,1,2,3,3,2,2.33333333333333,2.2,"Medium","Medium"
"469","St. Martin (French part)","MAF","Low MMR","Low AFR","Low growth","Medium participation","Medium GDPpc","Medium savings","Low share","Low prevalence","Medium education",3,3,1,2,2,2,3,3,2,2.33333333333333,2.25,"Medium","Medium"
"470","St. Martin (French part)","MAF","Low MMR","Low AFR","Low growth","Medium participation","Medium GDPpc","Medium savings","Low share","Low prevalence","Medium education",3,3,1,2,2,2,3,3,2,2.33333333333333,2.25,"Medium","Medium"
"471","St. Vincent and the Grenadines","VCT","Low MMR","Medium AFR","Low growth","Medium participation","Low GDPpc","Medium savings","Medium share","Low prevalence","Medium education",3,2,1,2,1,2,2,3,2,2,1.95,"Low","Medium"
"472","St. Vincent and the Grenadines","VCT","Low MMR","Medium AFR","Low growth","Medium participation","Low GDPpc","Medium savings","Medium share","Low prevalence","Medium education",3,2,1,2,1,2,2,3,2,2,1.95,"Low","Medium"
"473","Sub-Saharan Africa","SSF","Medium MMR","High AFR","Low growth","High participation","Low GDPpc","Medium savings","High share","High prevalence","Low education",2,1,1,3,1,2,1,1,1,1.44444444444444,1.5,"Low","Low"
"474","Sub-Saharan Africa","SSF","Medium MMR","High AFR","Low growth","High participation","Low GDPpc","Medium savings","High share","High prevalence","Low education",2,1,1,3,1,2,1,1,1,1.44444444444444,1.5,"Low","Low"
"475","Sub-Saharan Africa (IDA & IBRD countries)","TSS","Medium MMR","High AFR","Low growth","Medium participation","Low GDPpc","Medium savings","High share","High prevalence","Low education",2,1,1,2,1,2,1,1,1,1.33333333333333,1.4,"Low","Low"
"476","Sub-Saharan Africa (IDA & IBRD countries)","TSS","Medium MMR","High AFR","Low growth","Medium participation","Low GDPpc","Medium savings","High share","High prevalence","Low education",2,1,1,2,1,2,1,1,1,1.33333333333333,1.4,"Low","Low"
"477","Sub-Saharan Africa (IDA & IBRD)","TSS","Medium MMR","High AFR","Low growth","High participation","Low GDPpc","Medium savings","High share","High prevalence","Low education",2,1,1,3,1,2,1,1,1,1.44444444444444,1.5,"Low","Low"
"478","Sub-Saharan Africa (IDA & IBRD)","TSS","Medium MMR","High AFR","Low growth","High participation","Low GDPpc","Medium savings","High share","High prevalence","Low education",2,1,1,3,1,2,1,1,1,1.44444444444444,1.5,"Low","Low"
"479","Sub-Saharan Africa (excluding high income)","SSA","Medium MMR","High AFR","Low growth","High participation","Low GDPpc","Medium savings","High share","High prevalence","Low education",2,1,1,3,1,2,1,1,1,1.44444444444444,1.5,"Low","Low"
"480","Sub-Saharan Africa (excluding high income)","SSA","Medium MMR","High AFR","Low growth","High participation","Low GDPpc","Medium savings","High share","High prevalence","Low education",2,1,1,3,1,2,1,1,1,1.44444444444444,1.5,"Low","Low"
"481","Sudan","SDN","Medium MMR","Medium AFR","Low growth","Low participation","Low GDPpc","Medium savings","High share","Low prevalence","Low education",2,2,1,1,1,2,1,3,1,1.55555555555556,1.5,"Low","Low"
"482","Sudan","SDN","Medium MMR","Medium AFR","Low growth","Low participation","Low GDPpc","Medium savings","High share","Low prevalence","Low education",2,2,1,1,1,2,1,3,1,1.55555555555556,1.5,"Low","Low"
"483","Suriname","SUR","Low MMR","Medium AFR","Low growth","Medium participation","Low GDPpc","High savings","Medium share","Low prevalence","Low education",3,2,1,2,1,3,2,3,1,2,1.95,"Low","Medium"
"484","Suriname","SUR","Low MMR","Medium AFR","Low growth","Medium participation","Low GDPpc","High savings","Medium share","Low prevalence","Low education",3,2,1,2,1,3,2,3,1,2,1.95,"Low","Medium"
"485","Sweden","SWE","Low MMR","Low AFR","Low growth","High participation","Medium GDPpc","Medium savings","Low share","Low prevalence","High education",3,3,1,3,2,2,3,3,3,2.55555555555556,2.45,"High","High"
"486","Sweden","SWE","Low MMR","Low AFR","Low growth","High participation","Medium GDPpc","Medium savings","Low share","Low prevalence","High education",3,3,1,3,2,2,3,3,3,2.55555555555556,2.45,"High","High"
"487","Switzerland","CHE","Low MMR","Low AFR","Low growth","High participation","Medium GDPpc","High savings","Low share","Low prevalence","High education",3,3,1,3,2,3,3,3,3,2.66666666666667,2.55,"High","High"
"488","Switzerland","CHE","Low MMR","Low AFR","Low growth","High participation","Medium GDPpc","High savings","Low share","Low prevalence","High education",3,3,1,3,2,3,3,3,3,2.66666666666667,2.55,"High","High"
"489","Syrian Arab Republic","SYR","Low MMR","Medium AFR","Low growth","Low participation","Low GDPpc","Medium savings","Low share","Low prevalence","Low education",3,2,1,1,1,2,3,3,1,1.88888888888889,1.8,"Low","Low"
"490","Syrian Arab Republic","SYR","Low MMR","Medium AFR","Low growth","Low participation","Low GDPpc","Medium savings","Low share","Low prevalence","Low education",3,2,1,1,1,2,3,3,1,1.88888888888889,1.8,"Low","Low"
"491","Tajikistan","TJK","Low MMR","Low AFR","Medium growth","Low participation","Low GDPpc","High savings","Medium share","Low prevalence","Low education",3,3,2,1,1,3,2,3,1,2.11111111111111,2.1,"Medium","Medium"
"492","Tajikistan","TJK","Low MMR","Low AFR","Medium growth","Low participation","Low GDPpc","High savings","Medium share","Low prevalence","Low education",3,3,2,1,1,3,2,3,1,2.11111111111111,2.1,"Medium","Medium"
"493","Tanzania","TZA","Medium MMR","High AFR","Medium growth","High participation","Low GDPpc","High savings","High share","High prevalence","Low education",2,1,2,3,1,3,1,1,1,1.66666666666667,1.75,"Low","Low"
"494","Tanzania","TZA","Medium MMR","High AFR","Medium growth","High participation","Low GDPpc","High savings","High share","High prevalence","Low education",2,1,2,3,1,3,1,1,1,1.66666666666667,1.75,"Low","Low"
"495","Thailand","THA","Low MMR","Low AFR","Low growth","High participation","Low GDPpc","High savings","Medium share","Low prevalence","Medium education",3,3,1,3,1,3,2,3,2,2.33333333333333,2.25,"Medium","High"
"496","Thailand","THA","Low MMR","Low AFR","Low growth","High participation","Low GDPpc","High savings","Medium share","Low prevalence","Medium education",3,3,1,3,1,3,2,3,2,2.33333333333333,2.25,"Medium","High"
"497","Timor-Leste","TLS","Medium MMR","Low AFR","Medium growth","High participation","Low GDPpc","Low savings","Medium share","Low prevalence","Low education",2,3,2,3,1,1,2,3,1,2,1.9,"Low","Medium"
"498","Timor-Leste","TLS","Medium MMR","Low AFR","Medium growth","Medium participation","Low GDPpc","Low savings","Medium share","Low prevalence","Low education",2,3,2,2,1,1,2,3,1,1.88888888888889,1.8,"Low","Low"
"499","Togo","TGO","Medium MMR","Medium AFR","Low growth","Medium participation","Low GDPpc","Medium savings","High share","Low prevalence","Low education",2,2,1,2,1,2,1,3,1,1.66666666666667,1.6,"Low","Low"
"500","Togo","TGO","Medium MMR","Medium AFR","Low growth","Medium participation","Low GDPpc","Medium savings","High share","Low prevalence","Low education",2,2,1,2,1,2,1,3,1,1.66666666666667,1.6,"Low","Low"
"501","Tonga","TON","Low MMR","Low AFR","Low growth","Medium participation","Low GDPpc","Medium savings","Low share","Low prevalence","Medium education",3,3,1,2,1,2,3,3,2,2.22222222222222,2.1,"Medium","Medium"
"502","Tonga","TON","Low MMR","Low AFR","Low growth","Medium participation","Low GDPpc","Medium savings","Low share","Low prevalence","Medium education",3,3,1,2,1,2,3,3,2,2.22222222222222,2.1,"Medium","Medium"
"503","Trinidad and Tobago","TTO","Low MMR","Low AFR","Low growth","Medium participation","Medium GDPpc","Medium savings","High share","Low prevalence","Medium education",3,3,1,2,2,2,1,3,2,2.11111111111111,2.15,"Medium","Medium"
"504","Trinidad and Tobago","TTO","Low MMR","Low AFR","Low growth","Medium participation","Medium GDPpc","Medium savings","High share","Low prevalence","Medium education",3,3,1,2,2,2,1,3,2,2.11111111111111,2.15,"Medium","Medium"
"505","Tunisia","TUN","Low MMR","Low AFR","Low growth","Low participation","Low GDPpc","Medium savings","Medium share","Low prevalence","Medium education",3,3,1,1,1,2,2,3,2,2,1.95,"Low","Medium"
"506","Tunisia","TUN","Low MMR","Low AFR","Low growth","Low participation","Low GDPpc","Medium savings","Medium share","Low prevalence","Medium education",3,3,1,1,1,2,2,3,2,2,1.95,"Low","Medium"
"507","Turkiye","TUR","Low MMR","Low AFR","Low growth","Low participation","Low GDPpc","Medium savings","Low share","Low prevalence","Low education",3,3,1,1,1,2,3,3,1,2,1.9,"Low","Low"
"508","Turkiye","TUR","Low MMR","Low AFR","Low growth","Low participation","Low GDPpc","Medium savings","Low share","Low prevalence","Low education",3,3,1,1,1,2,3,3,1,2,1.9,"Low","Low"
"509","Turkmenistan","TKM","Low MMR","Low AFR","Medium growth","Medium participation","Low GDPpc","Medium savings","Low share","Low prevalence","Medium education",3,3,2,2,1,2,3,3,2,2.33333333333333,2.25,"Medium","Medium"
"510","Turkmenistan","TKM","Low MMR","Low AFR","Medium growth","Medium participation","Low GDPpc","Medium savings","Low share","Low prevalence","Medium education",3,3,2,2,1,2,3,3,2,2.33333333333333,2.25,"Medium","Medium"
"511","Turks and Caicos Islands","TCA","Low MMR","Low AFR","Low growth","High participation","Medium GDPpc","Medium savings","Low share","Low prevalence","Medium education",3,3,1,3,2,2,3,3,2,2.44444444444444,2.35,"High","High"
"512","Turks and Caicos Islands","TCA","Low MMR","Low AFR","Low growth","Medium participation","Medium GDPpc","Medium savings","Low share","Low prevalence","Medium education",3,3,1,2,2,2,3,3,2,2.33333333333333,2.25,"Medium","Medium"
"513","Tuvalu","TUV","Low MMR","Low AFR","Low growth","Medium participation","Low GDPpc","High savings","Low share","Low prevalence","Medium education",3,3,1,2,1,3,3,3,2,2.33333333333333,2.2,"Medium","Medium"
"514","Tuvalu","TUV","Low MMR","Low AFR","Low growth","Medium participation","Low GDPpc","High savings","Low share","Low prevalence","Medium education",3,3,1,2,1,3,3,3,2,2.33333333333333,2.2,"Medium","Medium"
"515","Uganda","UGA","Medium MMR","High AFR","Medium growth","High participation","Low GDPpc","Medium savings","High share","High prevalence","Low education",2,1,2,3,1,2,1,1,1,1.55555555555556,1.65,"Low","Low"
"516","Uganda","UGA","Medium MMR","High AFR","Medium growth","High participation","Low GDPpc","Medium savings","High share","High prevalence","Low education",2,1,2,3,1,2,1,1,1,1.55555555555556,1.65,"Low","Low"
"517","Ukraine","UKR","Low MMR","Low AFR","Low growth","High participation","Low GDPpc","Medium savings","Medium share","Low prevalence","Medium education",3,3,1,3,1,2,2,3,2,2.22222222222222,2.15,"Medium","Medium"
"518","Ukraine","UKR","Low MMR","Low AFR","Low growth","Medium participation","Low GDPpc","Medium savings","Medium share","Low prevalence","Medium education",3,3,1,2,1,2,2,3,2,2.11111111111111,2.05,"Medium","Medium"
"519","United Arab Emirates","ARE","Low MMR","Low AFR","Low growth","Medium participation","Medium GDPpc","High savings","Low share","Low prevalence","Medium education",3,3,1,2,2,3,3,3,2,2.44444444444444,2.35,"High","High"
"520","United Arab Emirates","ARE","Low MMR","Low AFR","Low growth","Medium participation","Medium GDPpc","High savings","Low share","Low prevalence","Medium education",3,3,1,2,2,3,3,3,2,2.44444444444444,2.35,"High","High"
"521","United Kingdom","GBR","Low MMR","Low AFR","Low growth","High participation","Medium GDPpc","Medium savings","Low share","Low prevalence","High education",3,3,1,3,2,2,3,3,3,2.55555555555556,2.45,"High","High"
"522","United Kingdom","GBR","Low MMR","Low AFR","Low growth","Medium participation","Medium GDPpc","Medium savings","Low share","Low prevalence","High education",3,3,1,2,2,2,3,3,3,2.44444444444444,2.35,"High","High"
"523","United States","USA","Low MMR","Low AFR","Low growth","High participation","Medium GDPpc","Medium savings","Low share","Low prevalence","High education",3,3,1,3,2,2,3,3,3,2.55555555555556,2.45,"High","High"
"524","United States","USA","Low MMR","Low AFR","Low growth","Medium participation","Medium GDPpc","Medium savings","Low share","Low prevalence","High education",3,3,1,2,2,2,3,3,3,2.44444444444444,2.35,"High","High"
"525","Upper middle income","UMC","Low MMR","Low AFR","Medium growth","High participation","Low GDPpc","High savings","Low share","Low prevalence","Medium education",3,3,2,3,1,3,3,3,2,2.55555555555556,2.45,"High","High"
"526","Upper middle income","UMC","Low MMR","Low AFR","Medium growth","Medium participation","Low GDPpc","High savings","Low share","Low prevalence","Medium education",3,3,2,2,1,3,3,3,2,2.44444444444444,2.35,"High","High"
"527","Uruguay","URY","Low MMR","Medium AFR","Low growth","High participation","Low GDPpc","Medium savings","Low share","Low prevalence","Medium education",3,2,1,3,1,2,3,3,2,2.22222222222222,2.1,"Medium","Medium"
"528","Uruguay","URY","Low MMR","Medium AFR","Low growth","Medium participation","Low GDPpc","Medium savings","Low share","Low prevalence","Medium education",3,2,1,2,1,2,3,3,2,2.11111111111111,2,"Medium","Medium"
"529","Uzbekistan","UZB","Low MMR","Low AFR","Medium growth","Medium participation","Low GDPpc","High savings","Medium share","Low prevalence","Medium education",3,3,2,2,1,3,2,3,2,2.33333333333333,2.3,"Medium","High"
"530","Uzbekistan","UZB","Low MMR","Low AFR","Medium growth","High participation","Low GDPpc","High savings","Medium share","Low prevalence","Medium education",3,3,2,3,1,3,2,3,2,2.44444444444444,2.4,"High","High"
"531","Vanuatu","VUT","Low MMR","Medium AFR","Low growth","High participation","Low GDPpc","High savings","Medium share","Low prevalence","Medium education",3,2,1,3,1,3,2,3,2,2.22222222222222,2.15,"Medium","Medium"
"532","Vanuatu","VUT","Low MMR","Medium AFR","Low growth","Medium participation","Low GDPpc","High savings","Medium share","Low prevalence","Medium education",3,2,1,2,1,3,2,3,2,2.11111111111111,2.05,"Medium","Medium"
"533","Venezuela, RB","VEN","Low MMR","Medium AFR","Low growth","Medium participation","Low GDPpc","Medium savings","Low share","Low prevalence","Medium education",3,2,1,2,1,2,3,3,2,2.11111111111111,2,"Medium","Medium"
"534","Venezuela, RB","VEN","Low MMR","Medium AFR","Low growth","Medium participation","Low GDPpc","Medium savings","Low share","Low prevalence","Medium education",3,2,1,2,1,2,3,3,2,2.11111111111111,2,"Medium","Medium"
"535","Viet Nam","VNM","Low MMR","Low AFR","Medium growth","High participation","Low GDPpc","High savings","Low share","Low prevalence","Medium education",3,3,2,3,1,3,3,3,2,2.55555555555556,2.45,"High","High"
"536","Viet Nam","VNM","Low MMR","Low AFR","Medium growth","High participation","Low GDPpc","High savings","Low share","Low prevalence","Medium education",3,3,2,3,1,3,3,3,2,2.55555555555556,2.45,"High","High"
"537","Virgin Islands (U.S.)","VIR","Low MMR","Low AFR","Low growth","High participation","Medium GDPpc","Medium savings","Low share","Low prevalence","Medium education",3,3,1,3,2,2,3,3,2,2.44444444444444,2.35,"High","High"
"538","Virgin Islands (U.S.)","VIR","Low MMR","Low AFR","Low growth","Medium participation","Medium GDPpc","Medium savings","Low share","Low prevalence","Medium education",3,3,1,2,2,2,3,3,2,2.33333333333333,2.25,"Medium","Medium"
"539","West Bank and Gaza","PSE","Low MMR","Medium AFR","Low growth","Low participation","Low GDPpc","Medium savings","Low share","Low prevalence","Low education",3,2,1,1,1,2,3,3,1,1.88888888888889,1.8,"Low","Low"
"540","West Bank and Gaza","PSE","Low MMR","Medium AFR","Low growth","Low participation","Low GDPpc","Medium savings","Low share","Low prevalence","Low education",3,2,1,1,1,2,3,3,1,1.88888888888889,1.8,"Low","Low"
"541","World","WLD","Medium MMR","Medium AFR","Low growth","Medium participation","Low GDPpc","Medium savings","High share","Low prevalence","Low education",2,2,1,2,1,2,1,3,1,1.66666666666667,1.6,"Low","Low"
"542","World","WLD","Medium MMR","Medium AFR","Low growth","Medium participation","Low GDPpc","Medium savings","High share","Low prevalence","Low education",2,2,1,2,1,2,1,3,1,1.66666666666667,1.6,"Low","Low"
"543","Yemen, Rep.","YEM","Low MMR","Medium AFR","Low growth","Low participation","Low GDPpc","Medium savings","Low share","Low prevalence","Low education",3,2,1,1,1,2,3,3,1,1.88888888888889,1.8,"Low","Low"
"544","Yemen, Rep.","YEM","Low MMR","Medium AFR","Low growth","Low participation","Low GDPpc","Medium savings","Low share","Low prevalence","Low education",3,2,1,1,1,2,3,3,1,1.88888888888889,1.8,"Low","Low"
"545","Zambia","ZMB","Low MMR","High AFR","Medium growth","Medium participation","Low GDPpc","High savings","High share","Medium prevalence","Low education",3,1,2,2,1,3,1,2,1,1.77777777777778,1.9,"Low","Medium"
"546","Zambia","ZMB","Low MMR","High AFR","Medium growth","Medium participation","Low GDPpc","High savings","High share","Medium prevalence","Low education",3,1,2,2,1,3,1,2,1,1.77777777777778,1.9,"Low","Medium"
"547","Zimbabwe","ZWE","Medium MMR","High AFR","Low growth","High participation","Low GDPpc","Medium savings","High share","Medium prevalence","Low education",2,1,1,3,1,2,1,2,1,1.55555555555556,1.55,"Low","Low"
"548","Zimbabwe","ZWE","Medium MMR","High AFR","Low growth","High participation","Low GDPpc","Medium savings","High share","Medium prevalence","Low education",2,1,1,3,1,2,1,2,1,1.55555555555556,1.55,"Low","Low"
