Country Name,Series Name,Series Code,missing_years,total_years,missing_percentage
Afghanistan,GDP growth (annual %),NY.GDP.MKTP.KD.ZG,0,25,0
Albania,GDP growth (annual %),NY.GDP.MKTP.KD.ZG,0,25,0
Algeria,GDP growth (annual %),NY.GDP.MKTP.KD.ZG,0,25,0
American Samoa,GDP growth (annual %),NY.GDP.MKTP.KD.ZG,0,25,0
Andorra,GDP growth (annual %),NY.GDP.MKTP.KD.ZG,0,25,0
Angola,GDP growth (annual %),NY.GDP.MKTP.KD.ZG,0,25,0
Antigua and Barbuda,GDP growth (annual %),NY.GDP.MKTP.KD.ZG,0,25,0
Argentina,GDP growth (annual %),NY.GDP.MKTP.KD.ZG,0,25,0
Armenia,GDP growth (annual %),NY.GDP.MKTP.KD.ZG,0,25,0
Aruba,GDP growth (annual %),NY.GDP.MKTP.KD.ZG,0,25,0
Australia,GDP growth (annual %),NY.GDP.MKTP.KD.ZG,0,25,0
Austria,GDP growth (annual %),NY.GDP.MKTP.KD.ZG,0,25,0
Azerbaijan,GDP growth (annual %),NY.GDP.MKTP.KD.ZG,0,25,0
"Bahamas, The",GDP growth (annual %),NY.GDP.MKTP.KD.ZG,0,25,0
Bahrain,GDP growth (annual %),NY.GDP.MKTP.KD.ZG,0,25,0
Bangladesh,GDP growth (annual %),NY.GDP.MKTP.KD.ZG,0,25,0
Barbados,GDP growth (annual %),NY.GDP.MKTP.KD.ZG,0,25,0
Belarus,GDP growth (annual %),NY.GDP.MKTP.KD.ZG,0,25,0
Belgium,GDP growth (annual %),NY.GDP.MKTP.KD.ZG,0,25,0
Belize,GDP growth (annual %),NY.GDP.MKTP.KD.ZG,0,25,0
Benin,GDP growth (annual %),NY.GDP.MKTP.KD.ZG,0,25,0
Bermuda,GDP growth (annual %),NY.GDP.MKTP.KD.ZG,0,25,0
Bhutan,GDP growth (annual %),NY.GDP.MKTP.KD.ZG,0,25,0
Bolivia,GDP growth (annual %),NY.GDP.MKTP.KD.ZG,0,25,0
Bosnia and Herzegovina,GDP growth (annual %),NY.GDP.MKTP.KD.ZG,0,25,0
Botswana,GDP growth (annual %),NY.GDP.MKTP.KD.ZG,0,25,0
Brazil,GDP growth (annual %),NY.GDP.MKTP.KD.ZG,0,25,0
British Virgin Islands,GDP growth (annual %),NY.GDP.MKTP.KD.ZG,0,25,0
Brunei Darussalam,GDP growth (annual %),NY.GDP.MKTP.KD.ZG,0,25,0
Bulgaria,GDP growth (annual %),NY.GDP.MKTP.KD.ZG,0,25,0
Burkina Faso,GDP growth (annual %),NY.GDP.MKTP.KD.ZG,0,25,0
Burundi,GDP growth (annual %),NY.GDP.MKTP.KD.ZG,0,25,0
Cabo Verde,GDP growth (annual %),NY.GDP.MKTP.KD.ZG,0,25,0
Cambodia,GDP growth (annual %),NY.GDP.MKTP.KD.ZG,0,25,0
Cameroon,GDP growth (annual %),NY.GDP.MKTP.KD.ZG,0,25,0
Canada,GDP growth (annual %),NY.GDP.MKTP.KD.ZG,0,25,0
Cayman Islands,GDP growth (annual %),NY.GDP.MKTP.KD.ZG,0,25,0
Central African Republic,GDP growth (annual %),NY.GDP.MKTP.KD.ZG,0,25,0
Chad,GDP growth (annual %),NY.GDP.MKTP.KD.ZG,0,25,0
Channel Islands,GDP growth (annual %),NY.GDP.MKTP.KD.ZG,0,25,0
Chile,GDP growth (annual %),NY.GDP.MKTP.KD.ZG,0,25,0
China,GDP growth (annual %),NY.GDP.MKTP.KD.ZG,0,25,0
Colombia,GDP growth (annual %),NY.GDP.MKTP.KD.ZG,0,25,0
Comoros,GDP growth (annual %),NY.GDP.MKTP.KD.ZG,0,25,0
"Congo, Dem. Rep.",GDP growth (annual %),NY.GDP.MKTP.KD.ZG,0,25,0
"Congo, Rep.",GDP growth (annual %),NY.GDP.MKTP.KD.ZG,0,25,0
Costa Rica,GDP growth (annual %),NY.GDP.MKTP.KD.ZG,0,25,0
Cote d'Ivoire,GDP growth (annual %),NY.GDP.MKTP.KD.ZG,0,25,0
Croatia,GDP growth (annual %),NY.GDP.MKTP.KD.ZG,0,25,0
Cuba,GDP growth (annual %),NY.GDP.MKTP.KD.ZG,0,25,0
Curacao,GDP growth (annual %),NY.GDP.MKTP.KD.ZG,0,25,0
Cyprus,GDP growth (annual %),NY.GDP.MKTP.KD.ZG,0,25,0
Czechia,GDP growth (annual %),NY.GDP.MKTP.KD.ZG,0,25,0
Denmark,GDP growth (annual %),NY.GDP.MKTP.KD.ZG,0,25,0
Djibouti,GDP growth (annual %),NY.GDP.MKTP.KD.ZG,0,25,0
Dominica,GDP growth (annual %),NY.GDP.MKTP.KD.ZG,0,25,0
Dominican Republic,GDP growth (annual %),NY.GDP.MKTP.KD.ZG,0,25,0
Ecuador,GDP growth (annual %),NY.GDP.MKTP.KD.ZG,0,25,0
"Egypt, Arab Rep.",GDP growth (annual %),NY.GDP.MKTP.KD.ZG,0,25,0
El Salvador,GDP growth (annual %),NY.GDP.MKTP.KD.ZG,0,25,0
Equatorial Guinea,GDP growth (annual %),NY.GDP.MKTP.KD.ZG,0,25,0
Eritrea,GDP growth (annual %),NY.GDP.MKTP.KD.ZG,0,25,0
Estonia,GDP growth (annual %),NY.GDP.MKTP.KD.ZG,0,25,0
Eswatini,GDP growth (annual %),NY.GDP.MKTP.KD.ZG,0,25,0
Ethiopia,GDP growth (annual %),NY.GDP.MKTP.KD.ZG,0,25,0
Faroe Islands,GDP growth (annual %),NY.GDP.MKTP.KD.ZG,0,25,0
Fiji,GDP growth (annual %),NY.GDP.MKTP.KD.ZG,0,25,0
Finland,GDP growth (annual %),NY.GDP.MKTP.KD.ZG,0,25,0
France,GDP growth (annual %),NY.GDP.MKTP.KD.ZG,0,25,0
French Polynesia,GDP growth (annual %),NY.GDP.MKTP.KD.ZG,0,25,0
Gabon,GDP growth (annual %),NY.GDP.MKTP.KD.ZG,0,25,0
"Gambia, The",GDP growth (annual %),NY.GDP.MKTP.KD.ZG,0,25,0
Georgia,GDP growth (annual %),NY.GDP.MKTP.KD.ZG,0,25,0
Germany,GDP growth (annual %),NY.GDP.MKTP.KD.ZG,0,25,0
Ghana,GDP growth (annual %),NY.GDP.MKTP.KD.ZG,0,25,0
Gibraltar,GDP growth (annual %),NY.GDP.MKTP.KD.ZG,0,25,0
Greece,GDP growth (annual %),NY.GDP.MKTP.KD.ZG,0,25,0
Greenland,GDP growth (annual %),NY.GDP.MKTP.KD.ZG,0,25,0
Grenada,GDP growth (annual %),NY.GDP.MKTP.KD.ZG,0,25,0
Guam,GDP growth (annual %),NY.GDP.MKTP.KD.ZG,0,25,0
Guatemala,GDP growth (annual %),NY.GDP.MKTP.KD.ZG,0,25,0
Guinea,GDP growth (annual %),NY.GDP.MKTP.KD.ZG,0,25,0
Guinea-Bissau,GDP growth (annual %),NY.GDP.MKTP.KD.ZG,0,25,0
Guyana,GDP growth (annual %),NY.GDP.MKTP.KD.ZG,0,25,0
Haiti,GDP growth (annual %),NY.GDP.MKTP.KD.ZG,0,25,0
Honduras,GDP growth (annual %),NY.GDP.MKTP.KD.ZG,0,25,0
"Hong Kong SAR, China",GDP growth (annual %),NY.GDP.MKTP.KD.ZG,0,25,0
Hungary,GDP growth (annual %),NY.GDP.MKTP.KD.ZG,0,25,0
Iceland,GDP growth (annual %),NY.GDP.MKTP.KD.ZG,0,25,0
India,GDP growth (annual %),NY.GDP.MKTP.KD.ZG,0,25,0
Indonesia,GDP growth (annual %),NY.GDP.MKTP.KD.ZG,0,25,0
"Iran, Islamic Rep.",GDP growth (annual %),NY.GDP.MKTP.KD.ZG,0,25,0
Iraq,GDP growth (annual %),NY.GDP.MKTP.KD.ZG,0,25,0
Ireland,GDP growth (annual %),NY.GDP.MKTP.KD.ZG,0,25,0
Isle of Man,GDP growth (annual %),NY.GDP.MKTP.KD.ZG,0,25,0
Israel,GDP growth (annual %),NY.GDP.MKTP.KD.ZG,0,25,0
Italy,GDP growth (annual %),NY.GDP.MKTP.KD.ZG,0,25,0
Jamaica,GDP growth (annual %),NY.GDP.MKTP.KD.ZG,0,25,0
Japan,GDP growth (annual %),NY.GDP.MKTP.KD.ZG,0,25,0
Jordan,GDP growth (annual %),NY.GDP.MKTP.KD.ZG,0,25,0
Kazakhstan,GDP growth (annual %),NY.GDP.MKTP.KD.ZG,0,25,0
Kenya,GDP growth (annual %),NY.GDP.MKTP.KD.ZG,0,25,0
Kiribati,GDP growth (annual %),NY.GDP.MKTP.KD.ZG,0,25,0
"Korea, Dem. People's Rep.",GDP growth (annual %),NY.GDP.MKTP.KD.ZG,0,25,0
"Korea, Rep.",GDP growth (annual %),NY.GDP.MKTP.KD.ZG,0,25,0
Kosovo,GDP growth (annual %),NY.GDP.MKTP.KD.ZG,0,25,0
Kuwait,GDP growth (annual %),NY.GDP.MKTP.KD.ZG,0,25,0
Kyrgyz Republic,GDP growth (annual %),NY.GDP.MKTP.KD.ZG,0,25,0
Lao PDR,GDP growth (annual %),NY.GDP.MKTP.KD.ZG,0,25,0
Latvia,GDP growth (annual %),NY.GDP.MKTP.KD.ZG,0,25,0
Lebanon,GDP growth (annual %),NY.GDP.MKTP.KD.ZG,0,25,0
Lesotho,GDP growth (annual %),NY.GDP.MKTP.KD.ZG,0,25,0
Liberia,GDP growth (annual %),NY.GDP.MKTP.KD.ZG,0,25,0
Libya,GDP growth (annual %),NY.GDP.MKTP.KD.ZG,0,25,0
Liechtenstein,GDP growth (annual %),NY.GDP.MKTP.KD.ZG,0,25,0
Lithuania,GDP growth (annual %),NY.GDP.MKTP.KD.ZG,0,25,0
Luxembourg,GDP growth (annual %),NY.GDP.MKTP.KD.ZG,0,25,0
"Macao SAR, China",GDP growth (annual %),NY.GDP.MKTP.KD.ZG,0,25,0
Madagascar,GDP growth (annual %),NY.GDP.MKTP.KD.ZG,0,25,0
Malawi,GDP growth (annual %),NY.GDP.MKTP.KD.ZG,0,25,0
Malaysia,GDP growth (annual %),NY.GDP.MKTP.KD.ZG,0,25,0
Maldives,GDP growth (annual %),NY.GDP.MKTP.KD.ZG,0,25,0
Mali,GDP growth (annual %),NY.GDP.MKTP.KD.ZG,0,25,0
Malta,GDP growth (annual %),NY.GDP.MKTP.KD.ZG,0,25,0
Marshall Islands,GDP growth (annual %),NY.GDP.MKTP.KD.ZG,0,25,0
Mauritania,GDP growth (annual %),NY.GDP.MKTP.KD.ZG,0,25,0
Mauritius,GDP growth (annual %),NY.GDP.MKTP.KD.ZG,0,25,0
Mexico,GDP growth (annual %),NY.GDP.MKTP.KD.ZG,0,25,0
"Micronesia, Fed. Sts.",GDP growth (annual %),NY.GDP.MKTP.KD.ZG,0,25,0
Moldova,GDP growth (annual %),NY.GDP.MKTP.KD.ZG,0,25,0
Monaco,GDP growth (annual %),NY.GDP.MKTP.KD.ZG,0,25,0
Mongolia,GDP growth (annual %),NY.GDP.MKTP.KD.ZG,0,25,0
Montenegro,GDP growth (annual %),NY.GDP.MKTP.KD.ZG,0,25,0
Morocco,GDP growth (annual %),NY.GDP.MKTP.KD.ZG,0,25,0
Mozambique,GDP growth (annual %),NY.GDP.MKTP.KD.ZG,0,25,0
Myanmar,GDP growth (annual %),NY.GDP.MKTP.KD.ZG,0,25,0
Namibia,GDP growth (annual %),NY.GDP.MKTP.KD.ZG,0,25,0
Nauru,GDP growth (annual %),NY.GDP.MKTP.KD.ZG,0,25,0
Nepal,GDP growth (annual %),NY.GDP.MKTP.KD.ZG,0,25,0
Netherlands,GDP growth (annual %),NY.GDP.MKTP.KD.ZG,0,25,0
New Caledonia,GDP growth (annual %),NY.GDP.MKTP.KD.ZG,0,25,0
New Zealand,GDP growth (annual %),NY.GDP.MKTP.KD.ZG,0,25,0
Nicaragua,GDP growth (annual %),NY.GDP.MKTP.KD.ZG,0,25,0
Niger,GDP growth (annual %),NY.GDP.MKTP.KD.ZG,0,25,0
Nigeria,GDP growth (annual %),NY.GDP.MKTP.KD.ZG,0,25,0
North Macedonia,GDP growth (annual %),NY.GDP.MKTP.KD.ZG,0,25,0
Northern Mariana Islands,GDP growth (annual %),NY.GDP.MKTP.KD.ZG,0,25,0
Norway,GDP growth (annual %),NY.GDP.MKTP.KD.ZG,0,25,0
Oman,GDP growth (annual %),NY.GDP.MKTP.KD.ZG,0,25,0
Pakistan,GDP growth (annual %),NY.GDP.MKTP.KD.ZG,0,25,0
Palau,GDP growth (annual %),NY.GDP.MKTP.KD.ZG,0,25,0
Panama,GDP growth (annual %),NY.GDP.MKTP.KD.ZG,0,25,0
Papua New Guinea,GDP growth (annual %),NY.GDP.MKTP.KD.ZG,0,25,0
Paraguay,GDP growth (annual %),NY.GDP.MKTP.KD.ZG,0,25,0
Peru,GDP growth (annual %),NY.GDP.MKTP.KD.ZG,0,25,0
Philippines,GDP growth (annual %),NY.GDP.MKTP.KD.ZG,0,25,0
Poland,GDP growth (annual %),NY.GDP.MKTP.KD.ZG,0,25,0
Portugal,GDP growth (annual %),NY.GDP.MKTP.KD.ZG,0,25,0
Puerto Rico,GDP growth (annual %),NY.GDP.MKTP.KD.ZG,0,25,0
Qatar,GDP growth (annual %),NY.GDP.MKTP.KD.ZG,0,25,0
Romania,GDP growth (annual %),NY.GDP.MKTP.KD.ZG,0,25,0
Russian Federation,GDP growth (annual %),NY.GDP.MKTP.KD.ZG,0,25,0
Rwanda,GDP growth (annual %),NY.GDP.MKTP.KD.ZG,0,25,0
Samoa,GDP growth (annual %),NY.GDP.MKTP.KD.ZG,0,25,0
San Marino,GDP growth (annual %),NY.GDP.MKTP.KD.ZG,0,25,0
Sao Tome and Principe,GDP growth (annual %),NY.GDP.MKTP.KD.ZG,0,25,0
Saudi Arabia,GDP growth (annual %),NY.GDP.MKTP.KD.ZG,0,25,0
Senegal,GDP growth (annual %),NY.GDP.MKTP.KD.ZG,0,25,0
Serbia,GDP growth (annual %),NY.GDP.MKTP.KD.ZG,0,25,0
Seychelles,GDP growth (annual %),NY.GDP.MKTP.KD.ZG,0,25,0
Sierra Leone,GDP growth (annual %),NY.GDP.MKTP.KD.ZG,0,25,0
Singapore,GDP growth (annual %),NY.GDP.MKTP.KD.ZG,0,25,0
Sint Maarten (Dutch part),GDP growth (annual %),NY.GDP.MKTP.KD.ZG,0,25,0
Slovak Republic,GDP growth (annual %),NY.GDP.MKTP.KD.ZG,0,25,0
Slovenia,GDP growth (annual %),NY.GDP.MKTP.KD.ZG,0,25,0
Solomon Islands,GDP growth (annual %),NY.GDP.MKTP.KD.ZG,0,25,0
Somalia,GDP growth (annual %),NY.GDP.MKTP.KD.ZG,0,25,0
South Africa,GDP growth (annual %),NY.GDP.MKTP.KD.ZG,0,25,0
South Sudan,GDP growth (annual %),NY.GDP.MKTP.KD.ZG,0,25,0
Spain,GDP growth (annual %),NY.GDP.MKTP.KD.ZG,0,25,0
Sri Lanka,GDP growth (annual %),NY.GDP.MKTP.KD.ZG,0,25,0
St. Kitts and Nevis,GDP growth (annual %),NY.GDP.MKTP.KD.ZG,0,25,0
St. Lucia,GDP growth (annual %),NY.GDP.MKTP.KD.ZG,0,25,0
St. Martin (French part),GDP growth (annual %),NY.GDP.MKTP.KD.ZG,0,25,0
St. Vincent and the Grenadines,GDP growth (annual %),NY.GDP.MKTP.KD.ZG,0,25,0
Sudan,GDP growth (annual %),NY.GDP.MKTP.KD.ZG,0,25,0
Suriname,GDP growth (annual %),NY.GDP.MKTP.KD.ZG,0,25,0
Sweden,GDP growth (annual %),NY.GDP.MKTP.KD.ZG,0,25,0
Switzerland,GDP growth (annual %),NY.GDP.MKTP.KD.ZG,0,25,0
Syrian Arab Republic,GDP growth (annual %),NY.GDP.MKTP.KD.ZG,0,25,0
Tajikistan,GDP growth (annual %),NY.GDP.MKTP.KD.ZG,0,25,0
Tanzania,GDP growth (annual %),NY.GDP.MKTP.KD.ZG,0,25,0
Thailand,GDP growth (annual %),NY.GDP.MKTP.KD.ZG,0,25,0
Timor-Leste,GDP growth (annual %),NY.GDP.MKTP.KD.ZG,0,25,0
Togo,GDP growth (annual %),NY.GDP.MKTP.KD.ZG,0,25,0
Tonga,GDP growth (annual %),NY.GDP.MKTP.KD.ZG,0,25,0
Trinidad and Tobago,GDP growth (annual %),NY.GDP.MKTP.KD.ZG,0,25,0
Tunisia,GDP growth (annual %),NY.GDP.MKTP.KD.ZG,0,25,0
Turkiye,GDP growth (annual %),NY.GDP.MKTP.KD.ZG,0,25,0
Turkmenistan,GDP growth (annual %),NY.GDP.MKTP.KD.ZG,0,25,0
Turks and Caicos Islands,GDP growth (annual %),NY.GDP.MKTP.KD.ZG,0,25,0
Tuvalu,GDP growth (annual %),NY.GDP.MKTP.KD.ZG,0,25,0
Uganda,GDP growth (annual %),NY.GDP.MKTP.KD.ZG,0,25,0
Ukraine,GDP growth (annual %),NY.GDP.MKTP.KD.ZG,0,25,0
United Arab Emirates,GDP growth (annual %),NY.GDP.MKTP.KD.ZG,0,25,0
United Kingdom,GDP growth (annual %),NY.GDP.MKTP.KD.ZG,0,25,0
United States,GDP growth (annual %),NY.GDP.MKTP.KD.ZG,0,25,0
Uruguay,GDP growth (annual %),NY.GDP.MKTP.KD.ZG,0,25,0
Uzbekistan,GDP growth (annual %),NY.GDP.MKTP.KD.ZG,0,25,0
Vanuatu,GDP growth (annual %),NY.GDP.MKTP.KD.ZG,0,25,0
"Venezuela, RB",GDP growth (annual %),NY.GDP.MKTP.KD.ZG,0,25,0
Viet Nam,GDP growth (annual %),NY.GDP.MKTP.KD.ZG,0,25,0
Virgin Islands (U.S.),GDP growth (annual %),NY.GDP.MKTP.KD.ZG,0,25,0
West Bank and Gaza,GDP growth (annual %),NY.GDP.MKTP.KD.ZG,0,25,0
"Yemen, Rep.",GDP growth (annual %),NY.GDP.MKTP.KD.ZG,0,25,0
Zambia,GDP growth (annual %),NY.GDP.MKTP.KD.ZG,0,25,0
Zimbabwe,GDP growth (annual %),NY.GDP.MKTP.KD.ZG,0,25,0
Africa Eastern and Southern,GDP growth (annual %),NY.GDP.MKTP.KD.ZG,0,25,0
Africa Western and Central,GDP growth (annual %),NY.GDP.MKTP.KD.ZG,0,25,0
Arab World,GDP growth (annual %),NY.GDP.MKTP.KD.ZG,0,25,0
Caribbean small states,GDP growth (annual %),NY.GDP.MKTP.KD.ZG,0,25,0
Central Europe and the Baltics,GDP growth (annual %),NY.GDP.MKTP.KD.ZG,0,25,0
Early-demographic dividend,GDP growth (annual %),NY.GDP.MKTP.KD.ZG,0,25,0
East Asia & Pacific,GDP growth (annual %),NY.GDP.MKTP.KD.ZG,0,25,0
East Asia & Pacific (excluding high income),GDP growth (annual %),NY.GDP.MKTP.KD.ZG,0,25,0
East Asia & Pacific (IDA & IBRD),GDP growth (annual %),NY.GDP.MKTP.KD.ZG,0,25,0
Euro area,GDP growth (annual %),NY.GDP.MKTP.KD.ZG,0,25,0
Europe & Central Asia,GDP growth (annual %),NY.GDP.MKTP.KD.ZG,0,25,0
Europe & Central Asia (excluding high income),GDP growth (annual %),NY.GDP.MKTP.KD.ZG,0,25,0
Europe & Central Asia (IDA & IBRD),GDP growth (annual %),NY.GDP.MKTP.KD.ZG,0,25,0
European Union,GDP growth (annual %),NY.GDP.MKTP.KD.ZG,0,25,0
Fragile and conflict affected situations,GDP growth (annual %),NY.GDP.MKTP.KD.ZG,0,25,0
Heavily indebted poor countries (HIPC),GDP growth (annual %),NY.GDP.MKTP.KD.ZG,0,25,0
High income,GDP growth (annual %),NY.GDP.MKTP.KD.ZG,0,25,0
IBRD only,GDP growth (annual %),NY.GDP.MKTP.KD.ZG,0,25,0
IDA & IBRD total,GDP growth (annual %),NY.GDP.MKTP.KD.ZG,0,25,0
IDA blend,GDP growth (annual %),NY.GDP.MKTP.KD.ZG,0,25,0
IDA only,GDP growth (annual %),NY.GDP.MKTP.KD.ZG,0,25,0
IDA total,GDP growth (annual %),NY.GDP.MKTP.KD.ZG,0,25,0
Late-demographic dividend,GDP growth (annual %),NY.GDP.MKTP.KD.ZG,0,25,0
Latin America & Caribbean,GDP growth (annual %),NY.GDP.MKTP.KD.ZG,0,25,0
Latin America & Caribbean (excluding high income),GDP growth (annual %),NY.GDP.MKTP.KD.ZG,0,25,0
Latin America & Caribbean (IDA & IBRD),GDP growth (annual %),NY.GDP.MKTP.KD.ZG,0,25,0
Least developed countries: UN classification,GDP growth (annual %),NY.GDP.MKTP.KD.ZG,0,25,0
Low & middle income,GDP growth (annual %),NY.GDP.MKTP.KD.ZG,0,25,0
Low income,GDP growth (annual %),NY.GDP.MKTP.KD.ZG,0,25,0
Lower middle income,GDP growth (annual %),NY.GDP.MKTP.KD.ZG,0,25,0
Middle East & North Africa,GDP growth (annual %),NY.GDP.MKTP.KD.ZG,0,25,0
Middle East & North Africa (excluding high income),GDP growth (annual %),NY.GDP.MKTP.KD.ZG,0,25,0
Middle East & North Africa (IDA & IBRD),GDP growth (annual %),NY.GDP.MKTP.KD.ZG,0,25,0
Middle income,GDP growth (annual %),NY.GDP.MKTP.KD.ZG,0,25,0
North America,GDP growth (annual %),NY.GDP.MKTP.KD.ZG,0,25,0
OECD members,GDP growth (annual %),NY.GDP.MKTP.KD.ZG,0,25,0
Other small states,GDP growth (annual %),NY.GDP.MKTP.KD.ZG,0,25,0
Pacific island small states,GDP growth (annual %),NY.GDP.MKTP.KD.ZG,0,25,0
Post-demographic dividend,GDP growth (annual %),NY.GDP.MKTP.KD.ZG,0,25,0
Pre-demographic dividend,GDP growth (annual %),NY.GDP.MKTP.KD.ZG,0,25,0
Small states,GDP growth (annual %),NY.GDP.MKTP.KD.ZG,0,25,0
South Asia,GDP growth (annual %),NY.GDP.MKTP.KD.ZG,0,25,0
South Asia (IDA & IBRD),GDP growth (annual %),NY.GDP.MKTP.KD.ZG,0,25,0
Sub-Saharan Africa,GDP growth (annual %),NY.GDP.MKTP.KD.ZG,0,25,0
Sub-Saharan Africa (excluding high income),GDP growth (annual %),NY.GDP.MKTP.KD.ZG,0,25,0
Sub-Saharan Africa (IDA & IBRD),GDP growth (annual %),NY.GDP.MKTP.KD.ZG,0,25,0
Upper middle income,GDP growth (annual %),NY.GDP.MKTP.KD.ZG,0,25,0
World,GDP growth (annual %),NY.GDP.MKTP.KD.ZG,0,25,0
Afghanistan,"Maternal mortality ratio (modeled estimate, per 100,000 live births)",SH.STA.MMRT,0,25,0
Albania,"Maternal mortality ratio (modeled estimate, per 100,000 live births)",SH.STA.MMRT,0,25,0
Algeria,"Maternal mortality ratio (modeled estimate, per 100,000 live births)",SH.STA.MMRT,0,25,0
American Samoa,"Maternal mortality ratio (modeled estimate, per 100,000 live births)",SH.STA.MMRT,0,25,0
Andorra,"Maternal mortality ratio (modeled estimate, per 100,000 live births)",SH.STA.MMRT,0,25,0
Angola,"Maternal mortality ratio (modeled estimate, per 100,000 live births)",SH.STA.MMRT,0,25,0
Antigua and Barbuda,"Maternal mortality ratio (modeled estimate, per 100,000 live births)",SH.STA.MMRT,0,25,0
Argentina,"Maternal mortality ratio (modeled estimate, per 100,000 live births)",SH.STA.MMRT,0,25,0
Armenia,"Maternal mortality ratio (modeled estimate, per 100,000 live births)",SH.STA.MMRT,0,25,0
Aruba,"Maternal mortality ratio (modeled estimate, per 100,000 live births)",SH.STA.MMRT,0,25,0
Australia,"Maternal mortality ratio (modeled estimate, per 100,000 live births)",SH.STA.MMRT,0,25,0
Austria,"Maternal mortality ratio (modeled estimate, per 100,000 live births)",SH.STA.MMRT,0,25,0
Azerbaijan,"Maternal mortality ratio (modeled estimate, per 100,000 live births)",SH.STA.MMRT,0,25,0
"Bahamas, The","Maternal mortality ratio (modeled estimate, per 100,000 live births)",SH.STA.MMRT,0,25,0
Bahrain,"Maternal mortality ratio (modeled estimate, per 100,000 live births)",SH.STA.MMRT,0,25,0
Bangladesh,"Maternal mortality ratio (modeled estimate, per 100,000 live births)",SH.STA.MMRT,0,25,0
Barbados,"Maternal mortality ratio (modeled estimate, per 100,000 live births)",SH.STA.MMRT,0,25,0
Belarus,"Maternal mortality ratio (modeled estimate, per 100,000 live births)",SH.STA.MMRT,0,25,0
Belgium,"Maternal mortality ratio (modeled estimate, per 100,000 live births)",SH.STA.MMRT,0,25,0
Belize,"Maternal mortality ratio (modeled estimate, per 100,000 live births)",SH.STA.MMRT,0,25,0
Benin,"Maternal mortality ratio (modeled estimate, per 100,000 live births)",SH.STA.MMRT,0,25,0
Bermuda,"Maternal mortality ratio (modeled estimate, per 100,000 live births)",SH.STA.MMRT,0,25,0
Bhutan,"Maternal mortality ratio (modeled estimate, per 100,000 live births)",SH.STA.MMRT,0,25,0
Bolivia,"Maternal mortality ratio (modeled estimate, per 100,000 live births)",SH.STA.MMRT,0,25,0
Bosnia and Herzegovina,"Maternal mortality ratio (modeled estimate, per 100,000 live births)",SH.STA.MMRT,0,25,0
Botswana,"Maternal mortality ratio (modeled estimate, per 100,000 live births)",SH.STA.MMRT,0,25,0
Brazil,"Maternal mortality ratio (modeled estimate, per 100,000 live births)",SH.STA.MMRT,0,25,0
British Virgin Islands,"Maternal mortality ratio (modeled estimate, per 100,000 live births)",SH.STA.MMRT,0,25,0
Brunei Darussalam,"Maternal mortality ratio (modeled estimate, per 100,000 live births)",SH.STA.MMRT,0,25,0
Bulgaria,"Maternal mortality ratio (modeled estimate, per 100,000 live births)",SH.STA.MMRT,0,25,0
Burkina Faso,"Maternal mortality ratio (modeled estimate, per 100,000 live births)",SH.STA.MMRT,0,25,0
Burundi,"Maternal mortality ratio (modeled estimate, per 100,000 live births)",SH.STA.MMRT,0,25,0
Cabo Verde,"Maternal mortality ratio (modeled estimate, per 100,000 live births)",SH.STA.MMRT,0,25,0
Cambodia,"Maternal mortality ratio (modeled estimate, per 100,000 live births)",SH.STA.MMRT,0,25,0
Cameroon,"Maternal mortality ratio (modeled estimate, per 100,000 live births)",SH.STA.MMRT,0,25,0
Canada,"Maternal mortality ratio (modeled estimate, per 100,000 live births)",SH.STA.MMRT,0,25,0
Cayman Islands,"Maternal mortality ratio (modeled estimate, per 100,000 live births)",SH.STA.MMRT,0,25,0
Central African Republic,"Maternal mortality ratio (modeled estimate, per 100,000 live births)",SH.STA.MMRT,0,25,0
Chad,"Maternal mortality ratio (modeled estimate, per 100,000 live births)",SH.STA.MMRT,0,25,0
Channel Islands,"Maternal mortality ratio (modeled estimate, per 100,000 live births)",SH.STA.MMRT,0,25,0
Chile,"Maternal mortality ratio (modeled estimate, per 100,000 live births)",SH.STA.MMRT,0,25,0
China,"Maternal mortality ratio (modeled estimate, per 100,000 live births)",SH.STA.MMRT,0,25,0
Colombia,"Maternal mortality ratio (modeled estimate, per 100,000 live births)",SH.STA.MMRT,0,25,0
Comoros,"Maternal mortality ratio (modeled estimate, per 100,000 live births)",SH.STA.MMRT,0,25,0
"Congo, Dem. Rep.","Maternal mortality ratio (modeled estimate, per 100,000 live births)",SH.STA.MMRT,0,25,0
"Congo, Rep.","Maternal mortality ratio (modeled estimate, per 100,000 live births)",SH.STA.MMRT,0,25,0
Costa Rica,"Maternal mortality ratio (modeled estimate, per 100,000 live births)",SH.STA.MMRT,0,25,0
Cote d'Ivoire,"Maternal mortality ratio (modeled estimate, per 100,000 live births)",SH.STA.MMRT,0,25,0
Croatia,"Maternal mortality ratio (modeled estimate, per 100,000 live births)",SH.STA.MMRT,0,25,0
Cuba,"Maternal mortality ratio (modeled estimate, per 100,000 live births)",SH.STA.MMRT,0,25,0
Curacao,"Maternal mortality ratio (modeled estimate, per 100,000 live births)",SH.STA.MMRT,0,25,0
Cyprus,"Maternal mortality ratio (modeled estimate, per 100,000 live births)",SH.STA.MMRT,0,25,0
Czechia,"Maternal mortality ratio (modeled estimate, per 100,000 live births)",SH.STA.MMRT,0,25,0
Denmark,"Maternal mortality ratio (modeled estimate, per 100,000 live births)",SH.STA.MMRT,0,25,0
Djibouti,"Maternal mortality ratio (modeled estimate, per 100,000 live births)",SH.STA.MMRT,0,25,0
Dominica,"Maternal mortality ratio (modeled estimate, per 100,000 live births)",SH.STA.MMRT,0,25,0
Dominican Republic,"Maternal mortality ratio (modeled estimate, per 100,000 live births)",SH.STA.MMRT,0,25,0
Ecuador,"Maternal mortality ratio (modeled estimate, per 100,000 live births)",SH.STA.MMRT,0,25,0
"Egypt, Arab Rep.","Maternal mortality ratio (modeled estimate, per 100,000 live births)",SH.STA.MMRT,0,25,0
El Salvador,"Maternal mortality ratio (modeled estimate, per 100,000 live births)",SH.STA.MMRT,0,25,0
Equatorial Guinea,"Maternal mortality ratio (modeled estimate, per 100,000 live births)",SH.STA.MMRT,0,25,0
Eritrea,"Maternal mortality ratio (modeled estimate, per 100,000 live births)",SH.STA.MMRT,0,25,0
Estonia,"Maternal mortality ratio (modeled estimate, per 100,000 live births)",SH.STA.MMRT,0,25,0
Eswatini,"Maternal mortality ratio (modeled estimate, per 100,000 live births)",SH.STA.MMRT,0,25,0
Ethiopia,"Maternal mortality ratio (modeled estimate, per 100,000 live births)",SH.STA.MMRT,0,25,0
Faroe Islands,"Maternal mortality ratio (modeled estimate, per 100,000 live births)",SH.STA.MMRT,0,25,0
Fiji,"Maternal mortality ratio (modeled estimate, per 100,000 live births)",SH.STA.MMRT,0,25,0
Finland,"Maternal mortality ratio (modeled estimate, per 100,000 live births)",SH.STA.MMRT,0,25,0
France,"Maternal mortality ratio (modeled estimate, per 100,000 live births)",SH.STA.MMRT,0,25,0
French Polynesia,"Maternal mortality ratio (modeled estimate, per 100,000 live births)",SH.STA.MMRT,0,25,0
Gabon,"Maternal mortality ratio (modeled estimate, per 100,000 live births)",SH.STA.MMRT,0,25,0
"Gambia, The","Maternal mortality ratio (modeled estimate, per 100,000 live births)",SH.STA.MMRT,0,25,0
Georgia,"Maternal mortality ratio (modeled estimate, per 100,000 live births)",SH.STA.MMRT,0,25,0
Germany,"Maternal mortality ratio (modeled estimate, per 100,000 live births)",SH.STA.MMRT,0,25,0
Ghana,"Maternal mortality ratio (modeled estimate, per 100,000 live births)",SH.STA.MMRT,0,25,0
Gibraltar,"Maternal mortality ratio (modeled estimate, per 100,000 live births)",SH.STA.MMRT,0,25,0
Greece,"Maternal mortality ratio (modeled estimate, per 100,000 live births)",SH.STA.MMRT,0,25,0
Greenland,"Maternal mortality ratio (modeled estimate, per 100,000 live births)",SH.STA.MMRT,0,25,0
Grenada,"Maternal mortality ratio (modeled estimate, per 100,000 live births)",SH.STA.MMRT,0,25,0
Guam,"Maternal mortality ratio (modeled estimate, per 100,000 live births)",SH.STA.MMRT,0,25,0
Guatemala,"Maternal mortality ratio (modeled estimate, per 100,000 live births)",SH.STA.MMRT,0,25,0
Guinea,"Maternal mortality ratio (modeled estimate, per 100,000 live births)",SH.STA.MMRT,0,25,0
Guinea-Bissau,"Maternal mortality ratio (modeled estimate, per 100,000 live births)",SH.STA.MMRT,0,25,0
Guyana,"Maternal mortality ratio (modeled estimate, per 100,000 live births)",SH.STA.MMRT,0,25,0
Haiti,"Maternal mortality ratio (modeled estimate, per 100,000 live births)",SH.STA.MMRT,0,25,0
Honduras,"Maternal mortality ratio (modeled estimate, per 100,000 live births)",SH.STA.MMRT,0,25,0
"Hong Kong SAR, China","Maternal mortality ratio (modeled estimate, per 100,000 live births)",SH.STA.MMRT,0,25,0
Hungary,"Maternal mortality ratio (modeled estimate, per 100,000 live births)",SH.STA.MMRT,0,25,0
Iceland,"Maternal mortality ratio (modeled estimate, per 100,000 live births)",SH.STA.MMRT,0,25,0
India,"Maternal mortality ratio (modeled estimate, per 100,000 live births)",SH.STA.MMRT,0,25,0
Indonesia,"Maternal mortality ratio (modeled estimate, per 100,000 live births)",SH.STA.MMRT,0,25,0
"Iran, Islamic Rep.","Maternal mortality ratio (modeled estimate, per 100,000 live births)",SH.STA.MMRT,0,25,0
Iraq,"Maternal mortality ratio (modeled estimate, per 100,000 live births)",SH.STA.MMRT,0,25,0
Ireland,"Maternal mortality ratio (modeled estimate, per 100,000 live births)",SH.STA.MMRT,0,25,0
Isle of Man,"Maternal mortality ratio (modeled estimate, per 100,000 live births)",SH.STA.MMRT,0,25,0
Israel,"Maternal mortality ratio (modeled estimate, per 100,000 live births)",SH.STA.MMRT,0,25,0
Italy,"Maternal mortality ratio (modeled estimate, per 100,000 live births)",SH.STA.MMRT,0,25,0
Jamaica,"Maternal mortality ratio (modeled estimate, per 100,000 live births)",SH.STA.MMRT,0,25,0
Japan,"Maternal mortality ratio (modeled estimate, per 100,000 live births)",SH.STA.MMRT,0,25,0
Jordan,"Maternal mortality ratio (modeled estimate, per 100,000 live births)",SH.STA.MMRT,0,25,0
Kazakhstan,"Maternal mortality ratio (modeled estimate, per 100,000 live births)",SH.STA.MMRT,0,25,0
Kenya,"Maternal mortality ratio (modeled estimate, per 100,000 live births)",SH.STA.MMRT,0,25,0
Kiribati,"Maternal mortality ratio (modeled estimate, per 100,000 live births)",SH.STA.MMRT,0,25,0
"Korea, Dem. People's Rep.","Maternal mortality ratio (modeled estimate, per 100,000 live births)",SH.STA.MMRT,0,25,0
"Korea, Rep.","Maternal mortality ratio (modeled estimate, per 100,000 live births)",SH.STA.MMRT,0,25,0
Kosovo,"Maternal mortality ratio (modeled estimate, per 100,000 live births)",SH.STA.MMRT,0,25,0
Kuwait,"Maternal mortality ratio (modeled estimate, per 100,000 live births)",SH.STA.MMRT,0,25,0
Kyrgyz Republic,"Maternal mortality ratio (modeled estimate, per 100,000 live births)",SH.STA.MMRT,0,25,0
Lao PDR,"Maternal mortality ratio (modeled estimate, per 100,000 live births)",SH.STA.MMRT,0,25,0
Latvia,"Maternal mortality ratio (modeled estimate, per 100,000 live births)",SH.STA.MMRT,0,25,0
Lebanon,"Maternal mortality ratio (modeled estimate, per 100,000 live births)",SH.STA.MMRT,0,25,0
Lesotho,"Maternal mortality ratio (modeled estimate, per 100,000 live births)",SH.STA.MMRT,0,25,0
Liberia,"Maternal mortality ratio (modeled estimate, per 100,000 live births)",SH.STA.MMRT,0,25,0
Libya,"Maternal mortality ratio (modeled estimate, per 100,000 live births)",SH.STA.MMRT,0,25,0
Liechtenstein,"Maternal mortality ratio (modeled estimate, per 100,000 live births)",SH.STA.MMRT,0,25,0
Lithuania,"Maternal mortality ratio (modeled estimate, per 100,000 live births)",SH.STA.MMRT,0,25,0
Luxembourg,"Maternal mortality ratio (modeled estimate, per 100,000 live births)",SH.STA.MMRT,0,25,0
"Macao SAR, China","Maternal mortality ratio (modeled estimate, per 100,000 live births)",SH.STA.MMRT,0,25,0
Madagascar,"Maternal mortality ratio (modeled estimate, per 100,000 live births)",SH.STA.MMRT,0,25,0
Malawi,"Maternal mortality ratio (modeled estimate, per 100,000 live births)",SH.STA.MMRT,0,25,0
Malaysia,"Maternal mortality ratio (modeled estimate, per 100,000 live births)",SH.STA.MMRT,0,25,0
Maldives,"Maternal mortality ratio (modeled estimate, per 100,000 live births)",SH.STA.MMRT,0,25,0
Mali,"Maternal mortality ratio (modeled estimate, per 100,000 live births)",SH.STA.MMRT,0,25,0
Malta,"Maternal mortality ratio (modeled estimate, per 100,000 live births)",SH.STA.MMRT,0,25,0
Marshall Islands,"Maternal mortality ratio (modeled estimate, per 100,000 live births)",SH.STA.MMRT,0,25,0
Mauritania,"Maternal mortality ratio (modeled estimate, per 100,000 live births)",SH.STA.MMRT,0,25,0
Mauritius,"Maternal mortality ratio (modeled estimate, per 100,000 live births)",SH.STA.MMRT,0,25,0
Mexico,"Maternal mortality ratio (modeled estimate, per 100,000 live births)",SH.STA.MMRT,0,25,0
"Micronesia, Fed. Sts.","Maternal mortality ratio (modeled estimate, per 100,000 live births)",SH.STA.MMRT,0,25,0
Moldova,"Maternal mortality ratio (modeled estimate, per 100,000 live births)",SH.STA.MMRT,0,25,0
Monaco,"Maternal mortality ratio (modeled estimate, per 100,000 live births)",SH.STA.MMRT,0,25,0
Mongolia,"Maternal mortality ratio (modeled estimate, per 100,000 live births)",SH.STA.MMRT,0,25,0
Montenegro,"Maternal mortality ratio (modeled estimate, per 100,000 live births)",SH.STA.MMRT,0,25,0
Morocco,"Maternal mortality ratio (modeled estimate, per 100,000 live births)",SH.STA.MMRT,0,25,0
Mozambique,"Maternal mortality ratio (modeled estimate, per 100,000 live births)",SH.STA.MMRT,0,25,0
Myanmar,"Maternal mortality ratio (modeled estimate, per 100,000 live births)",SH.STA.MMRT,0,25,0
Namibia,"Maternal mortality ratio (modeled estimate, per 100,000 live births)",SH.STA.MMRT,0,25,0
Nauru,"Maternal mortality ratio (modeled estimate, per 100,000 live births)",SH.STA.MMRT,0,25,0
Nepal,"Maternal mortality ratio (modeled estimate, per 100,000 live births)",SH.STA.MMRT,0,25,0
Netherlands,"Maternal mortality ratio (modeled estimate, per 100,000 live births)",SH.STA.MMRT,0,25,0
New Caledonia,"Maternal mortality ratio (modeled estimate, per 100,000 live births)",SH.STA.MMRT,0,25,0
New Zealand,"Maternal mortality ratio (modeled estimate, per 100,000 live births)",SH.STA.MMRT,0,25,0
Nicaragua,"Maternal mortality ratio (modeled estimate, per 100,000 live births)",SH.STA.MMRT,0,25,0
Niger,"Maternal mortality ratio (modeled estimate, per 100,000 live births)",SH.STA.MMRT,0,25,0
Nigeria,"Maternal mortality ratio (modeled estimate, per 100,000 live births)",SH.STA.MMRT,0,25,0
North Macedonia,"Maternal mortality ratio (modeled estimate, per 100,000 live births)",SH.STA.MMRT,0,25,0
Northern Mariana Islands,"Maternal mortality ratio (modeled estimate, per 100,000 live births)",SH.STA.MMRT,0,25,0
Norway,"Maternal mortality ratio (modeled estimate, per 100,000 live births)",SH.STA.MMRT,0,25,0
Oman,"Maternal mortality ratio (modeled estimate, per 100,000 live births)",SH.STA.MMRT,0,25,0
Pakistan,"Maternal mortality ratio (modeled estimate, per 100,000 live births)",SH.STA.MMRT,0,25,0
Palau,"Maternal mortality ratio (modeled estimate, per 100,000 live births)",SH.STA.MMRT,0,25,0
Panama,"Maternal mortality ratio (modeled estimate, per 100,000 live births)",SH.STA.MMRT,0,25,0
Papua New Guinea,"Maternal mortality ratio (modeled estimate, per 100,000 live births)",SH.STA.MMRT,0,25,0
Paraguay,"Maternal mortality ratio (modeled estimate, per 100,000 live births)",SH.STA.MMRT,0,25,0
Peru,"Maternal mortality ratio (modeled estimate, per 100,000 live births)",SH.STA.MMRT,0,25,0
Philippines,"Maternal mortality ratio (modeled estimate, per 100,000 live births)",SH.STA.MMRT,0,25,0
Poland,"Maternal mortality ratio (modeled estimate, per 100,000 live births)",SH.STA.MMRT,0,25,0
Portugal,"Maternal mortality ratio (modeled estimate, per 100,000 live births)",SH.STA.MMRT,0,25,0
Puerto Rico,"Maternal mortality ratio (modeled estimate, per 100,000 live births)",SH.STA.MMRT,0,25,0
Qatar,"Maternal mortality ratio (modeled estimate, per 100,000 live births)",SH.STA.MMRT,0,25,0
Romania,"Maternal mortality ratio (modeled estimate, per 100,000 live births)",SH.STA.MMRT,0,25,0
Russian Federation,"Maternal mortality ratio (modeled estimate, per 100,000 live births)",SH.STA.MMRT,0,25,0
Rwanda,"Maternal mortality ratio (modeled estimate, per 100,000 live births)",SH.STA.MMRT,0,25,0
Samoa,"Maternal mortality ratio (modeled estimate, per 100,000 live births)",SH.STA.MMRT,0,25,0
San Marino,"Maternal mortality ratio (modeled estimate, per 100,000 live births)",SH.STA.MMRT,0,25,0
Sao Tome and Principe,"Maternal mortality ratio (modeled estimate, per 100,000 live births)",SH.STA.MMRT,0,25,0
Saudi Arabia,"Maternal mortality ratio (modeled estimate, per 100,000 live births)",SH.STA.MMRT,0,25,0
Senegal,"Maternal mortality ratio (modeled estimate, per 100,000 live births)",SH.STA.MMRT,0,25,0
Serbia,"Maternal mortality ratio (modeled estimate, per 100,000 live births)",SH.STA.MMRT,0,25,0
Seychelles,"Maternal mortality ratio (modeled estimate, per 100,000 live births)",SH.STA.MMRT,0,25,0
Sierra Leone,"Maternal mortality ratio (modeled estimate, per 100,000 live births)",SH.STA.MMRT,0,25,0
Singapore,"Maternal mortality ratio (modeled estimate, per 100,000 live births)",SH.STA.MMRT,0,25,0
Sint Maarten (Dutch part),"Maternal mortality ratio (modeled estimate, per 100,000 live births)",SH.STA.MMRT,0,25,0
Slovak Republic,"Maternal mortality ratio (modeled estimate, per 100,000 live births)",SH.STA.MMRT,0,25,0
Slovenia,"Maternal mortality ratio (modeled estimate, per 100,000 live births)",SH.STA.MMRT,0,25,0
Solomon Islands,"Maternal mortality ratio (modeled estimate, per 100,000 live births)",SH.STA.MMRT,0,25,0
Somalia,"Maternal mortality ratio (modeled estimate, per 100,000 live births)",SH.STA.MMRT,0,25,0
South Africa,"Maternal mortality ratio (modeled estimate, per 100,000 live births)",SH.STA.MMRT,0,25,0
South Sudan,"Maternal mortality ratio (modeled estimate, per 100,000 live births)",SH.STA.MMRT,0,25,0
Spain,"Maternal mortality ratio (modeled estimate, per 100,000 live births)",SH.STA.MMRT,0,25,0
Sri Lanka,"Maternal mortality ratio (modeled estimate, per 100,000 live births)",SH.STA.MMRT,0,25,0
St. Kitts and Nevis,"Maternal mortality ratio (modeled estimate, per 100,000 live births)",SH.STA.MMRT,0,25,0
St. Lucia,"Maternal mortality ratio (modeled estimate, per 100,000 live births)",SH.STA.MMRT,0,25,0
St. Martin (French part),"Maternal mortality ratio (modeled estimate, per 100,000 live births)",SH.STA.MMRT,0,25,0
St. Vincent and the Grenadines,"Maternal mortality ratio (modeled estimate, per 100,000 live births)",SH.STA.MMRT,0,25,0
Sudan,"Maternal mortality ratio (modeled estimate, per 100,000 live births)",SH.STA.MMRT,0,25,0
Suriname,"Maternal mortality ratio (modeled estimate, per 100,000 live births)",SH.STA.MMRT,0,25,0
Sweden,"Maternal mortality ratio (modeled estimate, per 100,000 live births)",SH.STA.MMRT,0,25,0
Switzerland,"Maternal mortality ratio (modeled estimate, per 100,000 live births)",SH.STA.MMRT,0,25,0
Syrian Arab Republic,"Maternal mortality ratio (modeled estimate, per 100,000 live births)",SH.STA.MMRT,0,25,0
Tajikistan,"Maternal mortality ratio (modeled estimate, per 100,000 live births)",SH.STA.MMRT,0,25,0
Tanzania,"Maternal mortality ratio (modeled estimate, per 100,000 live births)",SH.STA.MMRT,0,25,0
Thailand,"Maternal mortality ratio (modeled estimate, per 100,000 live births)",SH.STA.MMRT,0,25,0
Timor-Leste,"Maternal mortality ratio (modeled estimate, per 100,000 live births)",SH.STA.MMRT,0,25,0
Togo,"Maternal mortality ratio (modeled estimate, per 100,000 live births)",SH.STA.MMRT,0,25,0
Tonga,"Maternal mortality ratio (modeled estimate, per 100,000 live births)",SH.STA.MMRT,0,25,0
Trinidad and Tobago,"Maternal mortality ratio (modeled estimate, per 100,000 live births)",SH.STA.MMRT,0,25,0
Tunisia,"Maternal mortality ratio (modeled estimate, per 100,000 live births)",SH.STA.MMRT,0,25,0
Turkiye,"Maternal mortality ratio (modeled estimate, per 100,000 live births)",SH.STA.MMRT,0,25,0
Turkmenistan,"Maternal mortality ratio (modeled estimate, per 100,000 live births)",SH.STA.MMRT,0,25,0
Turks and Caicos Islands,"Maternal mortality ratio (modeled estimate, per 100,000 live births)",SH.STA.MMRT,0,25,0
Tuvalu,"Maternal mortality ratio (modeled estimate, per 100,000 live births)",SH.STA.MMRT,0,25,0
Uganda,"Maternal mortality ratio (modeled estimate, per 100,000 live births)",SH.STA.MMRT,0,25,0
Ukraine,"Maternal mortality ratio (modeled estimate, per 100,000 live births)",SH.STA.MMRT,0,25,0
United Arab Emirates,"Maternal mortality ratio (modeled estimate, per 100,000 live births)",SH.STA.MMRT,0,25,0
United Kingdom,"Maternal mortality ratio (modeled estimate, per 100,000 live births)",SH.STA.MMRT,0,25,0
United States,"Maternal mortality ratio (modeled estimate, per 100,000 live births)",SH.STA.MMRT,0,25,0
Uruguay,"Maternal mortality ratio (modeled estimate, per 100,000 live births)",SH.STA.MMRT,0,25,0
Uzbekistan,"Maternal mortality ratio (modeled estimate, per 100,000 live births)",SH.STA.MMRT,0,25,0
Vanuatu,"Maternal mortality ratio (modeled estimate, per 100,000 live births)",SH.STA.MMRT,0,25,0
"Venezuela, RB","Maternal mortality ratio (modeled estimate, per 100,000 live births)",SH.STA.MMRT,0,25,0
Viet Nam,"Maternal mortality ratio (modeled estimate, per 100,000 live births)",SH.STA.MMRT,0,25,0
Virgin Islands (U.S.),"Maternal mortality ratio (modeled estimate, per 100,000 live births)",SH.STA.MMRT,0,25,0
West Bank and Gaza,"Maternal mortality ratio (modeled estimate, per 100,000 live births)",SH.STA.MMRT,0,25,0
"Yemen, Rep.","Maternal mortality ratio (modeled estimate, per 100,000 live births)",SH.STA.MMRT,0,25,0
Zambia,"Maternal mortality ratio (modeled estimate, per 100,000 live births)",SH.STA.MMRT,0,25,0
Zimbabwe,"Maternal mortality ratio (modeled estimate, per 100,000 live births)",SH.STA.MMRT,0,25,0
Africa Eastern and Southern,"Maternal mortality ratio (modeled estimate, per 100,000 live births)",SH.STA.MMRT,0,25,0
Africa Western and Central,"Maternal mortality ratio (modeled estimate, per 100,000 live births)",SH.STA.MMRT,0,25,0
Arab World,"Maternal mortality ratio (modeled estimate, per 100,000 live births)",SH.STA.MMRT,0,25,0
Caribbean small states,"Maternal mortality ratio (modeled estimate, per 100,000 live births)",SH.STA.MMRT,0,25,0
Central Europe and the Baltics,"Maternal mortality ratio (modeled estimate, per 100,000 live births)",SH.STA.MMRT,0,25,0
Early-demographic dividend,"Maternal mortality ratio (modeled estimate, per 100,000 live births)",SH.STA.MMRT,0,25,0
East Asia & Pacific,"Maternal mortality ratio (modeled estimate, per 100,000 live births)",SH.STA.MMRT,0,25,0
East Asia & Pacific (excluding high income),"Maternal mortality ratio (modeled estimate, per 100,000 live births)",SH.STA.MMRT,0,25,0
East Asia & Pacific (IDA & IBRD),"Maternal mortality ratio (modeled estimate, per 100,000 live births)",SH.STA.MMRT,0,25,0
Euro area,"Maternal mortality ratio (modeled estimate, per 100,000 live births)",SH.STA.MMRT,0,25,0
Europe & Central Asia,"Maternal mortality ratio (modeled estimate, per 100,000 live births)",SH.STA.MMRT,0,25,0
Europe & Central Asia (excluding high income),"Maternal mortality ratio (modeled estimate, per 100,000 live births)",SH.STA.MMRT,0,25,0
Europe & Central Asia (IDA & IBRD),"Maternal mortality ratio (modeled estimate, per 100,000 live births)",SH.STA.MMRT,0,25,0
European Union,"Maternal mortality ratio (modeled estimate, per 100,000 live births)",SH.STA.MMRT,0,25,0
Fragile and conflict affected situations,"Maternal mortality ratio (modeled estimate, per 100,000 live births)",SH.STA.MMRT,0,25,0
Heavily indebted poor countries (HIPC),"Maternal mortality ratio (modeled estimate, per 100,000 live births)",SH.STA.MMRT,0,25,0
High income,"Maternal mortality ratio (modeled estimate, per 100,000 live births)",SH.STA.MMRT,0,25,0
IBRD only,"Maternal mortality ratio (modeled estimate, per 100,000 live births)",SH.STA.MMRT,0,25,0
IDA & IBRD total,"Maternal mortality ratio (modeled estimate, per 100,000 live births)",SH.STA.MMRT,0,25,0
IDA blend,"Maternal mortality ratio (modeled estimate, per 100,000 live births)",SH.STA.MMRT,0,25,0
IDA only,"Maternal mortality ratio (modeled estimate, per 100,000 live births)",SH.STA.MMRT,0,25,0
IDA total,"Maternal mortality ratio (modeled estimate, per 100,000 live births)",SH.STA.MMRT,0,25,0
Late-demographic dividend,"Maternal mortality ratio (modeled estimate, per 100,000 live births)",SH.STA.MMRT,0,25,0
Latin America & Caribbean,"Maternal mortality ratio (modeled estimate, per 100,000 live births)",SH.STA.MMRT,0,25,0
Latin America & Caribbean (excluding high income),"Maternal mortality ratio (modeled estimate, per 100,000 live births)",SH.STA.MMRT,0,25,0
Latin America & Caribbean (IDA & IBRD),"Maternal mortality ratio (modeled estimate, per 100,000 live births)",SH.STA.MMRT,0,25,0
Least developed countries: UN classification,"Maternal mortality ratio (modeled estimate, per 100,000 live births)",SH.STA.MMRT,0,25,0
Low & middle income,"Maternal mortality ratio (modeled estimate, per 100,000 live births)",SH.STA.MMRT,0,25,0
Low income,"Maternal mortality ratio (modeled estimate, per 100,000 live births)",SH.STA.MMRT,0,25,0
Lower middle income,"Maternal mortality ratio (modeled estimate, per 100,000 live births)",SH.STA.MMRT,0,25,0
Middle East & North Africa,"Maternal mortality ratio (modeled estimate, per 100,000 live births)",SH.STA.MMRT,0,25,0
Middle East & North Africa (excluding high income),"Maternal mortality ratio (modeled estimate, per 100,000 live births)",SH.STA.MMRT,0,25,0
Middle East & North Africa (IDA & IBRD),"Maternal mortality ratio (modeled estimate, per 100,000 live births)",SH.STA.MMRT,0,25,0
Middle income,"Maternal mortality ratio (modeled estimate, per 100,000 live births)",SH.STA.MMRT,0,25,0
North America,"Maternal mortality ratio (modeled estimate, per 100,000 live births)",SH.STA.MMRT,0,25,0
OECD members,"Maternal mortality ratio (modeled estimate, per 100,000 live births)",SH.STA.MMRT,0,25,0
Other small states,"Maternal mortality ratio (modeled estimate, per 100,000 live births)",SH.STA.MMRT,0,25,0
Pacific island small states,"Maternal mortality ratio (modeled estimate, per 100,000 live births)",SH.STA.MMRT,0,25,0
Post-demographic dividend,"Maternal mortality ratio (modeled estimate, per 100,000 live births)",SH.STA.MMRT,0,25,0
Pre-demographic dividend,"Maternal mortality ratio (modeled estimate, per 100,000 live births)",SH.STA.MMRT,0,25,0
Small states,"Maternal mortality ratio (modeled estimate, per 100,000 live births)",SH.STA.MMRT,0,25,0
South Asia,"Maternal mortality ratio (modeled estimate, per 100,000 live births)",SH.STA.MMRT,0,25,0
South Asia (IDA & IBRD),"Maternal mortality ratio (modeled estimate, per 100,000 live births)",SH.STA.MMRT,0,25,0
Sub-Saharan Africa,"Maternal mortality ratio (modeled estimate, per 100,000 live births)",SH.STA.MMRT,0,25,0
Sub-Saharan Africa (excluding high income),"Maternal mortality ratio (modeled estimate, per 100,000 live births)",SH.STA.MMRT,0,25,0
Sub-Saharan Africa (IDA & IBRD),"Maternal mortality ratio (modeled estimate, per 100,000 live births)",SH.STA.MMRT,0,25,0
Upper middle income,"Maternal mortality ratio (modeled estimate, per 100,000 live births)",SH.STA.MMRT,0,25,0
World,"Maternal mortality ratio (modeled estimate, per 100,000 live births)",SH.STA.MMRT,0,25,0
Afghanistan,GDP per capita (constant 2015 US$),NY.GDP.PCAP.KD,0,25,0
Albania,GDP per capita (constant 2015 US$),NY.GDP.PCAP.KD,0,25,0
Algeria,GDP per capita (constant 2015 US$),NY.GDP.PCAP.KD,0,25,0
American Samoa,GDP per capita (constant 2015 US$),NY.GDP.PCAP.KD,0,25,0
Andorra,GDP per capita (constant 2015 US$),NY.GDP.PCAP.KD,0,25,0
Angola,GDP per capita (constant 2015 US$),NY.GDP.PCAP.KD,0,25,0
Antigua and Barbuda,GDP per capita (constant 2015 US$),NY.GDP.PCAP.KD,0,25,0
Argentina,GDP per capita (constant 2015 US$),NY.GDP.PCAP.KD,0,25,0
Armenia,GDP per capita (constant 2015 US$),NY.GDP.PCAP.KD,0,25,0
Aruba,GDP per capita (constant 2015 US$),NY.GDP.PCAP.KD,0,25,0
Australia,GDP per capita (constant 2015 US$),NY.GDP.PCAP.KD,0,25,0
Austria,GDP per capita (constant 2015 US$),NY.GDP.PCAP.KD,0,25,0
Azerbaijan,GDP per capita (constant 2015 US$),NY.GDP.PCAP.KD,0,25,0
"Bahamas, The",GDP per capita (constant 2015 US$),NY.GDP.PCAP.KD,0,25,0
Bahrain,GDP per capita (constant 2015 US$),NY.GDP.PCAP.KD,0,25,0
Bangladesh,GDP per capita (constant 2015 US$),NY.GDP.PCAP.KD,0,25,0
Barbados,GDP per capita (constant 2015 US$),NY.GDP.PCAP.KD,0,25,0
Belarus,GDP per capita (constant 2015 US$),NY.GDP.PCAP.KD,0,25,0
Belgium,GDP per capita (constant 2015 US$),NY.GDP.PCAP.KD,0,25,0
Belize,GDP per capita (constant 2015 US$),NY.GDP.PCAP.KD,0,25,0
Benin,GDP per capita (constant 2015 US$),NY.GDP.PCAP.KD,0,25,0
Bermuda,GDP per capita (constant 2015 US$),NY.GDP.PCAP.KD,0,25,0
Bhutan,GDP per capita (constant 2015 US$),NY.GDP.PCAP.KD,0,25,0
Bolivia,GDP per capita (constant 2015 US$),NY.GDP.PCAP.KD,0,25,0
Bosnia and Herzegovina,GDP per capita (constant 2015 US$),NY.GDP.PCAP.KD,0,25,0
Botswana,GDP per capita (constant 2015 US$),NY.GDP.PCAP.KD,0,25,0
Brazil,GDP per capita (constant 2015 US$),NY.GDP.PCAP.KD,0,25,0
British Virgin Islands,GDP per capita (constant 2015 US$),NY.GDP.PCAP.KD,0,25,0
Brunei Darussalam,GDP per capita (constant 2015 US$),NY.GDP.PCAP.KD,0,25,0
Bulgaria,GDP per capita (constant 2015 US$),NY.GDP.PCAP.KD,0,25,0
Burkina Faso,GDP per capita (constant 2015 US$),NY.GDP.PCAP.KD,0,25,0
Burundi,GDP per capita (constant 2015 US$),NY.GDP.PCAP.KD,0,25,0
Cabo Verde,GDP per capita (constant 2015 US$),NY.GDP.PCAP.KD,0,25,0
Cambodia,GDP per capita (constant 2015 US$),NY.GDP.PCAP.KD,0,25,0
Cameroon,GDP per capita (constant 2015 US$),NY.GDP.PCAP.KD,0,25,0
Canada,GDP per capita (constant 2015 US$),NY.GDP.PCAP.KD,0,25,0
Cayman Islands,GDP per capita (constant 2015 US$),NY.GDP.PCAP.KD,0,25,0
Central African Republic,GDP per capita (constant 2015 US$),NY.GDP.PCAP.KD,0,25,0
Chad,GDP per capita (constant 2015 US$),NY.GDP.PCAP.KD,0,25,0
Channel Islands,GDP per capita (constant 2015 US$),NY.GDP.PCAP.KD,0,25,0
Chile,GDP per capita (constant 2015 US$),NY.GDP.PCAP.KD,0,25,0
China,GDP per capita (constant 2015 US$),NY.GDP.PCAP.KD,0,25,0
Colombia,GDP per capita (constant 2015 US$),NY.GDP.PCAP.KD,0,25,0
Comoros,GDP per capita (constant 2015 US$),NY.GDP.PCAP.KD,0,25,0
"Congo, Dem. Rep.",GDP per capita (constant 2015 US$),NY.GDP.PCAP.KD,0,25,0
"Congo, Rep.",GDP per capita (constant 2015 US$),NY.GDP.PCAP.KD,0,25,0
Costa Rica,GDP per capita (constant 2015 US$),NY.GDP.PCAP.KD,0,25,0
Cote d'Ivoire,GDP per capita (constant 2015 US$),NY.GDP.PCAP.KD,0,25,0
Croatia,GDP per capita (constant 2015 US$),NY.GDP.PCAP.KD,0,25,0
Cuba,GDP per capita (constant 2015 US$),NY.GDP.PCAP.KD,0,25,0
Curacao,GDP per capita (constant 2015 US$),NY.GDP.PCAP.KD,0,25,0
Cyprus,GDP per capita (constant 2015 US$),NY.GDP.PCAP.KD,0,25,0
Czechia,GDP per capita (constant 2015 US$),NY.GDP.PCAP.KD,0,25,0
Denmark,GDP per capita (constant 2015 US$),NY.GDP.PCAP.KD,0,25,0
Djibouti,GDP per capita (constant 2015 US$),NY.GDP.PCAP.KD,0,25,0
Dominica,GDP per capita (constant 2015 US$),NY.GDP.PCAP.KD,0,25,0
Dominican Republic,GDP per capita (constant 2015 US$),NY.GDP.PCAP.KD,0,25,0
Ecuador,GDP per capita (constant 2015 US$),NY.GDP.PCAP.KD,0,25,0
"Egypt, Arab Rep.",GDP per capita (constant 2015 US$),NY.GDP.PCAP.KD,0,25,0
El Salvador,GDP per capita (constant 2015 US$),NY.GDP.PCAP.KD,0,25,0
Equatorial Guinea,GDP per capita (constant 2015 US$),NY.GDP.PCAP.KD,0,25,0
Eritrea,GDP per capita (constant 2015 US$),NY.GDP.PCAP.KD,0,25,0
Estonia,GDP per capita (constant 2015 US$),NY.GDP.PCAP.KD,0,25,0
Eswatini,GDP per capita (constant 2015 US$),NY.GDP.PCAP.KD,0,25,0
Ethiopia,GDP per capita (constant 2015 US$),NY.GDP.PCAP.KD,0,25,0
Faroe Islands,GDP per capita (constant 2015 US$),NY.GDP.PCAP.KD,0,25,0
Fiji,GDP per capita (constant 2015 US$),NY.GDP.PCAP.KD,0,25,0
Finland,GDP per capita (constant 2015 US$),NY.GDP.PCAP.KD,0,25,0
France,GDP per capita (constant 2015 US$),NY.GDP.PCAP.KD,0,25,0
French Polynesia,GDP per capita (constant 2015 US$),NY.GDP.PCAP.KD,0,25,0
Gabon,GDP per capita (constant 2015 US$),NY.GDP.PCAP.KD,0,25,0
"Gambia, The",GDP per capita (constant 2015 US$),NY.GDP.PCAP.KD,0,25,0
Georgia,GDP per capita (constant 2015 US$),NY.GDP.PCAP.KD,0,25,0
Germany,GDP per capita (constant 2015 US$),NY.GDP.PCAP.KD,0,25,0
Ghana,GDP per capita (constant 2015 US$),NY.GDP.PCAP.KD,0,25,0
Gibraltar,GDP per capita (constant 2015 US$),NY.GDP.PCAP.KD,0,25,0
Greece,GDP per capita (constant 2015 US$),NY.GDP.PCAP.KD,0,25,0
Greenland,GDP per capita (constant 2015 US$),NY.GDP.PCAP.KD,0,25,0
Grenada,GDP per capita (constant 2015 US$),NY.GDP.PCAP.KD,0,25,0
Guam,GDP per capita (constant 2015 US$),NY.GDP.PCAP.KD,0,25,0
Guatemala,GDP per capita (constant 2015 US$),NY.GDP.PCAP.KD,0,25,0
Guinea,GDP per capita (constant 2015 US$),NY.GDP.PCAP.KD,0,25,0
Guinea-Bissau,GDP per capita (constant 2015 US$),NY.GDP.PCAP.KD,0,25,0
Guyana,GDP per capita (constant 2015 US$),NY.GDP.PCAP.KD,0,25,0
Haiti,GDP per capita (constant 2015 US$),NY.GDP.PCAP.KD,0,25,0
Honduras,GDP per capita (constant 2015 US$),NY.GDP.PCAP.KD,0,25,0
"Hong Kong SAR, China",GDP per capita (constant 2015 US$),NY.GDP.PCAP.KD,0,25,0
Hungary,GDP per capita (constant 2015 US$),NY.GDP.PCAP.KD,0,25,0
Iceland,GDP per capita (constant 2015 US$),NY.GDP.PCAP.KD,0,25,0
India,GDP per capita (constant 2015 US$),NY.GDP.PCAP.KD,0,25,0
Indonesia,GDP per capita (constant 2015 US$),NY.GDP.PCAP.KD,0,25,0
"Iran, Islamic Rep.",GDP per capita (constant 2015 US$),NY.GDP.PCAP.KD,0,25,0
Iraq,GDP per capita (constant 2015 US$),NY.GDP.PCAP.KD,0,25,0
Ireland,GDP per capita (constant 2015 US$),NY.GDP.PCAP.KD,0,25,0
Isle of Man,GDP per capita (constant 2015 US$),NY.GDP.PCAP.KD,0,25,0
Israel,GDP per capita (constant 2015 US$),NY.GDP.PCAP.KD,0,25,0
Italy,GDP per capita (constant 2015 US$),NY.GDP.PCAP.KD,0,25,0
Jamaica,GDP per capita (constant 2015 US$),NY.GDP.PCAP.KD,0,25,0
Japan,GDP per capita (constant 2015 US$),NY.GDP.PCAP.KD,0,25,0
Jordan,GDP per capita (constant 2015 US$),NY.GDP.PCAP.KD,0,25,0
Kazakhstan,GDP per capita (constant 2015 US$),NY.GDP.PCAP.KD,0,25,0
Kenya,GDP per capita (constant 2015 US$),NY.GDP.PCAP.KD,0,25,0
Kiribati,GDP per capita (constant 2015 US$),NY.GDP.PCAP.KD,0,25,0
"Korea, Dem. People's Rep.",GDP per capita (constant 2015 US$),NY.GDP.PCAP.KD,0,25,0
"Korea, Rep.",GDP per capita (constant 2015 US$),NY.GDP.PCAP.KD,0,25,0
Kosovo,GDP per capita (constant 2015 US$),NY.GDP.PCAP.KD,0,25,0
Kuwait,GDP per capita (constant 2015 US$),NY.GDP.PCAP.KD,0,25,0
Kyrgyz Republic,GDP per capita (constant 2015 US$),NY.GDP.PCAP.KD,0,25,0
Lao PDR,GDP per capita (constant 2015 US$),NY.GDP.PCAP.KD,0,25,0
Latvia,GDP per capita (constant 2015 US$),NY.GDP.PCAP.KD,0,25,0
Lebanon,GDP per capita (constant 2015 US$),NY.GDP.PCAP.KD,0,25,0
Lesotho,GDP per capita (constant 2015 US$),NY.GDP.PCAP.KD,0,25,0
Liberia,GDP per capita (constant 2015 US$),NY.GDP.PCAP.KD,0,25,0
Libya,GDP per capita (constant 2015 US$),NY.GDP.PCAP.KD,0,25,0
Liechtenstein,GDP per capita (constant 2015 US$),NY.GDP.PCAP.KD,0,25,0
Lithuania,GDP per capita (constant 2015 US$),NY.GDP.PCAP.KD,0,25,0
Luxembourg,GDP per capita (constant 2015 US$),NY.GDP.PCAP.KD,0,25,0
"Macao SAR, China",GDP per capita (constant 2015 US$),NY.GDP.PCAP.KD,0,25,0
Madagascar,GDP per capita (constant 2015 US$),NY.GDP.PCAP.KD,0,25,0
Malawi,GDP per capita (constant 2015 US$),NY.GDP.PCAP.KD,0,25,0
Malaysia,GDP per capita (constant 2015 US$),NY.GDP.PCAP.KD,0,25,0
Maldives,GDP per capita (constant 2015 US$),NY.GDP.PCAP.KD,0,25,0
Mali,GDP per capita (constant 2015 US$),NY.GDP.PCAP.KD,0,25,0
Malta,GDP per capita (constant 2015 US$),NY.GDP.PCAP.KD,0,25,0
Marshall Islands,GDP per capita (constant 2015 US$),NY.GDP.PCAP.KD,0,25,0
Mauritania,GDP per capita (constant 2015 US$),NY.GDP.PCAP.KD,0,25,0
Mauritius,GDP per capita (constant 2015 US$),NY.GDP.PCAP.KD,0,25,0
Mexico,GDP per capita (constant 2015 US$),NY.GDP.PCAP.KD,0,25,0
"Micronesia, Fed. Sts.",GDP per capita (constant 2015 US$),NY.GDP.PCAP.KD,0,25,0
Moldova,GDP per capita (constant 2015 US$),NY.GDP.PCAP.KD,0,25,0
Monaco,GDP per capita (constant 2015 US$),NY.GDP.PCAP.KD,0,25,0
Mongolia,GDP per capita (constant 2015 US$),NY.GDP.PCAP.KD,0,25,0
Montenegro,GDP per capita (constant 2015 US$),NY.GDP.PCAP.KD,0,25,0
Morocco,GDP per capita (constant 2015 US$),NY.GDP.PCAP.KD,0,25,0
Mozambique,GDP per capita (constant 2015 US$),NY.GDP.PCAP.KD,0,25,0
Myanmar,GDP per capita (constant 2015 US$),NY.GDP.PCAP.KD,0,25,0
Namibia,GDP per capita (constant 2015 US$),NY.GDP.PCAP.KD,0,25,0
Nauru,GDP per capita (constant 2015 US$),NY.GDP.PCAP.KD,0,25,0
Nepal,GDP per capita (constant 2015 US$),NY.GDP.PCAP.KD,0,25,0
Netherlands,GDP per capita (constant 2015 US$),NY.GDP.PCAP.KD,0,25,0
New Caledonia,GDP per capita (constant 2015 US$),NY.GDP.PCAP.KD,0,25,0
New Zealand,GDP per capita (constant 2015 US$),NY.GDP.PCAP.KD,0,25,0
Nicaragua,GDP per capita (constant 2015 US$),NY.GDP.PCAP.KD,0,25,0
Niger,GDP per capita (constant 2015 US$),NY.GDP.PCAP.KD,0,25,0
Nigeria,GDP per capita (constant 2015 US$),NY.GDP.PCAP.KD,0,25,0
North Macedonia,GDP per capita (constant 2015 US$),NY.GDP.PCAP.KD,0,25,0
Northern Mariana Islands,GDP per capita (constant 2015 US$),NY.GDP.PCAP.KD,0,25,0
Norway,GDP per capita (constant 2015 US$),NY.GDP.PCAP.KD,0,25,0
Oman,GDP per capita (constant 2015 US$),NY.GDP.PCAP.KD,0,25,0
Pakistan,GDP per capita (constant 2015 US$),NY.GDP.PCAP.KD,0,25,0
Palau,GDP per capita (constant 2015 US$),NY.GDP.PCAP.KD,0,25,0
Panama,GDP per capita (constant 2015 US$),NY.GDP.PCAP.KD,0,25,0
Papua New Guinea,GDP per capita (constant 2015 US$),NY.GDP.PCAP.KD,0,25,0
Paraguay,GDP per capita (constant 2015 US$),NY.GDP.PCAP.KD,0,25,0
Peru,GDP per capita (constant 2015 US$),NY.GDP.PCAP.KD,0,25,0
Philippines,GDP per capita (constant 2015 US$),NY.GDP.PCAP.KD,0,25,0
Poland,GDP per capita (constant 2015 US$),NY.GDP.PCAP.KD,0,25,0
Portugal,GDP per capita (constant 2015 US$),NY.GDP.PCAP.KD,0,25,0
Puerto Rico,GDP per capita (constant 2015 US$),NY.GDP.PCAP.KD,0,25,0
Qatar,GDP per capita (constant 2015 US$),NY.GDP.PCAP.KD,0,25,0
Romania,GDP per capita (constant 2015 US$),NY.GDP.PCAP.KD,0,25,0
Russian Federation,GDP per capita (constant 2015 US$),NY.GDP.PCAP.KD,0,25,0
Rwanda,GDP per capita (constant 2015 US$),NY.GDP.PCAP.KD,0,25,0
Samoa,GDP per capita (constant 2015 US$),NY.GDP.PCAP.KD,0,25,0
San Marino,GDP per capita (constant 2015 US$),NY.GDP.PCAP.KD,0,25,0
Sao Tome and Principe,GDP per capita (constant 2015 US$),NY.GDP.PCAP.KD,0,25,0
Saudi Arabia,GDP per capita (constant 2015 US$),NY.GDP.PCAP.KD,0,25,0
Senegal,GDP per capita (constant 2015 US$),NY.GDP.PCAP.KD,0,25,0
Serbia,GDP per capita (constant 2015 US$),NY.GDP.PCAP.KD,0,25,0
Seychelles,GDP per capita (constant 2015 US$),NY.GDP.PCAP.KD,0,25,0
Sierra Leone,GDP per capita (constant 2015 US$),NY.GDP.PCAP.KD,0,25,0
Singapore,GDP per capita (constant 2015 US$),NY.GDP.PCAP.KD,0,25,0
Sint Maarten (Dutch part),GDP per capita (constant 2015 US$),NY.GDP.PCAP.KD,0,25,0
Slovak Republic,GDP per capita (constant 2015 US$),NY.GDP.PCAP.KD,0,25,0
Slovenia,GDP per capita (constant 2015 US$),NY.GDP.PCAP.KD,0,25,0
Solomon Islands,GDP per capita (constant 2015 US$),NY.GDP.PCAP.KD,0,25,0
Somalia,GDP per capita (constant 2015 US$),NY.GDP.PCAP.KD,0,25,0
South Africa,GDP per capita (constant 2015 US$),NY.GDP.PCAP.KD,0,25,0
South Sudan,GDP per capita (constant 2015 US$),NY.GDP.PCAP.KD,0,25,0
Spain,GDP per capita (constant 2015 US$),NY.GDP.PCAP.KD,0,25,0
Sri Lanka,GDP per capita (constant 2015 US$),NY.GDP.PCAP.KD,0,25,0
St. Kitts and Nevis,GDP per capita (constant 2015 US$),NY.GDP.PCAP.KD,0,25,0
St. Lucia,GDP per capita (constant 2015 US$),NY.GDP.PCAP.KD,0,25,0
St. Martin (French part),GDP per capita (constant 2015 US$),NY.GDP.PCAP.KD,0,25,0
St. Vincent and the Grenadines,GDP per capita (constant 2015 US$),NY.GDP.PCAP.KD,0,25,0
Sudan,GDP per capita (constant 2015 US$),NY.GDP.PCAP.KD,0,25,0
Suriname,GDP per capita (constant 2015 US$),NY.GDP.PCAP.KD,0,25,0
Sweden,GDP per capita (constant 2015 US$),NY.GDP.PCAP.KD,0,25,0
Switzerland,GDP per capita (constant 2015 US$),NY.GDP.PCAP.KD,0,25,0
Syrian Arab Republic,GDP per capita (constant 2015 US$),NY.GDP.PCAP.KD,0,25,0
Tajikistan,GDP per capita (constant 2015 US$),NY.GDP.PCAP.KD,0,25,0
Tanzania,GDP per capita (constant 2015 US$),NY.GDP.PCAP.KD,0,25,0
Thailand,GDP per capita (constant 2015 US$),NY.GDP.PCAP.KD,0,25,0
Timor-Leste,GDP per capita (constant 2015 US$),NY.GDP.PCAP.KD,0,25,0
Togo,GDP per capita (constant 2015 US$),NY.GDP.PCAP.KD,0,25,0
Tonga,GDP per capita (constant 2015 US$),NY.GDP.PCAP.KD,0,25,0
Trinidad and Tobago,GDP per capita (constant 2015 US$),NY.GDP.PCAP.KD,0,25,0
Tunisia,GDP per capita (constant 2015 US$),NY.GDP.PCAP.KD,0,25,0
Turkiye,GDP per capita (constant 2015 US$),NY.GDP.PCAP.KD,0,25,0
Turkmenistan,GDP per capita (constant 2015 US$),NY.GDP.PCAP.KD,0,25,0
Turks and Caicos Islands,GDP per capita (constant 2015 US$),NY.GDP.PCAP.KD,0,25,0
Tuvalu,GDP per capita (constant 2015 US$),NY.GDP.PCAP.KD,0,25,0
Uganda,GDP per capita (constant 2015 US$),NY.GDP.PCAP.KD,0,25,0
Ukraine,GDP per capita (constant 2015 US$),NY.GDP.PCAP.KD,0,25,0
United Arab Emirates,GDP per capita (constant 2015 US$),NY.GDP.PCAP.KD,0,25,0
United Kingdom,GDP per capita (constant 2015 US$),NY.GDP.PCAP.KD,0,25,0
United States,GDP per capita (constant 2015 US$),NY.GDP.PCAP.KD,0,25,0
Uruguay,GDP per capita (constant 2015 US$),NY.GDP.PCAP.KD,0,25,0
Uzbekistan,GDP per capita (constant 2015 US$),NY.GDP.PCAP.KD,0,25,0
Vanuatu,GDP per capita (constant 2015 US$),NY.GDP.PCAP.KD,0,25,0
"Venezuela, RB",GDP per capita (constant 2015 US$),NY.GDP.PCAP.KD,0,25,0
Viet Nam,GDP per capita (constant 2015 US$),NY.GDP.PCAP.KD,0,25,0
Virgin Islands (U.S.),GDP per capita (constant 2015 US$),NY.GDP.PCAP.KD,0,25,0
West Bank and Gaza,GDP per capita (constant 2015 US$),NY.GDP.PCAP.KD,0,25,0
"Yemen, Rep.",GDP per capita (constant 2015 US$),NY.GDP.PCAP.KD,0,25,0
Zambia,GDP per capita (constant 2015 US$),NY.GDP.PCAP.KD,0,25,0
Zimbabwe,GDP per capita (constant 2015 US$),NY.GDP.PCAP.KD,0,25,0
Africa Eastern and Southern,GDP per capita (constant 2015 US$),NY.GDP.PCAP.KD,0,25,0
Africa Western and Central,GDP per capita (constant 2015 US$),NY.GDP.PCAP.KD,0,25,0
Arab World,GDP per capita (constant 2015 US$),NY.GDP.PCAP.KD,0,25,0
Caribbean small states,GDP per capita (constant 2015 US$),NY.GDP.PCAP.KD,0,25,0
Central Europe and the Baltics,GDP per capita (constant 2015 US$),NY.GDP.PCAP.KD,0,25,0
Early-demographic dividend,GDP per capita (constant 2015 US$),NY.GDP.PCAP.KD,0,25,0
East Asia & Pacific,GDP per capita (constant 2015 US$),NY.GDP.PCAP.KD,0,25,0
East Asia & Pacific (excluding high income),GDP per capita (constant 2015 US$),NY.GDP.PCAP.KD,0,25,0
East Asia & Pacific (IDA & IBRD),GDP per capita (constant 2015 US$),NY.GDP.PCAP.KD,0,25,0
Euro area,GDP per capita (constant 2015 US$),NY.GDP.PCAP.KD,0,25,0
Europe & Central Asia,GDP per capita (constant 2015 US$),NY.GDP.PCAP.KD,0,25,0
Europe & Central Asia (excluding high income),GDP per capita (constant 2015 US$),NY.GDP.PCAP.KD,0,25,0
Europe & Central Asia (IDA & IBRD),GDP per capita (constant 2015 US$),NY.GDP.PCAP.KD,0,25,0
European Union,GDP per capita (constant 2015 US$),NY.GDP.PCAP.KD,0,25,0
Fragile and conflict affected situations,GDP per capita (constant 2015 US$),NY.GDP.PCAP.KD,0,25,0
Heavily indebted poor countries (HIPC),GDP per capita (constant 2015 US$),NY.GDP.PCAP.KD,0,25,0
High income,GDP per capita (constant 2015 US$),NY.GDP.PCAP.KD,0,25,0
IBRD only,GDP per capita (constant 2015 US$),NY.GDP.PCAP.KD,0,25,0
IDA & IBRD total,GDP per capita (constant 2015 US$),NY.GDP.PCAP.KD,0,25,0
IDA blend,GDP per capita (constant 2015 US$),NY.GDP.PCAP.KD,0,25,0
IDA only,GDP per capita (constant 2015 US$),NY.GDP.PCAP.KD,0,25,0
IDA total,GDP per capita (constant 2015 US$),NY.GDP.PCAP.KD,0,25,0
Late-demographic dividend,GDP per capita (constant 2015 US$),NY.GDP.PCAP.KD,0,25,0
Latin America & Caribbean,GDP per capita (constant 2015 US$),NY.GDP.PCAP.KD,0,25,0
Latin America & Caribbean (excluding high income),GDP per capita (constant 2015 US$),NY.GDP.PCAP.KD,0,25,0
Latin America & Caribbean (IDA & IBRD),GDP per capita (constant 2015 US$),NY.GDP.PCAP.KD,0,25,0
Least developed countries: UN classification,GDP per capita (constant 2015 US$),NY.GDP.PCAP.KD,0,25,0
Low & middle income,GDP per capita (constant 2015 US$),NY.GDP.PCAP.KD,0,25,0
Low income,GDP per capita (constant 2015 US$),NY.GDP.PCAP.KD,0,25,0
Lower middle income,GDP per capita (constant 2015 US$),NY.GDP.PCAP.KD,0,25,0
Middle East & North Africa,GDP per capita (constant 2015 US$),NY.GDP.PCAP.KD,0,25,0
Middle East & North Africa (excluding high income),GDP per capita (constant 2015 US$),NY.GDP.PCAP.KD,0,25,0
Middle East & North Africa (IDA & IBRD),GDP per capita (constant 2015 US$),NY.GDP.PCAP.KD,0,25,0
Middle income,GDP per capita (constant 2015 US$),NY.GDP.PCAP.KD,0,25,0
North America,GDP per capita (constant 2015 US$),NY.GDP.PCAP.KD,0,25,0
OECD members,GDP per capita (constant 2015 US$),NY.GDP.PCAP.KD,0,25,0
Other small states,GDP per capita (constant 2015 US$),NY.GDP.PCAP.KD,0,25,0
Pacific island small states,GDP per capita (constant 2015 US$),NY.GDP.PCAP.KD,0,25,0
Post-demographic dividend,GDP per capita (constant 2015 US$),NY.GDP.PCAP.KD,0,25,0
Pre-demographic dividend,GDP per capita (constant 2015 US$),NY.GDP.PCAP.KD,0,25,0
Small states,GDP per capita (constant 2015 US$),NY.GDP.PCAP.KD,0,25,0
South Asia,GDP per capita (constant 2015 US$),NY.GDP.PCAP.KD,0,25,0
South Asia (IDA & IBRD),GDP per capita (constant 2015 US$),NY.GDP.PCAP.KD,0,25,0
Sub-Saharan Africa,GDP per capita (constant 2015 US$),NY.GDP.PCAP.KD,0,25,0
Sub-Saharan Africa (excluding high income),GDP per capita (constant 2015 US$),NY.GDP.PCAP.KD,0,25,0
Sub-Saharan Africa (IDA & IBRD),GDP per capita (constant 2015 US$),NY.GDP.PCAP.KD,0,25,0
Upper middle income,GDP per capita (constant 2015 US$),NY.GDP.PCAP.KD,0,25,0
World,GDP per capita (constant 2015 US$),NY.GDP.PCAP.KD,0,25,0
Afghanistan,"Labor force, female (% of total labor force)",SL.TLF.TOTL.FE.ZS,0,25,0
Albania,"Labor force, female (% of total labor force)",SL.TLF.TOTL.FE.ZS,0,25,0
Algeria,"Labor force, female (% of total labor force)",SL.TLF.TOTL.FE.ZS,0,25,0
American Samoa,"Labor force, female (% of total labor force)",SL.TLF.TOTL.FE.ZS,0,25,0
Andorra,"Labor force, female (% of total labor force)",SL.TLF.TOTL.FE.ZS,0,25,0
Angola,"Labor force, female (% of total labor force)",SL.TLF.TOTL.FE.ZS,0,25,0
Antigua and Barbuda,"Labor force, female (% of total labor force)",SL.TLF.TOTL.FE.ZS,0,25,0
Argentina,"Labor force, female (% of total labor force)",SL.TLF.TOTL.FE.ZS,0,25,0
Armenia,"Labor force, female (% of total labor force)",SL.TLF.TOTL.FE.ZS,0,25,0
Aruba,"Labor force, female (% of total labor force)",SL.TLF.TOTL.FE.ZS,0,25,0
Australia,"Labor force, female (% of total labor force)",SL.TLF.TOTL.FE.ZS,0,25,0
Austria,"Labor force, female (% of total labor force)",SL.TLF.TOTL.FE.ZS,0,25,0
Azerbaijan,"Labor force, female (% of total labor force)",SL.TLF.TOTL.FE.ZS,0,25,0
"Bahamas, The","Labor force, female (% of total labor force)",SL.TLF.TOTL.FE.ZS,0,25,0
Bahrain,"Labor force, female (% of total labor force)",SL.TLF.TOTL.FE.ZS,0,25,0
Bangladesh,"Labor force, female (% of total labor force)",SL.TLF.TOTL.FE.ZS,0,25,0
Barbados,"Labor force, female (% of total labor force)",SL.TLF.TOTL.FE.ZS,0,25,0
Belarus,"Labor force, female (% of total labor force)",SL.TLF.TOTL.FE.ZS,0,25,0
Belgium,"Labor force, female (% of total labor force)",SL.TLF.TOTL.FE.ZS,0,25,0
Belize,"Labor force, female (% of total labor force)",SL.TLF.TOTL.FE.ZS,0,25,0
Benin,"Labor force, female (% of total labor force)",SL.TLF.TOTL.FE.ZS,0,25,0
Bermuda,"Labor force, female (% of total labor force)",SL.TLF.TOTL.FE.ZS,0,25,0
Bhutan,"Labor force, female (% of total labor force)",SL.TLF.TOTL.FE.ZS,0,25,0
Bolivia,"Labor force, female (% of total labor force)",SL.TLF.TOTL.FE.ZS,0,25,0
Bosnia and Herzegovina,"Labor force, female (% of total labor force)",SL.TLF.TOTL.FE.ZS,0,25,0
Botswana,"Labor force, female (% of total labor force)",SL.TLF.TOTL.FE.ZS,0,25,0
Brazil,"Labor force, female (% of total labor force)",SL.TLF.TOTL.FE.ZS,0,25,0
British Virgin Islands,"Labor force, female (% of total labor force)",SL.TLF.TOTL.FE.ZS,0,25,0
Brunei Darussalam,"Labor force, female (% of total labor force)",SL.TLF.TOTL.FE.ZS,0,25,0
Bulgaria,"Labor force, female (% of total labor force)",SL.TLF.TOTL.FE.ZS,0,25,0
Burkina Faso,"Labor force, female (% of total labor force)",SL.TLF.TOTL.FE.ZS,0,25,0
Burundi,"Labor force, female (% of total labor force)",SL.TLF.TOTL.FE.ZS,0,25,0
Cabo Verde,"Labor force, female (% of total labor force)",SL.TLF.TOTL.FE.ZS,0,25,0
Cambodia,"Labor force, female (% of total labor force)",SL.TLF.TOTL.FE.ZS,0,25,0
Cameroon,"Labor force, female (% of total labor force)",SL.TLF.TOTL.FE.ZS,0,25,0
Canada,"Labor force, female (% of total labor force)",SL.TLF.TOTL.FE.ZS,0,25,0
Cayman Islands,"Labor force, female (% of total labor force)",SL.TLF.TOTL.FE.ZS,0,25,0
Central African Republic,"Labor force, female (% of total labor force)",SL.TLF.TOTL.FE.ZS,0,25,0
Chad,"Labor force, female (% of total labor force)",SL.TLF.TOTL.FE.ZS,0,25,0
Channel Islands,"Labor force, female (% of total labor force)",SL.TLF.TOTL.FE.ZS,0,25,0
Chile,"Labor force, female (% of total labor force)",SL.TLF.TOTL.FE.ZS,0,25,0
China,"Labor force, female (% of total labor force)",SL.TLF.TOTL.FE.ZS,0,25,0
Colombia,"Labor force, female (% of total labor force)",SL.TLF.TOTL.FE.ZS,0,25,0
Comoros,"Labor force, female (% of total labor force)",SL.TLF.TOTL.FE.ZS,0,25,0
"Congo, Dem. Rep.","Labor force, female (% of total labor force)",SL.TLF.TOTL.FE.ZS,0,25,0
"Congo, Rep.","Labor force, female (% of total labor force)",SL.TLF.TOTL.FE.ZS,0,25,0
Costa Rica,"Labor force, female (% of total labor force)",SL.TLF.TOTL.FE.ZS,0,25,0
Cote d'Ivoire,"Labor force, female (% of total labor force)",SL.TLF.TOTL.FE.ZS,0,25,0
Croatia,"Labor force, female (% of total labor force)",SL.TLF.TOTL.FE.ZS,0,25,0
Cuba,"Labor force, female (% of total labor force)",SL.TLF.TOTL.FE.ZS,0,25,0
Curacao,"Labor force, female (% of total labor force)",SL.TLF.TOTL.FE.ZS,0,25,0
Cyprus,"Labor force, female (% of total labor force)",SL.TLF.TOTL.FE.ZS,0,25,0
Czechia,"Labor force, female (% of total labor force)",SL.TLF.TOTL.FE.ZS,0,25,0
Denmark,"Labor force, female (% of total labor force)",SL.TLF.TOTL.FE.ZS,0,25,0
Djibouti,"Labor force, female (% of total labor force)",SL.TLF.TOTL.FE.ZS,0,25,0
Dominica,"Labor force, female (% of total labor force)",SL.TLF.TOTL.FE.ZS,0,25,0
Dominican Republic,"Labor force, female (% of total labor force)",SL.TLF.TOTL.FE.ZS,0,25,0
Ecuador,"Labor force, female (% of total labor force)",SL.TLF.TOTL.FE.ZS,0,25,0
"Egypt, Arab Rep.","Labor force, female (% of total labor force)",SL.TLF.TOTL.FE.ZS,0,25,0
El Salvador,"Labor force, female (% of total labor force)",SL.TLF.TOTL.FE.ZS,0,25,0
Equatorial Guinea,"Labor force, female (% of total labor force)",SL.TLF.TOTL.FE.ZS,0,25,0
Eritrea,"Labor force, female (% of total labor force)",SL.TLF.TOTL.FE.ZS,0,25,0
Estonia,"Labor force, female (% of total labor force)",SL.TLF.TOTL.FE.ZS,0,25,0
Eswatini,"Labor force, female (% of total labor force)",SL.TLF.TOTL.FE.ZS,0,25,0
Ethiopia,"Labor force, female (% of total labor force)",SL.TLF.TOTL.FE.ZS,0,25,0
Faroe Islands,"Labor force, female (% of total labor force)",SL.TLF.TOTL.FE.ZS,0,25,0
Fiji,"Labor force, female (% of total labor force)",SL.TLF.TOTL.FE.ZS,0,25,0
Finland,"Labor force, female (% of total labor force)",SL.TLF.TOTL.FE.ZS,0,25,0
France,"Labor force, female (% of total labor force)",SL.TLF.TOTL.FE.ZS,0,25,0
French Polynesia,"Labor force, female (% of total labor force)",SL.TLF.TOTL.FE.ZS,0,25,0
Gabon,"Labor force, female (% of total labor force)",SL.TLF.TOTL.FE.ZS,0,25,0
"Gambia, The","Labor force, female (% of total labor force)",SL.TLF.TOTL.FE.ZS,0,25,0
Georgia,"Labor force, female (% of total labor force)",SL.TLF.TOTL.FE.ZS,0,25,0
Germany,"Labor force, female (% of total labor force)",SL.TLF.TOTL.FE.ZS,0,25,0
Ghana,"Labor force, female (% of total labor force)",SL.TLF.TOTL.FE.ZS,0,25,0
Gibraltar,"Labor force, female (% of total labor force)",SL.TLF.TOTL.FE.ZS,0,25,0
Greece,"Labor force, female (% of total labor force)",SL.TLF.TOTL.FE.ZS,0,25,0
Greenland,"Labor force, female (% of total labor force)",SL.TLF.TOTL.FE.ZS,0,25,0
Grenada,"Labor force, female (% of total labor force)",SL.TLF.TOTL.FE.ZS,0,25,0
Guam,"Labor force, female (% of total labor force)",SL.TLF.TOTL.FE.ZS,0,25,0
Guatemala,"Labor force, female (% of total labor force)",SL.TLF.TOTL.FE.ZS,0,25,0
Guinea,"Labor force, female (% of total labor force)",SL.TLF.TOTL.FE.ZS,0,25,0
Guinea-Bissau,"Labor force, female (% of total labor force)",SL.TLF.TOTL.FE.ZS,0,25,0
Guyana,"Labor force, female (% of total labor force)",SL.TLF.TOTL.FE.ZS,0,25,0
Haiti,"Labor force, female (% of total labor force)",SL.TLF.TOTL.FE.ZS,0,25,0
Honduras,"Labor force, female (% of total labor force)",SL.TLF.TOTL.FE.ZS,0,25,0
"Hong Kong SAR, China","Labor force, female (% of total labor force)",SL.TLF.TOTL.FE.ZS,0,25,0
Hungary,"Labor force, female (% of total labor force)",SL.TLF.TOTL.FE.ZS,0,25,0
Iceland,"Labor force, female (% of total labor force)",SL.TLF.TOTL.FE.ZS,0,25,0
India,"Labor force, female (% of total labor force)",SL.TLF.TOTL.FE.ZS,0,25,0
Indonesia,"Labor force, female (% of total labor force)",SL.TLF.TOTL.FE.ZS,0,25,0
"Iran, Islamic Rep.","Labor force, female (% of total labor force)",SL.TLF.TOTL.FE.ZS,0,25,0
Iraq,"Labor force, female (% of total labor force)",SL.TLF.TOTL.FE.ZS,0,25,0
Ireland,"Labor force, female (% of total labor force)",SL.TLF.TOTL.FE.ZS,0,25,0
Isle of Man,"Labor force, female (% of total labor force)",SL.TLF.TOTL.FE.ZS,0,25,0
Israel,"Labor force, female (% of total labor force)",SL.TLF.TOTL.FE.ZS,0,25,0
Italy,"Labor force, female (% of total labor force)",SL.TLF.TOTL.FE.ZS,0,25,0
Jamaica,"Labor force, female (% of total labor force)",SL.TLF.TOTL.FE.ZS,0,25,0
Japan,"Labor force, female (% of total labor force)",SL.TLF.TOTL.FE.ZS,0,25,0
Jordan,"Labor force, female (% of total labor force)",SL.TLF.TOTL.FE.ZS,0,25,0
Kazakhstan,"Labor force, female (% of total labor force)",SL.TLF.TOTL.FE.ZS,0,25,0
Kenya,"Labor force, female (% of total labor force)",SL.TLF.TOTL.FE.ZS,0,25,0
Kiribati,"Labor force, female (% of total labor force)",SL.TLF.TOTL.FE.ZS,0,25,0
"Korea, Dem. People's Rep.","Labor force, female (% of total labor force)",SL.TLF.TOTL.FE.ZS,0,25,0
"Korea, Rep.","Labor force, female (% of total labor force)",SL.TLF.TOTL.FE.ZS,0,25,0
Kosovo,"Labor force, female (% of total labor force)",SL.TLF.TOTL.FE.ZS,0,25,0
Kuwait,"Labor force, female (% of total labor force)",SL.TLF.TOTL.FE.ZS,0,25,0
Kyrgyz Republic,"Labor force, female (% of total labor force)",SL.TLF.TOTL.FE.ZS,0,25,0
Lao PDR,"Labor force, female (% of total labor force)",SL.TLF.TOTL.FE.ZS,0,25,0
Latvia,"Labor force, female (% of total labor force)",SL.TLF.TOTL.FE.ZS,0,25,0
Lebanon,"Labor force, female (% of total labor force)",SL.TLF.TOTL.FE.ZS,0,25,0
Lesotho,"Labor force, female (% of total labor force)",SL.TLF.TOTL.FE.ZS,0,25,0
Liberia,"Labor force, female (% of total labor force)",SL.TLF.TOTL.FE.ZS,0,25,0
Libya,"Labor force, female (% of total labor force)",SL.TLF.TOTL.FE.ZS,0,25,0
Liechtenstein,"Labor force, female (% of total labor force)",SL.TLF.TOTL.FE.ZS,0,25,0
Lithuania,"Labor force, female (% of total labor force)",SL.TLF.TOTL.FE.ZS,0,25,0
Luxembourg,"Labor force, female (% of total labor force)",SL.TLF.TOTL.FE.ZS,0,25,0
"Macao SAR, China","Labor force, female (% of total labor force)",SL.TLF.TOTL.FE.ZS,0,25,0
Madagascar,"Labor force, female (% of total labor force)",SL.TLF.TOTL.FE.ZS,0,25,0
Malawi,"Labor force, female (% of total labor force)",SL.TLF.TOTL.FE.ZS,0,25,0
Malaysia,"Labor force, female (% of total labor force)",SL.TLF.TOTL.FE.ZS,0,25,0
Maldives,"Labor force, female (% of total labor force)",SL.TLF.TOTL.FE.ZS,0,25,0
Mali,"Labor force, female (% of total labor force)",SL.TLF.TOTL.FE.ZS,0,25,0
Malta,"Labor force, female (% of total labor force)",SL.TLF.TOTL.FE.ZS,0,25,0
Marshall Islands,"Labor force, female (% of total labor force)",SL.TLF.TOTL.FE.ZS,0,25,0
Mauritania,"Labor force, female (% of total labor force)",SL.TLF.TOTL.FE.ZS,0,25,0
Mauritius,"Labor force, female (% of total labor force)",SL.TLF.TOTL.FE.ZS,0,25,0
Mexico,"Labor force, female (% of total labor force)",SL.TLF.TOTL.FE.ZS,0,25,0
"Micronesia, Fed. Sts.","Labor force, female (% of total labor force)",SL.TLF.TOTL.FE.ZS,0,25,0
Moldova,"Labor force, female (% of total labor force)",SL.TLF.TOTL.FE.ZS,0,25,0
Monaco,"Labor force, female (% of total labor force)",SL.TLF.TOTL.FE.ZS,0,25,0
Mongolia,"Labor force, female (% of total labor force)",SL.TLF.TOTL.FE.ZS,0,25,0
Montenegro,"Labor force, female (% of total labor force)",SL.TLF.TOTL.FE.ZS,0,25,0
Morocco,"Labor force, female (% of total labor force)",SL.TLF.TOTL.FE.ZS,0,25,0
Mozambique,"Labor force, female (% of total labor force)",SL.TLF.TOTL.FE.ZS,0,25,0
Myanmar,"Labor force, female (% of total labor force)",SL.TLF.TOTL.FE.ZS,0,25,0
Namibia,"Labor force, female (% of total labor force)",SL.TLF.TOTL.FE.ZS,0,25,0
Nauru,"Labor force, female (% of total labor force)",SL.TLF.TOTL.FE.ZS,0,25,0
Nepal,"Labor force, female (% of total labor force)",SL.TLF.TOTL.FE.ZS,0,25,0
Netherlands,"Labor force, female (% of total labor force)",SL.TLF.TOTL.FE.ZS,0,25,0
New Caledonia,"Labor force, female (% of total labor force)",SL.TLF.TOTL.FE.ZS,0,25,0
New Zealand,"Labor force, female (% of total labor force)",SL.TLF.TOTL.FE.ZS,0,25,0
Nicaragua,"Labor force, female (% of total labor force)",SL.TLF.TOTL.FE.ZS,0,25,0
Niger,"Labor force, female (% of total labor force)",SL.TLF.TOTL.FE.ZS,0,25,0
Nigeria,"Labor force, female (% of total labor force)",SL.TLF.TOTL.FE.ZS,0,25,0
North Macedonia,"Labor force, female (% of total labor force)",SL.TLF.TOTL.FE.ZS,0,25,0
Northern Mariana Islands,"Labor force, female (% of total labor force)",SL.TLF.TOTL.FE.ZS,0,25,0
Norway,"Labor force, female (% of total labor force)",SL.TLF.TOTL.FE.ZS,0,25,0
Oman,"Labor force, female (% of total labor force)",SL.TLF.TOTL.FE.ZS,0,25,0
Pakistan,"Labor force, female (% of total labor force)",SL.TLF.TOTL.FE.ZS,0,25,0
Palau,"Labor force, female (% of total labor force)",SL.TLF.TOTL.FE.ZS,0,25,0
Panama,"Labor force, female (% of total labor force)",SL.TLF.TOTL.FE.ZS,0,25,0
Papua New Guinea,"Labor force, female (% of total labor force)",SL.TLF.TOTL.FE.ZS,0,25,0
Paraguay,"Labor force, female (% of total labor force)",SL.TLF.TOTL.FE.ZS,0,25,0
Peru,"Labor force, female (% of total labor force)",SL.TLF.TOTL.FE.ZS,0,25,0
Philippines,"Labor force, female (% of total labor force)",SL.TLF.TOTL.FE.ZS,0,25,0
Poland,"Labor force, female (% of total labor force)",SL.TLF.TOTL.FE.ZS,0,25,0
Portugal,"Labor force, female (% of total labor force)",SL.TLF.TOTL.FE.ZS,0,25,0
Puerto Rico,"Labor force, female (% of total labor force)",SL.TLF.TOTL.FE.ZS,0,25,0
Qatar,"Labor force, female (% of total labor force)",SL.TLF.TOTL.FE.ZS,0,25,0
Romania,"Labor force, female (% of total labor force)",SL.TLF.TOTL.FE.ZS,0,25,0
Russian Federation,"Labor force, female (% of total labor force)",SL.TLF.TOTL.FE.ZS,0,25,0
Rwanda,"Labor force, female (% of total labor force)",SL.TLF.TOTL.FE.ZS,0,25,0
Samoa,"Labor force, female (% of total labor force)",SL.TLF.TOTL.FE.ZS,0,25,0
San Marino,"Labor force, female (% of total labor force)",SL.TLF.TOTL.FE.ZS,0,25,0
Sao Tome and Principe,"Labor force, female (% of total labor force)",SL.TLF.TOTL.FE.ZS,0,25,0
Saudi Arabia,"Labor force, female (% of total labor force)",SL.TLF.TOTL.FE.ZS,0,25,0
Senegal,"Labor force, female (% of total labor force)",SL.TLF.TOTL.FE.ZS,0,25,0
Serbia,"Labor force, female (% of total labor force)",SL.TLF.TOTL.FE.ZS,0,25,0
Seychelles,"Labor force, female (% of total labor force)",SL.TLF.TOTL.FE.ZS,0,25,0
Sierra Leone,"Labor force, female (% of total labor force)",SL.TLF.TOTL.FE.ZS,0,25,0
Singapore,"Labor force, female (% of total labor force)",SL.TLF.TOTL.FE.ZS,0,25,0
Sint Maarten (Dutch part),"Labor force, female (% of total labor force)",SL.TLF.TOTL.FE.ZS,0,25,0
Slovak Republic,"Labor force, female (% of total labor force)",SL.TLF.TOTL.FE.ZS,0,25,0
Slovenia,"Labor force, female (% of total labor force)",SL.TLF.TOTL.FE.ZS,0,25,0
Solomon Islands,"Labor force, female (% of total labor force)",SL.TLF.TOTL.FE.ZS,0,25,0
Somalia,"Labor force, female (% of total labor force)",SL.TLF.TOTL.FE.ZS,0,25,0
South Africa,"Labor force, female (% of total labor force)",SL.TLF.TOTL.FE.ZS,0,25,0
South Sudan,"Labor force, female (% of total labor force)",SL.TLF.TOTL.FE.ZS,0,25,0
Spain,"Labor force, female (% of total labor force)",SL.TLF.TOTL.FE.ZS,0,25,0
Sri Lanka,"Labor force, female (% of total labor force)",SL.TLF.TOTL.FE.ZS,0,25,0
St. Kitts and Nevis,"Labor force, female (% of total labor force)",SL.TLF.TOTL.FE.ZS,0,25,0
St. Lucia,"Labor force, female (% of total labor force)",SL.TLF.TOTL.FE.ZS,0,25,0
St. Martin (French part),"Labor force, female (% of total labor force)",SL.TLF.TOTL.FE.ZS,0,25,0
St. Vincent and the Grenadines,"Labor force, female (% of total labor force)",SL.TLF.TOTL.FE.ZS,0,25,0
Sudan,"Labor force, female (% of total labor force)",SL.TLF.TOTL.FE.ZS,0,25,0
Suriname,"Labor force, female (% of total labor force)",SL.TLF.TOTL.FE.ZS,0,25,0
Sweden,"Labor force, female (% of total labor force)",SL.TLF.TOTL.FE.ZS,0,25,0
Switzerland,"Labor force, female (% of total labor force)",SL.TLF.TOTL.FE.ZS,0,25,0
Syrian Arab Republic,"Labor force, female (% of total labor force)",SL.TLF.TOTL.FE.ZS,0,25,0
Tajikistan,"Labor force, female (% of total labor force)",SL.TLF.TOTL.FE.ZS,0,25,0
Tanzania,"Labor force, female (% of total labor force)",SL.TLF.TOTL.FE.ZS,0,25,0
Thailand,"Labor force, female (% of total labor force)",SL.TLF.TOTL.FE.ZS,0,25,0
Timor-Leste,"Labor force, female (% of total labor force)",SL.TLF.TOTL.FE.ZS,0,25,0
Togo,"Labor force, female (% of total labor force)",SL.TLF.TOTL.FE.ZS,0,25,0
Tonga,"Labor force, female (% of total labor force)",SL.TLF.TOTL.FE.ZS,0,25,0
Trinidad and Tobago,"Labor force, female (% of total labor force)",SL.TLF.TOTL.FE.ZS,0,25,0
Tunisia,"Labor force, female (% of total labor force)",SL.TLF.TOTL.FE.ZS,0,25,0
Turkiye,"Labor force, female (% of total labor force)",SL.TLF.TOTL.FE.ZS,0,25,0
Turkmenistan,"Labor force, female (% of total labor force)",SL.TLF.TOTL.FE.ZS,0,25,0
Turks and Caicos Islands,"Labor force, female (% of total labor force)",SL.TLF.TOTL.FE.ZS,0,25,0
Tuvalu,"Labor force, female (% of total labor force)",SL.TLF.TOTL.FE.ZS,0,25,0
Uganda,"Labor force, female (% of total labor force)",SL.TLF.TOTL.FE.ZS,0,25,0
Ukraine,"Labor force, female (% of total labor force)",SL.TLF.TOTL.FE.ZS,0,25,0
United Arab Emirates,"Labor force, female (% of total labor force)",SL.TLF.TOTL.FE.ZS,0,25,0
United Kingdom,"Labor force, female (% of total labor force)",SL.TLF.TOTL.FE.ZS,0,25,0
United States,"Labor force, female (% of total labor force)",SL.TLF.TOTL.FE.ZS,0,25,0
Uruguay,"Labor force, female (% of total labor force)",SL.TLF.TOTL.FE.ZS,0,25,0
Uzbekistan,"Labor force, female (% of total labor force)",SL.TLF.TOTL.FE.ZS,0,25,0
Vanuatu,"Labor force, female (% of total labor force)",SL.TLF.TOTL.FE.ZS,0,25,0
"Venezuela, RB","Labor force, female (% of total labor force)",SL.TLF.TOTL.FE.ZS,0,25,0
Viet Nam,"Labor force, female (% of total labor force)",SL.TLF.TOTL.FE.ZS,0,25,0
Virgin Islands (U.S.),"Labor force, female (% of total labor force)",SL.TLF.TOTL.FE.ZS,0,25,0
West Bank and Gaza,"Labor force, female (% of total labor force)",SL.TLF.TOTL.FE.ZS,0,25,0
"Yemen, Rep.","Labor force, female (% of total labor force)",SL.TLF.TOTL.FE.ZS,0,25,0
Zambia,"Labor force, female (% of total labor force)",SL.TLF.TOTL.FE.ZS,0,25,0
Zimbabwe,"Labor force, female (% of total labor force)",SL.TLF.TOTL.FE.ZS,0,25,0
Africa Eastern and Southern,"Labor force, female (% of total labor force)",SL.TLF.TOTL.FE.ZS,0,25,0
Africa Western and Central,"Labor force, female (% of total labor force)",SL.TLF.TOTL.FE.ZS,0,25,0
Arab World,"Labor force, female (% of total labor force)",SL.TLF.TOTL.FE.ZS,0,25,0
Caribbean small states,"Labor force, female (% of total labor force)",SL.TLF.TOTL.FE.ZS,0,25,0
Central Europe and the Baltics,"Labor force, female (% of total labor force)",SL.TLF.TOTL.FE.ZS,0,25,0
Early-demographic dividend,"Labor force, female (% of total labor force)",SL.TLF.TOTL.FE.ZS,0,25,0
East Asia & Pacific,"Labor force, female (% of total labor force)",SL.TLF.TOTL.FE.ZS,0,25,0
East Asia & Pacific (excluding high income),"Labor force, female (% of total labor force)",SL.TLF.TOTL.FE.ZS,0,25,0
East Asia & Pacific (IDA & IBRD),"Labor force, female (% of total labor force)",SL.TLF.TOTL.FE.ZS,0,25,0
Euro area,"Labor force, female (% of total labor force)",SL.TLF.TOTL.FE.ZS,0,25,0
Europe & Central Asia,"Labor force, female (% of total labor force)",SL.TLF.TOTL.FE.ZS,0,25,0
Europe & Central Asia (excluding high income),"Labor force, female (% of total labor force)",SL.TLF.TOTL.FE.ZS,0,25,0
Europe & Central Asia (IDA & IBRD),"Labor force, female (% of total labor force)",SL.TLF.TOTL.FE.ZS,0,25,0
European Union,"Labor force, female (% of total labor force)",SL.TLF.TOTL.FE.ZS,0,25,0
Fragile and conflict affected situations,"Labor force, female (% of total labor force)",SL.TLF.TOTL.FE.ZS,0,25,0
Heavily indebted poor countries (HIPC),"Labor force, female (% of total labor force)",SL.TLF.TOTL.FE.ZS,0,25,0
High income,"Labor force, female (% of total labor force)",SL.TLF.TOTL.FE.ZS,0,25,0
IBRD only,"Labor force, female (% of total labor force)",SL.TLF.TOTL.FE.ZS,0,25,0
IDA & IBRD total,"Labor force, female (% of total labor force)",SL.TLF.TOTL.FE.ZS,0,25,0
IDA blend,"Labor force, female (% of total labor force)",SL.TLF.TOTL.FE.ZS,0,25,0
IDA only,"Labor force, female (% of total labor force)",SL.TLF.TOTL.FE.ZS,0,25,0
IDA total,"Labor force, female (% of total labor force)",SL.TLF.TOTL.FE.ZS,0,25,0
Late-demographic dividend,"Labor force, female (% of total labor force)",SL.TLF.TOTL.FE.ZS,0,25,0
Latin America & Caribbean,"Labor force, female (% of total labor force)",SL.TLF.TOTL.FE.ZS,0,25,0
Latin America & Caribbean (excluding high income),"Labor force, female (% of total labor force)",SL.TLF.TOTL.FE.ZS,0,25,0
Latin America & Caribbean (IDA & IBRD),"Labor force, female (% of total labor force)",SL.TLF.TOTL.FE.ZS,0,25,0
Least developed countries: UN classification,"Labor force, female (% of total labor force)",SL.TLF.TOTL.FE.ZS,0,25,0
Low & middle income,"Labor force, female (% of total labor force)",SL.TLF.TOTL.FE.ZS,0,25,0
Low income,"Labor force, female (% of total labor force)",SL.TLF.TOTL.FE.ZS,0,25,0
Lower middle income,"Labor force, female (% of total labor force)",SL.TLF.TOTL.FE.ZS,0,25,0
Middle East & North Africa,"Labor force, female (% of total labor force)",SL.TLF.TOTL.FE.ZS,0,25,0
Middle East & North Africa (excluding high income),"Labor force, female (% of total labor force)",SL.TLF.TOTL.FE.ZS,0,25,0
Middle East & North Africa (IDA & IBRD),"Labor force, female (% of total labor force)",SL.TLF.TOTL.FE.ZS,0,25,0
Middle income,"Labor force, female (% of total labor force)",SL.TLF.TOTL.FE.ZS,0,25,0
North America,"Labor force, female (% of total labor force)",SL.TLF.TOTL.FE.ZS,0,25,0
OECD members,"Labor force, female (% of total labor force)",SL.TLF.TOTL.FE.ZS,0,25,0
Other small states,"Labor force, female (% of total labor force)",SL.TLF.TOTL.FE.ZS,0,25,0
Pacific island small states,"Labor force, female (% of total labor force)",SL.TLF.TOTL.FE.ZS,0,25,0
Post-demographic dividend,"Labor force, female (% of total labor force)",SL.TLF.TOTL.FE.ZS,0,25,0
Pre-demographic dividend,"Labor force, female (% of total labor force)",SL.TLF.TOTL.FE.ZS,0,25,0
Small states,"Labor force, female (% of total labor force)",SL.TLF.TOTL.FE.ZS,0,25,0
South Asia,"Labor force, female (% of total labor force)",SL.TLF.TOTL.FE.ZS,0,25,0
South Asia (IDA & IBRD),"Labor force, female (% of total labor force)",SL.TLF.TOTL.FE.ZS,0,25,0
Sub-Saharan Africa,"Labor force, female (% of total labor force)",SL.TLF.TOTL.FE.ZS,0,25,0
Sub-Saharan Africa (excluding high income),"Labor force, female (% of total labor force)",SL.TLF.TOTL.FE.ZS,0,25,0
Sub-Saharan Africa (IDA & IBRD),"Labor force, female (% of total labor force)",SL.TLF.TOTL.FE.ZS,0,25,0
Upper middle income,"Labor force, female (% of total labor force)",SL.TLF.TOTL.FE.ZS,0,25,0
World,"Labor force, female (% of total labor force)",SL.TLF.TOTL.FE.ZS,0,25,0
Afghanistan,"Labor force participation rate, female (% of female population ages 15-64) (modeled ILO estimate)",SL.TLF.ACTI.FE.ZS,0,25,0
Albania,"Labor force participation rate, female (% of female population ages 15-64) (modeled ILO estimate)",SL.TLF.ACTI.FE.ZS,0,25,0
Algeria,"Labor force participation rate, female (% of female population ages 15-64) (modeled ILO estimate)",SL.TLF.ACTI.FE.ZS,0,25,0
American Samoa,"Labor force participation rate, female (% of female population ages 15-64) (modeled ILO estimate)",SL.TLF.ACTI.FE.ZS,0,25,0
Andorra,"Labor force participation rate, female (% of female population ages 15-64) (modeled ILO estimate)",SL.TLF.ACTI.FE.ZS,0,25,0
Angola,"Labor force participation rate, female (% of female population ages 15-64) (modeled ILO estimate)",SL.TLF.ACTI.FE.ZS,0,25,0
Antigua and Barbuda,"Labor force participation rate, female (% of female population ages 15-64) (modeled ILO estimate)",SL.TLF.ACTI.FE.ZS,0,25,0
Argentina,"Labor force participation rate, female (% of female population ages 15-64) (modeled ILO estimate)",SL.TLF.ACTI.FE.ZS,0,25,0
Armenia,"Labor force participation rate, female (% of female population ages 15-64) (modeled ILO estimate)",SL.TLF.ACTI.FE.ZS,0,25,0
Aruba,"Labor force participation rate, female (% of female population ages 15-64) (modeled ILO estimate)",SL.TLF.ACTI.FE.ZS,0,25,0
Australia,"Labor force participation rate, female (% of female population ages 15-64) (modeled ILO estimate)",SL.TLF.ACTI.FE.ZS,0,25,0
Austria,"Labor force participation rate, female (% of female population ages 15-64) (modeled ILO estimate)",SL.TLF.ACTI.FE.ZS,0,25,0
Azerbaijan,"Labor force participation rate, female (% of female population ages 15-64) (modeled ILO estimate)",SL.TLF.ACTI.FE.ZS,0,25,0
"Bahamas, The","Labor force participation rate, female (% of female population ages 15-64) (modeled ILO estimate)",SL.TLF.ACTI.FE.ZS,0,25,0
Bahrain,"Labor force participation rate, female (% of female population ages 15-64) (modeled ILO estimate)",SL.TLF.ACTI.FE.ZS,0,25,0
Bangladesh,"Labor force participation rate, female (% of female population ages 15-64) (modeled ILO estimate)",SL.TLF.ACTI.FE.ZS,0,25,0
Barbados,"Labor force participation rate, female (% of female population ages 15-64) (modeled ILO estimate)",SL.TLF.ACTI.FE.ZS,0,25,0
Belarus,"Labor force participation rate, female (% of female population ages 15-64) (modeled ILO estimate)",SL.TLF.ACTI.FE.ZS,0,25,0
Belgium,"Labor force participation rate, female (% of female population ages 15-64) (modeled ILO estimate)",SL.TLF.ACTI.FE.ZS,0,25,0
Belize,"Labor force participation rate, female (% of female population ages 15-64) (modeled ILO estimate)",SL.TLF.ACTI.FE.ZS,0,25,0
Benin,"Labor force participation rate, female (% of female population ages 15-64) (modeled ILO estimate)",SL.TLF.ACTI.FE.ZS,0,25,0
Bermuda,"Labor force participation rate, female (% of female population ages 15-64) (modeled ILO estimate)",SL.TLF.ACTI.FE.ZS,0,25,0
Bhutan,"Labor force participation rate, female (% of female population ages 15-64) (modeled ILO estimate)",SL.TLF.ACTI.FE.ZS,0,25,0
Bolivia,"Labor force participation rate, female (% of female population ages 15-64) (modeled ILO estimate)",SL.TLF.ACTI.FE.ZS,0,25,0
Bosnia and Herzegovina,"Labor force participation rate, female (% of female population ages 15-64) (modeled ILO estimate)",SL.TLF.ACTI.FE.ZS,0,25,0
Botswana,"Labor force participation rate, female (% of female population ages 15-64) (modeled ILO estimate)",SL.TLF.ACTI.FE.ZS,0,25,0
Brazil,"Labor force participation rate, female (% of female population ages 15-64) (modeled ILO estimate)",SL.TLF.ACTI.FE.ZS,0,25,0
British Virgin Islands,"Labor force participation rate, female (% of female population ages 15-64) (modeled ILO estimate)",SL.TLF.ACTI.FE.ZS,0,25,0
Brunei Darussalam,"Labor force participation rate, female (% of female population ages 15-64) (modeled ILO estimate)",SL.TLF.ACTI.FE.ZS,0,25,0
Bulgaria,"Labor force participation rate, female (% of female population ages 15-64) (modeled ILO estimate)",SL.TLF.ACTI.FE.ZS,0,25,0
Burkina Faso,"Labor force participation rate, female (% of female population ages 15-64) (modeled ILO estimate)",SL.TLF.ACTI.FE.ZS,0,25,0
Burundi,"Labor force participation rate, female (% of female population ages 15-64) (modeled ILO estimate)",SL.TLF.ACTI.FE.ZS,0,25,0
Cabo Verde,"Labor force participation rate, female (% of female population ages 15-64) (modeled ILO estimate)",SL.TLF.ACTI.FE.ZS,0,25,0
Cambodia,"Labor force participation rate, female (% of female population ages 15-64) (modeled ILO estimate)",SL.TLF.ACTI.FE.ZS,0,25,0
Cameroon,"Labor force participation rate, female (% of female population ages 15-64) (modeled ILO estimate)",SL.TLF.ACTI.FE.ZS,0,25,0
Canada,"Labor force participation rate, female (% of female population ages 15-64) (modeled ILO estimate)",SL.TLF.ACTI.FE.ZS,0,25,0
Cayman Islands,"Labor force participation rate, female (% of female population ages 15-64) (modeled ILO estimate)",SL.TLF.ACTI.FE.ZS,0,25,0
Central African Republic,"Labor force participation rate, female (% of female population ages 15-64) (modeled ILO estimate)",SL.TLF.ACTI.FE.ZS,0,25,0
Chad,"Labor force participation rate, female (% of female population ages 15-64) (modeled ILO estimate)",SL.TLF.ACTI.FE.ZS,0,25,0
Channel Islands,"Labor force participation rate, female (% of female population ages 15-64) (modeled ILO estimate)",SL.TLF.ACTI.FE.ZS,0,25,0
Chile,"Labor force participation rate, female (% of female population ages 15-64) (modeled ILO estimate)",SL.TLF.ACTI.FE.ZS,0,25,0
China,"Labor force participation rate, female (% of female population ages 15-64) (modeled ILO estimate)",SL.TLF.ACTI.FE.ZS,0,25,0
Colombia,"Labor force participation rate, female (% of female population ages 15-64) (modeled ILO estimate)",SL.TLF.ACTI.FE.ZS,0,25,0
Comoros,"Labor force participation rate, female (% of female population ages 15-64) (modeled ILO estimate)",SL.TLF.ACTI.FE.ZS,0,25,0
"Congo, Dem. Rep.","Labor force participation rate, female (% of female population ages 15-64) (modeled ILO estimate)",SL.TLF.ACTI.FE.ZS,0,25,0
"Congo, Rep.","Labor force participation rate, female (% of female population ages 15-64) (modeled ILO estimate)",SL.TLF.ACTI.FE.ZS,0,25,0
Costa Rica,"Labor force participation rate, female (% of female population ages 15-64) (modeled ILO estimate)",SL.TLF.ACTI.FE.ZS,0,25,0
Cote d'Ivoire,"Labor force participation rate, female (% of female population ages 15-64) (modeled ILO estimate)",SL.TLF.ACTI.FE.ZS,0,25,0
Croatia,"Labor force participation rate, female (% of female population ages 15-64) (modeled ILO estimate)",SL.TLF.ACTI.FE.ZS,0,25,0
Cuba,"Labor force participation rate, female (% of female population ages 15-64) (modeled ILO estimate)",SL.TLF.ACTI.FE.ZS,0,25,0
Curacao,"Labor force participation rate, female (% of female population ages 15-64) (modeled ILO estimate)",SL.TLF.ACTI.FE.ZS,0,25,0
Cyprus,"Labor force participation rate, female (% of female population ages 15-64) (modeled ILO estimate)",SL.TLF.ACTI.FE.ZS,0,25,0
Czechia,"Labor force participation rate, female (% of female population ages 15-64) (modeled ILO estimate)",SL.TLF.ACTI.FE.ZS,0,25,0
Denmark,"Labor force participation rate, female (% of female population ages 15-64) (modeled ILO estimate)",SL.TLF.ACTI.FE.ZS,0,25,0
Djibouti,"Labor force participation rate, female (% of female population ages 15-64) (modeled ILO estimate)",SL.TLF.ACTI.FE.ZS,0,25,0
Dominica,"Labor force participation rate, female (% of female population ages 15-64) (modeled ILO estimate)",SL.TLF.ACTI.FE.ZS,0,25,0
Dominican Republic,"Labor force participation rate, female (% of female population ages 15-64) (modeled ILO estimate)",SL.TLF.ACTI.FE.ZS,0,25,0
Ecuador,"Labor force participation rate, female (% of female population ages 15-64) (modeled ILO estimate)",SL.TLF.ACTI.FE.ZS,0,25,0
"Egypt, Arab Rep.","Labor force participation rate, female (% of female population ages 15-64) (modeled ILO estimate)",SL.TLF.ACTI.FE.ZS,0,25,0
El Salvador,"Labor force participation rate, female (% of female population ages 15-64) (modeled ILO estimate)",SL.TLF.ACTI.FE.ZS,0,25,0
Equatorial Guinea,"Labor force participation rate, female (% of female population ages 15-64) (modeled ILO estimate)",SL.TLF.ACTI.FE.ZS,0,25,0
Eritrea,"Labor force participation rate, female (% of female population ages 15-64) (modeled ILO estimate)",SL.TLF.ACTI.FE.ZS,0,25,0
Estonia,"Labor force participation rate, female (% of female population ages 15-64) (modeled ILO estimate)",SL.TLF.ACTI.FE.ZS,0,25,0
Eswatini,"Labor force participation rate, female (% of female population ages 15-64) (modeled ILO estimate)",SL.TLF.ACTI.FE.ZS,0,25,0
Ethiopia,"Labor force participation rate, female (% of female population ages 15-64) (modeled ILO estimate)",SL.TLF.ACTI.FE.ZS,0,25,0
Faroe Islands,"Labor force participation rate, female (% of female population ages 15-64) (modeled ILO estimate)",SL.TLF.ACTI.FE.ZS,0,25,0
Fiji,"Labor force participation rate, female (% of female population ages 15-64) (modeled ILO estimate)",SL.TLF.ACTI.FE.ZS,0,25,0
Finland,"Labor force participation rate, female (% of female population ages 15-64) (modeled ILO estimate)",SL.TLF.ACTI.FE.ZS,0,25,0
France,"Labor force participation rate, female (% of female population ages 15-64) (modeled ILO estimate)",SL.TLF.ACTI.FE.ZS,0,25,0
French Polynesia,"Labor force participation rate, female (% of female population ages 15-64) (modeled ILO estimate)",SL.TLF.ACTI.FE.ZS,0,25,0
Gabon,"Labor force participation rate, female (% of female population ages 15-64) (modeled ILO estimate)",SL.TLF.ACTI.FE.ZS,0,25,0
"Gambia, The","Labor force participation rate, female (% of female population ages 15-64) (modeled ILO estimate)",SL.TLF.ACTI.FE.ZS,0,25,0
Georgia,"Labor force participation rate, female (% of female population ages 15-64) (modeled ILO estimate)",SL.TLF.ACTI.FE.ZS,0,25,0
Germany,"Labor force participation rate, female (% of female population ages 15-64) (modeled ILO estimate)",SL.TLF.ACTI.FE.ZS,0,25,0
Ghana,"Labor force participation rate, female (% of female population ages 15-64) (modeled ILO estimate)",SL.TLF.ACTI.FE.ZS,0,25,0
Gibraltar,"Labor force participation rate, female (% of female population ages 15-64) (modeled ILO estimate)",SL.TLF.ACTI.FE.ZS,0,25,0
Greece,"Labor force participation rate, female (% of female population ages 15-64) (modeled ILO estimate)",SL.TLF.ACTI.FE.ZS,0,25,0
Greenland,"Labor force participation rate, female (% of female population ages 15-64) (modeled ILO estimate)",SL.TLF.ACTI.FE.ZS,0,25,0
Grenada,"Labor force participation rate, female (% of female population ages 15-64) (modeled ILO estimate)",SL.TLF.ACTI.FE.ZS,0,25,0
Guam,"Labor force participation rate, female (% of female population ages 15-64) (modeled ILO estimate)",SL.TLF.ACTI.FE.ZS,0,25,0
Guatemala,"Labor force participation rate, female (% of female population ages 15-64) (modeled ILO estimate)",SL.TLF.ACTI.FE.ZS,0,25,0
Guinea,"Labor force participation rate, female (% of female population ages 15-64) (modeled ILO estimate)",SL.TLF.ACTI.FE.ZS,0,25,0
Guinea-Bissau,"Labor force participation rate, female (% of female population ages 15-64) (modeled ILO estimate)",SL.TLF.ACTI.FE.ZS,0,25,0
Guyana,"Labor force participation rate, female (% of female population ages 15-64) (modeled ILO estimate)",SL.TLF.ACTI.FE.ZS,0,25,0
Haiti,"Labor force participation rate, female (% of female population ages 15-64) (modeled ILO estimate)",SL.TLF.ACTI.FE.ZS,0,25,0
Honduras,"Labor force participation rate, female (% of female population ages 15-64) (modeled ILO estimate)",SL.TLF.ACTI.FE.ZS,0,25,0
"Hong Kong SAR, China","Labor force participation rate, female (% of female population ages 15-64) (modeled ILO estimate)",SL.TLF.ACTI.FE.ZS,0,25,0
Hungary,"Labor force participation rate, female (% of female population ages 15-64) (modeled ILO estimate)",SL.TLF.ACTI.FE.ZS,0,25,0
Iceland,"Labor force participation rate, female (% of female population ages 15-64) (modeled ILO estimate)",SL.TLF.ACTI.FE.ZS,0,25,0
India,"Labor force participation rate, female (% of female population ages 15-64) (modeled ILO estimate)",SL.TLF.ACTI.FE.ZS,0,25,0
Indonesia,"Labor force participation rate, female (% of female population ages 15-64) (modeled ILO estimate)",SL.TLF.ACTI.FE.ZS,0,25,0
"Iran, Islamic Rep.","Labor force participation rate, female (% of female population ages 15-64) (modeled ILO estimate)",SL.TLF.ACTI.FE.ZS,0,25,0
Iraq,"Labor force participation rate, female (% of female population ages 15-64) (modeled ILO estimate)",SL.TLF.ACTI.FE.ZS,0,25,0
Ireland,"Labor force participation rate, female (% of female population ages 15-64) (modeled ILO estimate)",SL.TLF.ACTI.FE.ZS,0,25,0
Isle of Man,"Labor force participation rate, female (% of female population ages 15-64) (modeled ILO estimate)",SL.TLF.ACTI.FE.ZS,0,25,0
Israel,"Labor force participation rate, female (% of female population ages 15-64) (modeled ILO estimate)",SL.TLF.ACTI.FE.ZS,0,25,0
Italy,"Labor force participation rate, female (% of female population ages 15-64) (modeled ILO estimate)",SL.TLF.ACTI.FE.ZS,0,25,0
Jamaica,"Labor force participation rate, female (% of female population ages 15-64) (modeled ILO estimate)",SL.TLF.ACTI.FE.ZS,0,25,0
Japan,"Labor force participation rate, female (% of female population ages 15-64) (modeled ILO estimate)",SL.TLF.ACTI.FE.ZS,0,25,0
Jordan,"Labor force participation rate, female (% of female population ages 15-64) (modeled ILO estimate)",SL.TLF.ACTI.FE.ZS,0,25,0
Kazakhstan,"Labor force participation rate, female (% of female population ages 15-64) (modeled ILO estimate)",SL.TLF.ACTI.FE.ZS,0,25,0
Kenya,"Labor force participation rate, female (% of female population ages 15-64) (modeled ILO estimate)",SL.TLF.ACTI.FE.ZS,0,25,0
Kiribati,"Labor force participation rate, female (% of female population ages 15-64) (modeled ILO estimate)",SL.TLF.ACTI.FE.ZS,0,25,0
"Korea, Dem. People's Rep.","Labor force participation rate, female (% of female population ages 15-64) (modeled ILO estimate)",SL.TLF.ACTI.FE.ZS,0,25,0
"Korea, Rep.","Labor force participation rate, female (% of female population ages 15-64) (modeled ILO estimate)",SL.TLF.ACTI.FE.ZS,0,25,0
Kosovo,"Labor force participation rate, female (% of female population ages 15-64) (modeled ILO estimate)",SL.TLF.ACTI.FE.ZS,0,25,0
Kuwait,"Labor force participation rate, female (% of female population ages 15-64) (modeled ILO estimate)",SL.TLF.ACTI.FE.ZS,0,25,0
Kyrgyz Republic,"Labor force participation rate, female (% of female population ages 15-64) (modeled ILO estimate)",SL.TLF.ACTI.FE.ZS,0,25,0
Lao PDR,"Labor force participation rate, female (% of female population ages 15-64) (modeled ILO estimate)",SL.TLF.ACTI.FE.ZS,0,25,0
Latvia,"Labor force participation rate, female (% of female population ages 15-64) (modeled ILO estimate)",SL.TLF.ACTI.FE.ZS,0,25,0
Lebanon,"Labor force participation rate, female (% of female population ages 15-64) (modeled ILO estimate)",SL.TLF.ACTI.FE.ZS,0,25,0
Lesotho,"Labor force participation rate, female (% of female population ages 15-64) (modeled ILO estimate)",SL.TLF.ACTI.FE.ZS,0,25,0
Liberia,"Labor force participation rate, female (% of female population ages 15-64) (modeled ILO estimate)",SL.TLF.ACTI.FE.ZS,0,25,0
Libya,"Labor force participation rate, female (% of female population ages 15-64) (modeled ILO estimate)",SL.TLF.ACTI.FE.ZS,0,25,0
Liechtenstein,"Labor force participation rate, female (% of female population ages 15-64) (modeled ILO estimate)",SL.TLF.ACTI.FE.ZS,0,25,0
Lithuania,"Labor force participation rate, female (% of female population ages 15-64) (modeled ILO estimate)",SL.TLF.ACTI.FE.ZS,0,25,0
Luxembourg,"Labor force participation rate, female (% of female population ages 15-64) (modeled ILO estimate)",SL.TLF.ACTI.FE.ZS,0,25,0
"Macao SAR, China","Labor force participation rate, female (% of female population ages 15-64) (modeled ILO estimate)",SL.TLF.ACTI.FE.ZS,0,25,0
Madagascar,"Labor force participation rate, female (% of female population ages 15-64) (modeled ILO estimate)",SL.TLF.ACTI.FE.ZS,0,25,0
Malawi,"Labor force participation rate, female (% of female population ages 15-64) (modeled ILO estimate)",SL.TLF.ACTI.FE.ZS,0,25,0
Malaysia,"Labor force participation rate, female (% of female population ages 15-64) (modeled ILO estimate)",SL.TLF.ACTI.FE.ZS,0,25,0
Maldives,"Labor force participation rate, female (% of female population ages 15-64) (modeled ILO estimate)",SL.TLF.ACTI.FE.ZS,0,25,0
Mali,"Labor force participation rate, female (% of female population ages 15-64) (modeled ILO estimate)",SL.TLF.ACTI.FE.ZS,0,25,0
Malta,"Labor force participation rate, female (% of female population ages 15-64) (modeled ILO estimate)",SL.TLF.ACTI.FE.ZS,0,25,0
Marshall Islands,"Labor force participation rate, female (% of female population ages 15-64) (modeled ILO estimate)",SL.TLF.ACTI.FE.ZS,0,25,0
Mauritania,"Labor force participation rate, female (% of female population ages 15-64) (modeled ILO estimate)",SL.TLF.ACTI.FE.ZS,0,25,0
Mauritius,"Labor force participation rate, female (% of female population ages 15-64) (modeled ILO estimate)",SL.TLF.ACTI.FE.ZS,0,25,0
Mexico,"Labor force participation rate, female (% of female population ages 15-64) (modeled ILO estimate)",SL.TLF.ACTI.FE.ZS,0,25,0
"Micronesia, Fed. Sts.","Labor force participation rate, female (% of female population ages 15-64) (modeled ILO estimate)",SL.TLF.ACTI.FE.ZS,0,25,0
Moldova,"Labor force participation rate, female (% of female population ages 15-64) (modeled ILO estimate)",SL.TLF.ACTI.FE.ZS,0,25,0
Monaco,"Labor force participation rate, female (% of female population ages 15-64) (modeled ILO estimate)",SL.TLF.ACTI.FE.ZS,0,25,0
Mongolia,"Labor force participation rate, female (% of female population ages 15-64) (modeled ILO estimate)",SL.TLF.ACTI.FE.ZS,0,25,0
Montenegro,"Labor force participation rate, female (% of female population ages 15-64) (modeled ILO estimate)",SL.TLF.ACTI.FE.ZS,0,25,0
Morocco,"Labor force participation rate, female (% of female population ages 15-64) (modeled ILO estimate)",SL.TLF.ACTI.FE.ZS,0,25,0
Mozambique,"Labor force participation rate, female (% of female population ages 15-64) (modeled ILO estimate)",SL.TLF.ACTI.FE.ZS,0,25,0
Myanmar,"Labor force participation rate, female (% of female population ages 15-64) (modeled ILO estimate)",SL.TLF.ACTI.FE.ZS,0,25,0
Namibia,"Labor force participation rate, female (% of female population ages 15-64) (modeled ILO estimate)",SL.TLF.ACTI.FE.ZS,0,25,0
Nauru,"Labor force participation rate, female (% of female population ages 15-64) (modeled ILO estimate)",SL.TLF.ACTI.FE.ZS,0,25,0
Nepal,"Labor force participation rate, female (% of female population ages 15-64) (modeled ILO estimate)",SL.TLF.ACTI.FE.ZS,0,25,0
Netherlands,"Labor force participation rate, female (% of female population ages 15-64) (modeled ILO estimate)",SL.TLF.ACTI.FE.ZS,0,25,0
New Caledonia,"Labor force participation rate, female (% of female population ages 15-64) (modeled ILO estimate)",SL.TLF.ACTI.FE.ZS,0,25,0
New Zealand,"Labor force participation rate, female (% of female population ages 15-64) (modeled ILO estimate)",SL.TLF.ACTI.FE.ZS,0,25,0
Nicaragua,"Labor force participation rate, female (% of female population ages 15-64) (modeled ILO estimate)",SL.TLF.ACTI.FE.ZS,0,25,0
Niger,"Labor force participation rate, female (% of female population ages 15-64) (modeled ILO estimate)",SL.TLF.ACTI.FE.ZS,0,25,0
Nigeria,"Labor force participation rate, female (% of female population ages 15-64) (modeled ILO estimate)",SL.TLF.ACTI.FE.ZS,0,25,0
North Macedonia,"Labor force participation rate, female (% of female population ages 15-64) (modeled ILO estimate)",SL.TLF.ACTI.FE.ZS,0,25,0
Northern Mariana Islands,"Labor force participation rate, female (% of female population ages 15-64) (modeled ILO estimate)",SL.TLF.ACTI.FE.ZS,0,25,0
Norway,"Labor force participation rate, female (% of female population ages 15-64) (modeled ILO estimate)",SL.TLF.ACTI.FE.ZS,0,25,0
Oman,"Labor force participation rate, female (% of female population ages 15-64) (modeled ILO estimate)",SL.TLF.ACTI.FE.ZS,0,25,0
Pakistan,"Labor force participation rate, female (% of female population ages 15-64) (modeled ILO estimate)",SL.TLF.ACTI.FE.ZS,0,25,0
Palau,"Labor force participation rate, female (% of female population ages 15-64) (modeled ILO estimate)",SL.TLF.ACTI.FE.ZS,0,25,0
Panama,"Labor force participation rate, female (% of female population ages 15-64) (modeled ILO estimate)",SL.TLF.ACTI.FE.ZS,0,25,0
Papua New Guinea,"Labor force participation rate, female (% of female population ages 15-64) (modeled ILO estimate)",SL.TLF.ACTI.FE.ZS,0,25,0
Paraguay,"Labor force participation rate, female (% of female population ages 15-64) (modeled ILO estimate)",SL.TLF.ACTI.FE.ZS,0,25,0
Peru,"Labor force participation rate, female (% of female population ages 15-64) (modeled ILO estimate)",SL.TLF.ACTI.FE.ZS,0,25,0
Philippines,"Labor force participation rate, female (% of female population ages 15-64) (modeled ILO estimate)",SL.TLF.ACTI.FE.ZS,0,25,0
Poland,"Labor force participation rate, female (% of female population ages 15-64) (modeled ILO estimate)",SL.TLF.ACTI.FE.ZS,0,25,0
Portugal,"Labor force participation rate, female (% of female population ages 15-64) (modeled ILO estimate)",SL.TLF.ACTI.FE.ZS,0,25,0
Puerto Rico,"Labor force participation rate, female (% of female population ages 15-64) (modeled ILO estimate)",SL.TLF.ACTI.FE.ZS,0,25,0
Qatar,"Labor force participation rate, female (% of female population ages 15-64) (modeled ILO estimate)",SL.TLF.ACTI.FE.ZS,0,25,0
Romania,"Labor force participation rate, female (% of female population ages 15-64) (modeled ILO estimate)",SL.TLF.ACTI.FE.ZS,0,25,0
Russian Federation,"Labor force participation rate, female (% of female population ages 15-64) (modeled ILO estimate)",SL.TLF.ACTI.FE.ZS,0,25,0
Rwanda,"Labor force participation rate, female (% of female population ages 15-64) (modeled ILO estimate)",SL.TLF.ACTI.FE.ZS,0,25,0
Samoa,"Labor force participation rate, female (% of female population ages 15-64) (modeled ILO estimate)",SL.TLF.ACTI.FE.ZS,0,25,0
San Marino,"Labor force participation rate, female (% of female population ages 15-64) (modeled ILO estimate)",SL.TLF.ACTI.FE.ZS,0,25,0
Sao Tome and Principe,"Labor force participation rate, female (% of female population ages 15-64) (modeled ILO estimate)",SL.TLF.ACTI.FE.ZS,0,25,0
Saudi Arabia,"Labor force participation rate, female (% of female population ages 15-64) (modeled ILO estimate)",SL.TLF.ACTI.FE.ZS,0,25,0
Senegal,"Labor force participation rate, female (% of female population ages 15-64) (modeled ILO estimate)",SL.TLF.ACTI.FE.ZS,0,25,0
Serbia,"Labor force participation rate, female (% of female population ages 15-64) (modeled ILO estimate)",SL.TLF.ACTI.FE.ZS,0,25,0
Seychelles,"Labor force participation rate, female (% of female population ages 15-64) (modeled ILO estimate)",SL.TLF.ACTI.FE.ZS,0,25,0
Sierra Leone,"Labor force participation rate, female (% of female population ages 15-64) (modeled ILO estimate)",SL.TLF.ACTI.FE.ZS,0,25,0
Singapore,"Labor force participation rate, female (% of female population ages 15-64) (modeled ILO estimate)",SL.TLF.ACTI.FE.ZS,0,25,0
Sint Maarten (Dutch part),"Labor force participation rate, female (% of female population ages 15-64) (modeled ILO estimate)",SL.TLF.ACTI.FE.ZS,0,25,0
Slovak Republic,"Labor force participation rate, female (% of female population ages 15-64) (modeled ILO estimate)",SL.TLF.ACTI.FE.ZS,0,25,0
Slovenia,"Labor force participation rate, female (% of female population ages 15-64) (modeled ILO estimate)",SL.TLF.ACTI.FE.ZS,0,25,0
Solomon Islands,"Labor force participation rate, female (% of female population ages 15-64) (modeled ILO estimate)",SL.TLF.ACTI.FE.ZS,0,25,0
Somalia,"Labor force participation rate, female (% of female population ages 15-64) (modeled ILO estimate)",SL.TLF.ACTI.FE.ZS,0,25,0
South Africa,"Labor force participation rate, female (% of female population ages 15-64) (modeled ILO estimate)",SL.TLF.ACTI.FE.ZS,0,25,0
South Sudan,"Labor force participation rate, female (% of female population ages 15-64) (modeled ILO estimate)",SL.TLF.ACTI.FE.ZS,0,25,0
Spain,"Labor force participation rate, female (% of female population ages 15-64) (modeled ILO estimate)",SL.TLF.ACTI.FE.ZS,0,25,0
Sri Lanka,"Labor force participation rate, female (% of female population ages 15-64) (modeled ILO estimate)",SL.TLF.ACTI.FE.ZS,0,25,0
St. Kitts and Nevis,"Labor force participation rate, female (% of female population ages 15-64) (modeled ILO estimate)",SL.TLF.ACTI.FE.ZS,0,25,0
St. Lucia,"Labor force participation rate, female (% of female population ages 15-64) (modeled ILO estimate)",SL.TLF.ACTI.FE.ZS,0,25,0
St. Martin (French part),"Labor force participation rate, female (% of female population ages 15-64) (modeled ILO estimate)",SL.TLF.ACTI.FE.ZS,0,25,0
St. Vincent and the Grenadines,"Labor force participation rate, female (% of female population ages 15-64) (modeled ILO estimate)",SL.TLF.ACTI.FE.ZS,0,25,0
Sudan,"Labor force participation rate, female (% of female population ages 15-64) (modeled ILO estimate)",SL.TLF.ACTI.FE.ZS,0,25,0
Suriname,"Labor force participation rate, female (% of female population ages 15-64) (modeled ILO estimate)",SL.TLF.ACTI.FE.ZS,0,25,0
Sweden,"Labor force participation rate, female (% of female population ages 15-64) (modeled ILO estimate)",SL.TLF.ACTI.FE.ZS,0,25,0
Switzerland,"Labor force participation rate, female (% of female population ages 15-64) (modeled ILO estimate)",SL.TLF.ACTI.FE.ZS,0,25,0
Syrian Arab Republic,"Labor force participation rate, female (% of female population ages 15-64) (modeled ILO estimate)",SL.TLF.ACTI.FE.ZS,0,25,0
Tajikistan,"Labor force participation rate, female (% of female population ages 15-64) (modeled ILO estimate)",SL.TLF.ACTI.FE.ZS,0,25,0
Tanzania,"Labor force participation rate, female (% of female population ages 15-64) (modeled ILO estimate)",SL.TLF.ACTI.FE.ZS,0,25,0
Thailand,"Labor force participation rate, female (% of female population ages 15-64) (modeled ILO estimate)",SL.TLF.ACTI.FE.ZS,0,25,0
Timor-Leste,"Labor force participation rate, female (% of female population ages 15-64) (modeled ILO estimate)",SL.TLF.ACTI.FE.ZS,0,25,0
Togo,"Labor force participation rate, female (% of female population ages 15-64) (modeled ILO estimate)",SL.TLF.ACTI.FE.ZS,0,25,0
Tonga,"Labor force participation rate, female (% of female population ages 15-64) (modeled ILO estimate)",SL.TLF.ACTI.FE.ZS,0,25,0
Trinidad and Tobago,"Labor force participation rate, female (% of female population ages 15-64) (modeled ILO estimate)",SL.TLF.ACTI.FE.ZS,0,25,0
Tunisia,"Labor force participation rate, female (% of female population ages 15-64) (modeled ILO estimate)",SL.TLF.ACTI.FE.ZS,0,25,0
Turkiye,"Labor force participation rate, female (% of female population ages 15-64) (modeled ILO estimate)",SL.TLF.ACTI.FE.ZS,0,25,0
Turkmenistan,"Labor force participation rate, female (% of female population ages 15-64) (modeled ILO estimate)",SL.TLF.ACTI.FE.ZS,0,25,0
Turks and Caicos Islands,"Labor force participation rate, female (% of female population ages 15-64) (modeled ILO estimate)",SL.TLF.ACTI.FE.ZS,0,25,0
Tuvalu,"Labor force participation rate, female (% of female population ages 15-64) (modeled ILO estimate)",SL.TLF.ACTI.FE.ZS,0,25,0
Uganda,"Labor force participation rate, female (% of female population ages 15-64) (modeled ILO estimate)",SL.TLF.ACTI.FE.ZS,0,25,0
Ukraine,"Labor force participation rate, female (% of female population ages 15-64) (modeled ILO estimate)",SL.TLF.ACTI.FE.ZS,0,25,0
United Arab Emirates,"Labor force participation rate, female (% of female population ages 15-64) (modeled ILO estimate)",SL.TLF.ACTI.FE.ZS,0,25,0
United Kingdom,"Labor force participation rate, female (% of female population ages 15-64) (modeled ILO estimate)",SL.TLF.ACTI.FE.ZS,0,25,0
United States,"Labor force participation rate, female (% of female population ages 15-64) (modeled ILO estimate)",SL.TLF.ACTI.FE.ZS,0,25,0
Uruguay,"Labor force participation rate, female (% of female population ages 15-64) (modeled ILO estimate)",SL.TLF.ACTI.FE.ZS,0,25,0
Uzbekistan,"Labor force participation rate, female (% of female population ages 15-64) (modeled ILO estimate)",SL.TLF.ACTI.FE.ZS,0,25,0
Vanuatu,"Labor force participation rate, female (% of female population ages 15-64) (modeled ILO estimate)",SL.TLF.ACTI.FE.ZS,0,25,0
"Venezuela, RB","Labor force participation rate, female (% of female population ages 15-64) (modeled ILO estimate)",SL.TLF.ACTI.FE.ZS,0,25,0
Viet Nam,"Labor force participation rate, female (% of female population ages 15-64) (modeled ILO estimate)",SL.TLF.ACTI.FE.ZS,0,25,0
Virgin Islands (U.S.),"Labor force participation rate, female (% of female population ages 15-64) (modeled ILO estimate)",SL.TLF.ACTI.FE.ZS,0,25,0
West Bank and Gaza,"Labor force participation rate, female (% of female population ages 15-64) (modeled ILO estimate)",SL.TLF.ACTI.FE.ZS,0,25,0
"Yemen, Rep.","Labor force participation rate, female (% of female population ages 15-64) (modeled ILO estimate)",SL.TLF.ACTI.FE.ZS,0,25,0
Zambia,"Labor force participation rate, female (% of female population ages 15-64) (modeled ILO estimate)",SL.TLF.ACTI.FE.ZS,0,25,0
Zimbabwe,"Labor force participation rate, female (% of female population ages 15-64) (modeled ILO estimate)",SL.TLF.ACTI.FE.ZS,0,25,0
Africa Eastern and Southern,"Labor force participation rate, female (% of female population ages 15-64) (modeled ILO estimate)",SL.TLF.ACTI.FE.ZS,0,25,0
Africa Western and Central,"Labor force participation rate, female (% of female population ages 15-64) (modeled ILO estimate)",SL.TLF.ACTI.FE.ZS,0,25,0
Arab World,"Labor force participation rate, female (% of female population ages 15-64) (modeled ILO estimate)",SL.TLF.ACTI.FE.ZS,0,25,0
Caribbean small states,"Labor force participation rate, female (% of female population ages 15-64) (modeled ILO estimate)",SL.TLF.ACTI.FE.ZS,0,25,0
Central Europe and the Baltics,"Labor force participation rate, female (% of female population ages 15-64) (modeled ILO estimate)",SL.TLF.ACTI.FE.ZS,0,25,0
Early-demographic dividend,"Labor force participation rate, female (% of female population ages 15-64) (modeled ILO estimate)",SL.TLF.ACTI.FE.ZS,0,25,0
East Asia & Pacific,"Labor force participation rate, female (% of female population ages 15-64) (modeled ILO estimate)",SL.TLF.ACTI.FE.ZS,0,25,0
East Asia & Pacific (excluding high income),"Labor force participation rate, female (% of female population ages 15-64) (modeled ILO estimate)",SL.TLF.ACTI.FE.ZS,0,25,0
East Asia & Pacific (IDA & IBRD),"Labor force participation rate, female (% of female population ages 15-64) (modeled ILO estimate)",SL.TLF.ACTI.FE.ZS,0,25,0
Euro area,"Labor force participation rate, female (% of female population ages 15-64) (modeled ILO estimate)",SL.TLF.ACTI.FE.ZS,0,25,0
Europe & Central Asia,"Labor force participation rate, female (% of female population ages 15-64) (modeled ILO estimate)",SL.TLF.ACTI.FE.ZS,0,25,0
Europe & Central Asia (excluding high income),"Labor force participation rate, female (% of female population ages 15-64) (modeled ILO estimate)",SL.TLF.ACTI.FE.ZS,0,25,0
Europe & Central Asia (IDA & IBRD),"Labor force participation rate, female (% of female population ages 15-64) (modeled ILO estimate)",SL.TLF.ACTI.FE.ZS,0,25,0
European Union,"Labor force participation rate, female (% of female population ages 15-64) (modeled ILO estimate)",SL.TLF.ACTI.FE.ZS,0,25,0
Fragile and conflict affected situations,"Labor force participation rate, female (% of female population ages 15-64) (modeled ILO estimate)",SL.TLF.ACTI.FE.ZS,0,25,0
Heavily indebted poor countries (HIPC),"Labor force participation rate, female (% of female population ages 15-64) (modeled ILO estimate)",SL.TLF.ACTI.FE.ZS,0,25,0
High income,"Labor force participation rate, female (% of female population ages 15-64) (modeled ILO estimate)",SL.TLF.ACTI.FE.ZS,0,25,0
IBRD only,"Labor force participation rate, female (% of female population ages 15-64) (modeled ILO estimate)",SL.TLF.ACTI.FE.ZS,0,25,0
IDA & IBRD total,"Labor force participation rate, female (% of female population ages 15-64) (modeled ILO estimate)",SL.TLF.ACTI.FE.ZS,0,25,0
IDA blend,"Labor force participation rate, female (% of female population ages 15-64) (modeled ILO estimate)",SL.TLF.ACTI.FE.ZS,0,25,0
IDA only,"Labor force participation rate, female (% of female population ages 15-64) (modeled ILO estimate)",SL.TLF.ACTI.FE.ZS,0,25,0
IDA total,"Labor force participation rate, female (% of female population ages 15-64) (modeled ILO estimate)",SL.TLF.ACTI.FE.ZS,0,25,0
Late-demographic dividend,"Labor force participation rate, female (% of female population ages 15-64) (modeled ILO estimate)",SL.TLF.ACTI.FE.ZS,0,25,0
Latin America & Caribbean,"Labor force participation rate, female (% of female population ages 15-64) (modeled ILO estimate)",SL.TLF.ACTI.FE.ZS,0,25,0
Latin America & Caribbean (excluding high income),"Labor force participation rate, female (% of female population ages 15-64) (modeled ILO estimate)",SL.TLF.ACTI.FE.ZS,0,25,0
Latin America & Caribbean (IDA & IBRD),"Labor force participation rate, female (% of female population ages 15-64) (modeled ILO estimate)",SL.TLF.ACTI.FE.ZS,0,25,0
Least developed countries: UN classification,"Labor force participation rate, female (% of female population ages 15-64) (modeled ILO estimate)",SL.TLF.ACTI.FE.ZS,0,25,0
Low & middle income,"Labor force participation rate, female (% of female population ages 15-64) (modeled ILO estimate)",SL.TLF.ACTI.FE.ZS,0,25,0
Low income,"Labor force participation rate, female (% of female population ages 15-64) (modeled ILO estimate)",SL.TLF.ACTI.FE.ZS,0,25,0
Lower middle income,"Labor force participation rate, female (% of female population ages 15-64) (modeled ILO estimate)",SL.TLF.ACTI.FE.ZS,0,25,0
Middle East & North Africa,"Labor force participation rate, female (% of female population ages 15-64) (modeled ILO estimate)",SL.TLF.ACTI.FE.ZS,0,25,0
Middle East & North Africa (excluding high income),"Labor force participation rate, female (% of female population ages 15-64) (modeled ILO estimate)",SL.TLF.ACTI.FE.ZS,0,25,0
Middle East & North Africa (IDA & IBRD),"Labor force participation rate, female (% of female population ages 15-64) (modeled ILO estimate)",SL.TLF.ACTI.FE.ZS,0,25,0
Middle income,"Labor force participation rate, female (% of female population ages 15-64) (modeled ILO estimate)",SL.TLF.ACTI.FE.ZS,0,25,0
North America,"Labor force participation rate, female (% of female population ages 15-64) (modeled ILO estimate)",SL.TLF.ACTI.FE.ZS,0,25,0
OECD members,"Labor force participation rate, female (% of female population ages 15-64) (modeled ILO estimate)",SL.TLF.ACTI.FE.ZS,0,25,0
Other small states,"Labor force participation rate, female (% of female population ages 15-64) (modeled ILO estimate)",SL.TLF.ACTI.FE.ZS,0,25,0
Pacific island small states,"Labor force participation rate, female (% of female population ages 15-64) (modeled ILO estimate)",SL.TLF.ACTI.FE.ZS,0,25,0
Post-demographic dividend,"Labor force participation rate, female (% of female population ages 15-64) (modeled ILO estimate)",SL.TLF.ACTI.FE.ZS,0,25,0
Pre-demographic dividend,"Labor force participation rate, female (% of female population ages 15-64) (modeled ILO estimate)",SL.TLF.ACTI.FE.ZS,0,25,0
Small states,"Labor force participation rate, female (% of female population ages 15-64) (modeled ILO estimate)",SL.TLF.ACTI.FE.ZS,0,25,0
South Asia,"Labor force participation rate, female (% of female population ages 15-64) (modeled ILO estimate)",SL.TLF.ACTI.FE.ZS,0,25,0
South Asia (IDA & IBRD),"Labor force participation rate, female (% of female population ages 15-64) (modeled ILO estimate)",SL.TLF.ACTI.FE.ZS,0,25,0
Sub-Saharan Africa,"Labor force participation rate, female (% of female population ages 15-64) (modeled ILO estimate)",SL.TLF.ACTI.FE.ZS,0,25,0
Sub-Saharan Africa (excluding high income),"Labor force participation rate, female (% of female population ages 15-64) (modeled ILO estimate)",SL.TLF.ACTI.FE.ZS,0,25,0
Sub-Saharan Africa (IDA & IBRD),"Labor force participation rate, female (% of female population ages 15-64) (modeled ILO estimate)",SL.TLF.ACTI.FE.ZS,0,25,0
Upper middle income,"Labor force participation rate, female (% of female population ages 15-64) (modeled ILO estimate)",SL.TLF.ACTI.FE.ZS,0,25,0
World,"Labor force participation rate, female (% of female population ages 15-64) (modeled ILO estimate)",SL.TLF.ACTI.FE.ZS,0,25,0
Afghanistan,"Educational attainment, at least completed upper secondary, population 25+, female (%) (cumulative)",SE.SEC.CUAT.UP.FE.ZS,0,25,0
Albania,"Educational attainment, at least completed upper secondary, population 25+, female (%) (cumulative)",SE.SEC.CUAT.UP.FE.ZS,0,25,0
Algeria,"Educational attainment, at least completed upper secondary, population 25+, female (%) (cumulative)",SE.SEC.CUAT.UP.FE.ZS,0,25,0
American Samoa,"Educational attainment, at least completed upper secondary, population 25+, female (%) (cumulative)",SE.SEC.CUAT.UP.FE.ZS,0,25,0
Andorra,"Educational attainment, at least completed upper secondary, population 25+, female (%) (cumulative)",SE.SEC.CUAT.UP.FE.ZS,0,25,0
Angola,"Educational attainment, at least completed upper secondary, population 25+, female (%) (cumulative)",SE.SEC.CUAT.UP.FE.ZS,0,25,0
Antigua and Barbuda,"Educational attainment, at least completed upper secondary, population 25+, female (%) (cumulative)",SE.SEC.CUAT.UP.FE.ZS,0,25,0
Argentina,"Educational attainment, at least completed upper secondary, population 25+, female (%) (cumulative)",SE.SEC.CUAT.UP.FE.ZS,0,25,0
Armenia,"Educational attainment, at least completed upper secondary, population 25+, female (%) (cumulative)",SE.SEC.CUAT.UP.FE.ZS,0,25,0
Aruba,"Educational attainment, at least completed upper secondary, population 25+, female (%) (cumulative)",SE.SEC.CUAT.UP.FE.ZS,0,25,0
Australia,"Educational attainment, at least completed upper secondary, population 25+, female (%) (cumulative)",SE.SEC.CUAT.UP.FE.ZS,0,25,0
Austria,"Educational attainment, at least completed upper secondary, population 25+, female (%) (cumulative)",SE.SEC.CUAT.UP.FE.ZS,0,25,0
Azerbaijan,"Educational attainment, at least completed upper secondary, population 25+, female (%) (cumulative)",SE.SEC.CUAT.UP.FE.ZS,0,25,0
"Bahamas, The","Educational attainment, at least completed upper secondary, population 25+, female (%) (cumulative)",SE.SEC.CUAT.UP.FE.ZS,0,25,0
Bahrain,"Educational attainment, at least completed upper secondary, population 25+, female (%) (cumulative)",SE.SEC.CUAT.UP.FE.ZS,0,25,0
Bangladesh,"Educational attainment, at least completed upper secondary, population 25+, female (%) (cumulative)",SE.SEC.CUAT.UP.FE.ZS,0,25,0
Barbados,"Educational attainment, at least completed upper secondary, population 25+, female (%) (cumulative)",SE.SEC.CUAT.UP.FE.ZS,0,25,0
Belarus,"Educational attainment, at least completed upper secondary, population 25+, female (%) (cumulative)",SE.SEC.CUAT.UP.FE.ZS,0,25,0
Belgium,"Educational attainment, at least completed upper secondary, population 25+, female (%) (cumulative)",SE.SEC.CUAT.UP.FE.ZS,0,25,0
Belize,"Educational attainment, at least completed upper secondary, population 25+, female (%) (cumulative)",SE.SEC.CUAT.UP.FE.ZS,0,25,0
Benin,"Educational attainment, at least completed upper secondary, population 25+, female (%) (cumulative)",SE.SEC.CUAT.UP.FE.ZS,0,25,0
Bermuda,"Educational attainment, at least completed upper secondary, population 25+, female (%) (cumulative)",SE.SEC.CUAT.UP.FE.ZS,0,25,0
Bhutan,"Educational attainment, at least completed upper secondary, population 25+, female (%) (cumulative)",SE.SEC.CUAT.UP.FE.ZS,0,25,0
Bolivia,"Educational attainment, at least completed upper secondary, population 25+, female (%) (cumulative)",SE.SEC.CUAT.UP.FE.ZS,0,25,0
Bosnia and Herzegovina,"Educational attainment, at least completed upper secondary, population 25+, female (%) (cumulative)",SE.SEC.CUAT.UP.FE.ZS,0,25,0
Botswana,"Educational attainment, at least completed upper secondary, population 25+, female (%) (cumulative)",SE.SEC.CUAT.UP.FE.ZS,0,25,0
Brazil,"Educational attainment, at least completed upper secondary, population 25+, female (%) (cumulative)",SE.SEC.CUAT.UP.FE.ZS,0,25,0
British Virgin Islands,"Educational attainment, at least completed upper secondary, population 25+, female (%) (cumulative)",SE.SEC.CUAT.UP.FE.ZS,0,25,0
Brunei Darussalam,"Educational attainment, at least completed upper secondary, population 25+, female (%) (cumulative)",SE.SEC.CUAT.UP.FE.ZS,0,25,0
Bulgaria,"Educational attainment, at least completed upper secondary, population 25+, female (%) (cumulative)",SE.SEC.CUAT.UP.FE.ZS,0,25,0
Burkina Faso,"Educational attainment, at least completed upper secondary, population 25+, female (%) (cumulative)",SE.SEC.CUAT.UP.FE.ZS,0,25,0
Burundi,"Educational attainment, at least completed upper secondary, population 25+, female (%) (cumulative)",SE.SEC.CUAT.UP.FE.ZS,0,25,0
Cabo Verde,"Educational attainment, at least completed upper secondary, population 25+, female (%) (cumulative)",SE.SEC.CUAT.UP.FE.ZS,0,25,0
Cambodia,"Educational attainment, at least completed upper secondary, population 25+, female (%) (cumulative)",SE.SEC.CUAT.UP.FE.ZS,0,25,0
Cameroon,"Educational attainment, at least completed upper secondary, population 25+, female (%) (cumulative)",SE.SEC.CUAT.UP.FE.ZS,0,25,0
Canada,"Educational attainment, at least completed upper secondary, population 25+, female (%) (cumulative)",SE.SEC.CUAT.UP.FE.ZS,0,25,0
Cayman Islands,"Educational attainment, at least completed upper secondary, population 25+, female (%) (cumulative)",SE.SEC.CUAT.UP.FE.ZS,0,25,0
Central African Republic,"Educational attainment, at least completed upper secondary, population 25+, female (%) (cumulative)",SE.SEC.CUAT.UP.FE.ZS,0,25,0
Chad,"Educational attainment, at least completed upper secondary, population 25+, female (%) (cumulative)",SE.SEC.CUAT.UP.FE.ZS,0,25,0
Channel Islands,"Educational attainment, at least completed upper secondary, population 25+, female (%) (cumulative)",SE.SEC.CUAT.UP.FE.ZS,0,25,0
Chile,"Educational attainment, at least completed upper secondary, population 25+, female (%) (cumulative)",SE.SEC.CUAT.UP.FE.ZS,0,25,0
China,"Educational attainment, at least completed upper secondary, population 25+, female (%) (cumulative)",SE.SEC.CUAT.UP.FE.ZS,0,25,0
Colombia,"Educational attainment, at least completed upper secondary, population 25+, female (%) (cumulative)",SE.SEC.CUAT.UP.FE.ZS,0,25,0
Comoros,"Educational attainment, at least completed upper secondary, population 25+, female (%) (cumulative)",SE.SEC.CUAT.UP.FE.ZS,0,25,0
"Congo, Dem. Rep.","Educational attainment, at least completed upper secondary, population 25+, female (%) (cumulative)",SE.SEC.CUAT.UP.FE.ZS,0,25,0
"Congo, Rep.","Educational attainment, at least completed upper secondary, population 25+, female (%) (cumulative)",SE.SEC.CUAT.UP.FE.ZS,0,25,0
Costa Rica,"Educational attainment, at least completed upper secondary, population 25+, female (%) (cumulative)",SE.SEC.CUAT.UP.FE.ZS,0,25,0
Cote d'Ivoire,"Educational attainment, at least completed upper secondary, population 25+, female (%) (cumulative)",SE.SEC.CUAT.UP.FE.ZS,0,25,0
Croatia,"Educational attainment, at least completed upper secondary, population 25+, female (%) (cumulative)",SE.SEC.CUAT.UP.FE.ZS,0,25,0
Cuba,"Educational attainment, at least completed upper secondary, population 25+, female (%) (cumulative)",SE.SEC.CUAT.UP.FE.ZS,0,25,0
Curacao,"Educational attainment, at least completed upper secondary, population 25+, female (%) (cumulative)",SE.SEC.CUAT.UP.FE.ZS,0,25,0
Cyprus,"Educational attainment, at least completed upper secondary, population 25+, female (%) (cumulative)",SE.SEC.CUAT.UP.FE.ZS,0,25,0
Czechia,"Educational attainment, at least completed upper secondary, population 25+, female (%) (cumulative)",SE.SEC.CUAT.UP.FE.ZS,0,25,0
Denmark,"Educational attainment, at least completed upper secondary, population 25+, female (%) (cumulative)",SE.SEC.CUAT.UP.FE.ZS,0,25,0
Djibouti,"Educational attainment, at least completed upper secondary, population 25+, female (%) (cumulative)",SE.SEC.CUAT.UP.FE.ZS,0,25,0
Dominica,"Educational attainment, at least completed upper secondary, population 25+, female (%) (cumulative)",SE.SEC.CUAT.UP.FE.ZS,0,25,0
Dominican Republic,"Educational attainment, at least completed upper secondary, population 25+, female (%) (cumulative)",SE.SEC.CUAT.UP.FE.ZS,0,25,0
Ecuador,"Educational attainment, at least completed upper secondary, population 25+, female (%) (cumulative)",SE.SEC.CUAT.UP.FE.ZS,0,25,0
"Egypt, Arab Rep.","Educational attainment, at least completed upper secondary, population 25+, female (%) (cumulative)",SE.SEC.CUAT.UP.FE.ZS,0,25,0
El Salvador,"Educational attainment, at least completed upper secondary, population 25+, female (%) (cumulative)",SE.SEC.CUAT.UP.FE.ZS,0,25,0
Equatorial Guinea,"Educational attainment, at least completed upper secondary, population 25+, female (%) (cumulative)",SE.SEC.CUAT.UP.FE.ZS,0,25,0
Eritrea,"Educational attainment, at least completed upper secondary, population 25+, female (%) (cumulative)",SE.SEC.CUAT.UP.FE.ZS,0,25,0
Estonia,"Educational attainment, at least completed upper secondary, population 25+, female (%) (cumulative)",SE.SEC.CUAT.UP.FE.ZS,0,25,0
Eswatini,"Educational attainment, at least completed upper secondary, population 25+, female (%) (cumulative)",SE.SEC.CUAT.UP.FE.ZS,0,25,0
Ethiopia,"Educational attainment, at least completed upper secondary, population 25+, female (%) (cumulative)",SE.SEC.CUAT.UP.FE.ZS,0,25,0
Faroe Islands,"Educational attainment, at least completed upper secondary, population 25+, female (%) (cumulative)",SE.SEC.CUAT.UP.FE.ZS,0,25,0
Fiji,"Educational attainment, at least completed upper secondary, population 25+, female (%) (cumulative)",SE.SEC.CUAT.UP.FE.ZS,0,25,0
Finland,"Educational attainment, at least completed upper secondary, population 25+, female (%) (cumulative)",SE.SEC.CUAT.UP.FE.ZS,0,25,0
France,"Educational attainment, at least completed upper secondary, population 25+, female (%) (cumulative)",SE.SEC.CUAT.UP.FE.ZS,0,25,0
French Polynesia,"Educational attainment, at least completed upper secondary, population 25+, female (%) (cumulative)",SE.SEC.CUAT.UP.FE.ZS,0,25,0
Gabon,"Educational attainment, at least completed upper secondary, population 25+, female (%) (cumulative)",SE.SEC.CUAT.UP.FE.ZS,0,25,0
"Gambia, The","Educational attainment, at least completed upper secondary, population 25+, female (%) (cumulative)",SE.SEC.CUAT.UP.FE.ZS,0,25,0
Georgia,"Educational attainment, at least completed upper secondary, population 25+, female (%) (cumulative)",SE.SEC.CUAT.UP.FE.ZS,0,25,0
Germany,"Educational attainment, at least completed upper secondary, population 25+, female (%) (cumulative)",SE.SEC.CUAT.UP.FE.ZS,0,25,0
Ghana,"Educational attainment, at least completed upper secondary, population 25+, female (%) (cumulative)",SE.SEC.CUAT.UP.FE.ZS,0,25,0
Gibraltar,"Educational attainment, at least completed upper secondary, population 25+, female (%) (cumulative)",SE.SEC.CUAT.UP.FE.ZS,0,25,0
Greece,"Educational attainment, at least completed upper secondary, population 25+, female (%) (cumulative)",SE.SEC.CUAT.UP.FE.ZS,0,25,0
Greenland,"Educational attainment, at least completed upper secondary, population 25+, female (%) (cumulative)",SE.SEC.CUAT.UP.FE.ZS,0,25,0
Grenada,"Educational attainment, at least completed upper secondary, population 25+, female (%) (cumulative)",SE.SEC.CUAT.UP.FE.ZS,0,25,0
Guam,"Educational attainment, at least completed upper secondary, population 25+, female (%) (cumulative)",SE.SEC.CUAT.UP.FE.ZS,0,25,0
Guatemala,"Educational attainment, at least completed upper secondary, population 25+, female (%) (cumulative)",SE.SEC.CUAT.UP.FE.ZS,0,25,0
Guinea,"Educational attainment, at least completed upper secondary, population 25+, female (%) (cumulative)",SE.SEC.CUAT.UP.FE.ZS,0,25,0
Guinea-Bissau,"Educational attainment, at least completed upper secondary, population 25+, female (%) (cumulative)",SE.SEC.CUAT.UP.FE.ZS,0,25,0
Guyana,"Educational attainment, at least completed upper secondary, population 25+, female (%) (cumulative)",SE.SEC.CUAT.UP.FE.ZS,0,25,0
Haiti,"Educational attainment, at least completed upper secondary, population 25+, female (%) (cumulative)",SE.SEC.CUAT.UP.FE.ZS,0,25,0
Honduras,"Educational attainment, at least completed upper secondary, population 25+, female (%) (cumulative)",SE.SEC.CUAT.UP.FE.ZS,0,25,0
"Hong Kong SAR, China","Educational attainment, at least completed upper secondary, population 25+, female (%) (cumulative)",SE.SEC.CUAT.UP.FE.ZS,0,25,0
Hungary,"Educational attainment, at least completed upper secondary, population 25+, female (%) (cumulative)",SE.SEC.CUAT.UP.FE.ZS,0,25,0
Iceland,"Educational attainment, at least completed upper secondary, population 25+, female (%) (cumulative)",SE.SEC.CUAT.UP.FE.ZS,0,25,0
India,"Educational attainment, at least completed upper secondary, population 25+, female (%) (cumulative)",SE.SEC.CUAT.UP.FE.ZS,0,25,0
Indonesia,"Educational attainment, at least completed upper secondary, population 25+, female (%) (cumulative)",SE.SEC.CUAT.UP.FE.ZS,0,25,0
"Iran, Islamic Rep.","Educational attainment, at least completed upper secondary, population 25+, female (%) (cumulative)",SE.SEC.CUAT.UP.FE.ZS,0,25,0
Iraq,"Educational attainment, at least completed upper secondary, population 25+, female (%) (cumulative)",SE.SEC.CUAT.UP.FE.ZS,0,25,0
Ireland,"Educational attainment, at least completed upper secondary, population 25+, female (%) (cumulative)",SE.SEC.CUAT.UP.FE.ZS,0,25,0
Isle of Man,"Educational attainment, at least completed upper secondary, population 25+, female (%) (cumulative)",SE.SEC.CUAT.UP.FE.ZS,0,25,0
Israel,"Educational attainment, at least completed upper secondary, population 25+, female (%) (cumulative)",SE.SEC.CUAT.UP.FE.ZS,0,25,0
Italy,"Educational attainment, at least completed upper secondary, population 25+, female (%) (cumulative)",SE.SEC.CUAT.UP.FE.ZS,0,25,0
Jamaica,"Educational attainment, at least completed upper secondary, population 25+, female (%) (cumulative)",SE.SEC.CUAT.UP.FE.ZS,0,25,0
Japan,"Educational attainment, at least completed upper secondary, population 25+, female (%) (cumulative)",SE.SEC.CUAT.UP.FE.ZS,0,25,0
Jordan,"Educational attainment, at least completed upper secondary, population 25+, female (%) (cumulative)",SE.SEC.CUAT.UP.FE.ZS,0,25,0
Kazakhstan,"Educational attainment, at least completed upper secondary, population 25+, female (%) (cumulative)",SE.SEC.CUAT.UP.FE.ZS,0,25,0
Kenya,"Educational attainment, at least completed upper secondary, population 25+, female (%) (cumulative)",SE.SEC.CUAT.UP.FE.ZS,0,25,0
Kiribati,"Educational attainment, at least completed upper secondary, population 25+, female (%) (cumulative)",SE.SEC.CUAT.UP.FE.ZS,0,25,0
"Korea, Dem. People's Rep.","Educational attainment, at least completed upper secondary, population 25+, female (%) (cumulative)",SE.SEC.CUAT.UP.FE.ZS,0,25,0
"Korea, Rep.","Educational attainment, at least completed upper secondary, population 25+, female (%) (cumulative)",SE.SEC.CUAT.UP.FE.ZS,0,25,0
Kosovo,"Educational attainment, at least completed upper secondary, population 25+, female (%) (cumulative)",SE.SEC.CUAT.UP.FE.ZS,0,25,0
Kuwait,"Educational attainment, at least completed upper secondary, population 25+, female (%) (cumulative)",SE.SEC.CUAT.UP.FE.ZS,0,25,0
Kyrgyz Republic,"Educational attainment, at least completed upper secondary, population 25+, female (%) (cumulative)",SE.SEC.CUAT.UP.FE.ZS,0,25,0
Lao PDR,"Educational attainment, at least completed upper secondary, population 25+, female (%) (cumulative)",SE.SEC.CUAT.UP.FE.ZS,0,25,0
Latvia,"Educational attainment, at least completed upper secondary, population 25+, female (%) (cumulative)",SE.SEC.CUAT.UP.FE.ZS,0,25,0
Lebanon,"Educational attainment, at least completed upper secondary, population 25+, female (%) (cumulative)",SE.SEC.CUAT.UP.FE.ZS,0,25,0
Lesotho,"Educational attainment, at least completed upper secondary, population 25+, female (%) (cumulative)",SE.SEC.CUAT.UP.FE.ZS,0,25,0
Liberia,"Educational attainment, at least completed upper secondary, population 25+, female (%) (cumulative)",SE.SEC.CUAT.UP.FE.ZS,0,25,0
Libya,"Educational attainment, at least completed upper secondary, population 25+, female (%) (cumulative)",SE.SEC.CUAT.UP.FE.ZS,0,25,0
Liechtenstein,"Educational attainment, at least completed upper secondary, population 25+, female (%) (cumulative)",SE.SEC.CUAT.UP.FE.ZS,0,25,0
Lithuania,"Educational attainment, at least completed upper secondary, population 25+, female (%) (cumulative)",SE.SEC.CUAT.UP.FE.ZS,0,25,0
Luxembourg,"Educational attainment, at least completed upper secondary, population 25+, female (%) (cumulative)",SE.SEC.CUAT.UP.FE.ZS,0,25,0
"Macao SAR, China","Educational attainment, at least completed upper secondary, population 25+, female (%) (cumulative)",SE.SEC.CUAT.UP.FE.ZS,0,25,0
Madagascar,"Educational attainment, at least completed upper secondary, population 25+, female (%) (cumulative)",SE.SEC.CUAT.UP.FE.ZS,0,25,0
Malawi,"Educational attainment, at least completed upper secondary, population 25+, female (%) (cumulative)",SE.SEC.CUAT.UP.FE.ZS,0,25,0
Malaysia,"Educational attainment, at least completed upper secondary, population 25+, female (%) (cumulative)",SE.SEC.CUAT.UP.FE.ZS,0,25,0
Maldives,"Educational attainment, at least completed upper secondary, population 25+, female (%) (cumulative)",SE.SEC.CUAT.UP.FE.ZS,0,25,0
Mali,"Educational attainment, at least completed upper secondary, population 25+, female (%) (cumulative)",SE.SEC.CUAT.UP.FE.ZS,0,25,0
Malta,"Educational attainment, at least completed upper secondary, population 25+, female (%) (cumulative)",SE.SEC.CUAT.UP.FE.ZS,0,25,0
Marshall Islands,"Educational attainment, at least completed upper secondary, population 25+, female (%) (cumulative)",SE.SEC.CUAT.UP.FE.ZS,0,25,0
Mauritania,"Educational attainment, at least completed upper secondary, population 25+, female (%) (cumulative)",SE.SEC.CUAT.UP.FE.ZS,0,25,0
Mauritius,"Educational attainment, at least completed upper secondary, population 25+, female (%) (cumulative)",SE.SEC.CUAT.UP.FE.ZS,0,25,0
Mexico,"Educational attainment, at least completed upper secondary, population 25+, female (%) (cumulative)",SE.SEC.CUAT.UP.FE.ZS,0,25,0
"Micronesia, Fed. Sts.","Educational attainment, at least completed upper secondary, population 25+, female (%) (cumulative)",SE.SEC.CUAT.UP.FE.ZS,0,25,0
Moldova,"Educational attainment, at least completed upper secondary, population 25+, female (%) (cumulative)",SE.SEC.CUAT.UP.FE.ZS,0,25,0
Monaco,"Educational attainment, at least completed upper secondary, population 25+, female (%) (cumulative)",SE.SEC.CUAT.UP.FE.ZS,0,25,0
Mongolia,"Educational attainment, at least completed upper secondary, population 25+, female (%) (cumulative)",SE.SEC.CUAT.UP.FE.ZS,0,25,0
Montenegro,"Educational attainment, at least completed upper secondary, population 25+, female (%) (cumulative)",SE.SEC.CUAT.UP.FE.ZS,0,25,0
Morocco,"Educational attainment, at least completed upper secondary, population 25+, female (%) (cumulative)",SE.SEC.CUAT.UP.FE.ZS,0,25,0
Mozambique,"Educational attainment, at least completed upper secondary, population 25+, female (%) (cumulative)",SE.SEC.CUAT.UP.FE.ZS,0,25,0
Myanmar,"Educational attainment, at least completed upper secondary, population 25+, female (%) (cumulative)",SE.SEC.CUAT.UP.FE.ZS,0,25,0
Namibia,"Educational attainment, at least completed upper secondary, population 25+, female (%) (cumulative)",SE.SEC.CUAT.UP.FE.ZS,0,25,0
Nauru,"Educational attainment, at least completed upper secondary, population 25+, female (%) (cumulative)",SE.SEC.CUAT.UP.FE.ZS,0,25,0
Nepal,"Educational attainment, at least completed upper secondary, population 25+, female (%) (cumulative)",SE.SEC.CUAT.UP.FE.ZS,0,25,0
Netherlands,"Educational attainment, at least completed upper secondary, population 25+, female (%) (cumulative)",SE.SEC.CUAT.UP.FE.ZS,0,25,0
New Caledonia,"Educational attainment, at least completed upper secondary, population 25+, female (%) (cumulative)",SE.SEC.CUAT.UP.FE.ZS,0,25,0
New Zealand,"Educational attainment, at least completed upper secondary, population 25+, female (%) (cumulative)",SE.SEC.CUAT.UP.FE.ZS,0,25,0
Nicaragua,"Educational attainment, at least completed upper secondary, population 25+, female (%) (cumulative)",SE.SEC.CUAT.UP.FE.ZS,0,25,0
Niger,"Educational attainment, at least completed upper secondary, population 25+, female (%) (cumulative)",SE.SEC.CUAT.UP.FE.ZS,0,25,0
Nigeria,"Educational attainment, at least completed upper secondary, population 25+, female (%) (cumulative)",SE.SEC.CUAT.UP.FE.ZS,0,25,0
North Macedonia,"Educational attainment, at least completed upper secondary, population 25+, female (%) (cumulative)",SE.SEC.CUAT.UP.FE.ZS,0,25,0
Northern Mariana Islands,"Educational attainment, at least completed upper secondary, population 25+, female (%) (cumulative)",SE.SEC.CUAT.UP.FE.ZS,0,25,0
Norway,"Educational attainment, at least completed upper secondary, population 25+, female (%) (cumulative)",SE.SEC.CUAT.UP.FE.ZS,0,25,0
Oman,"Educational attainment, at least completed upper secondary, population 25+, female (%) (cumulative)",SE.SEC.CUAT.UP.FE.ZS,0,25,0
Pakistan,"Educational attainment, at least completed upper secondary, population 25+, female (%) (cumulative)",SE.SEC.CUAT.UP.FE.ZS,0,25,0
Palau,"Educational attainment, at least completed upper secondary, population 25+, female (%) (cumulative)",SE.SEC.CUAT.UP.FE.ZS,0,25,0
Panama,"Educational attainment, at least completed upper secondary, population 25+, female (%) (cumulative)",SE.SEC.CUAT.UP.FE.ZS,0,25,0
Papua New Guinea,"Educational attainment, at least completed upper secondary, population 25+, female (%) (cumulative)",SE.SEC.CUAT.UP.FE.ZS,0,25,0
Paraguay,"Educational attainment, at least completed upper secondary, population 25+, female (%) (cumulative)",SE.SEC.CUAT.UP.FE.ZS,0,25,0
Peru,"Educational attainment, at least completed upper secondary, population 25+, female (%) (cumulative)",SE.SEC.CUAT.UP.FE.ZS,0,25,0
Philippines,"Educational attainment, at least completed upper secondary, population 25+, female (%) (cumulative)",SE.SEC.CUAT.UP.FE.ZS,0,25,0
Poland,"Educational attainment, at least completed upper secondary, population 25+, female (%) (cumulative)",SE.SEC.CUAT.UP.FE.ZS,0,25,0
Portugal,"Educational attainment, at least completed upper secondary, population 25+, female (%) (cumulative)",SE.SEC.CUAT.UP.FE.ZS,0,25,0
Puerto Rico,"Educational attainment, at least completed upper secondary, population 25+, female (%) (cumulative)",SE.SEC.CUAT.UP.FE.ZS,0,25,0
Qatar,"Educational attainment, at least completed upper secondary, population 25+, female (%) (cumulative)",SE.SEC.CUAT.UP.FE.ZS,0,25,0
Romania,"Educational attainment, at least completed upper secondary, population 25+, female (%) (cumulative)",SE.SEC.CUAT.UP.FE.ZS,0,25,0
Russian Federation,"Educational attainment, at least completed upper secondary, population 25+, female (%) (cumulative)",SE.SEC.CUAT.UP.FE.ZS,0,25,0
Rwanda,"Educational attainment, at least completed upper secondary, population 25+, female (%) (cumulative)",SE.SEC.CUAT.UP.FE.ZS,0,25,0
Samoa,"Educational attainment, at least completed upper secondary, population 25+, female (%) (cumulative)",SE.SEC.CUAT.UP.FE.ZS,0,25,0
San Marino,"Educational attainment, at least completed upper secondary, population 25+, female (%) (cumulative)",SE.SEC.CUAT.UP.FE.ZS,0,25,0
Sao Tome and Principe,"Educational attainment, at least completed upper secondary, population 25+, female (%) (cumulative)",SE.SEC.CUAT.UP.FE.ZS,0,25,0
Saudi Arabia,"Educational attainment, at least completed upper secondary, population 25+, female (%) (cumulative)",SE.SEC.CUAT.UP.FE.ZS,0,25,0
Senegal,"Educational attainment, at least completed upper secondary, population 25+, female (%) (cumulative)",SE.SEC.CUAT.UP.FE.ZS,0,25,0
Serbia,"Educational attainment, at least completed upper secondary, population 25+, female (%) (cumulative)",SE.SEC.CUAT.UP.FE.ZS,0,25,0
Seychelles,"Educational attainment, at least completed upper secondary, population 25+, female (%) (cumulative)",SE.SEC.CUAT.UP.FE.ZS,0,25,0
Sierra Leone,"Educational attainment, at least completed upper secondary, population 25+, female (%) (cumulative)",SE.SEC.CUAT.UP.FE.ZS,0,25,0
Singapore,"Educational attainment, at least completed upper secondary, population 25+, female (%) (cumulative)",SE.SEC.CUAT.UP.FE.ZS,0,25,0
Sint Maarten (Dutch part),"Educational attainment, at least completed upper secondary, population 25+, female (%) (cumulative)",SE.SEC.CUAT.UP.FE.ZS,0,25,0
Slovak Republic,"Educational attainment, at least completed upper secondary, population 25+, female (%) (cumulative)",SE.SEC.CUAT.UP.FE.ZS,0,25,0
Slovenia,"Educational attainment, at least completed upper secondary, population 25+, female (%) (cumulative)",SE.SEC.CUAT.UP.FE.ZS,0,25,0
Solomon Islands,"Educational attainment, at least completed upper secondary, population 25+, female (%) (cumulative)",SE.SEC.CUAT.UP.FE.ZS,0,25,0
Somalia,"Educational attainment, at least completed upper secondary, population 25+, female (%) (cumulative)",SE.SEC.CUAT.UP.FE.ZS,0,25,0
South Africa,"Educational attainment, at least completed upper secondary, population 25+, female (%) (cumulative)",SE.SEC.CUAT.UP.FE.ZS,0,25,0
South Sudan,"Educational attainment, at least completed upper secondary, population 25+, female (%) (cumulative)",SE.SEC.CUAT.UP.FE.ZS,0,25,0
Spain,"Educational attainment, at least completed upper secondary, population 25+, female (%) (cumulative)",SE.SEC.CUAT.UP.FE.ZS,0,25,0
Sri Lanka,"Educational attainment, at least completed upper secondary, population 25+, female (%) (cumulative)",SE.SEC.CUAT.UP.FE.ZS,0,25,0
St. Kitts and Nevis,"Educational attainment, at least completed upper secondary, population 25+, female (%) (cumulative)",SE.SEC.CUAT.UP.FE.ZS,0,25,0
St. Lucia,"Educational attainment, at least completed upper secondary, population 25+, female (%) (cumulative)",SE.SEC.CUAT.UP.FE.ZS,0,25,0
St. Martin (French part),"Educational attainment, at least completed upper secondary, population 25+, female (%) (cumulative)",SE.SEC.CUAT.UP.FE.ZS,0,25,0
St. Vincent and the Grenadines,"Educational attainment, at least completed upper secondary, population 25+, female (%) (cumulative)",SE.SEC.CUAT.UP.FE.ZS,0,25,0
Sudan,"Educational attainment, at least completed upper secondary, population 25+, female (%) (cumulative)",SE.SEC.CUAT.UP.FE.ZS,0,25,0
Suriname,"Educational attainment, at least completed upper secondary, population 25+, female (%) (cumulative)",SE.SEC.CUAT.UP.FE.ZS,0,25,0
Sweden,"Educational attainment, at least completed upper secondary, population 25+, female (%) (cumulative)",SE.SEC.CUAT.UP.FE.ZS,0,25,0
Switzerland,"Educational attainment, at least completed upper secondary, population 25+, female (%) (cumulative)",SE.SEC.CUAT.UP.FE.ZS,0,25,0
Syrian Arab Republic,"Educational attainment, at least completed upper secondary, population 25+, female (%) (cumulative)",SE.SEC.CUAT.UP.FE.ZS,0,25,0
Tajikistan,"Educational attainment, at least completed upper secondary, population 25+, female (%) (cumulative)",SE.SEC.CUAT.UP.FE.ZS,0,25,0
Tanzania,"Educational attainment, at least completed upper secondary, population 25+, female (%) (cumulative)",SE.SEC.CUAT.UP.FE.ZS,0,25,0
Thailand,"Educational attainment, at least completed upper secondary, population 25+, female (%) (cumulative)",SE.SEC.CUAT.UP.FE.ZS,0,25,0
Timor-Leste,"Educational attainment, at least completed upper secondary, population 25+, female (%) (cumulative)",SE.SEC.CUAT.UP.FE.ZS,0,25,0
Togo,"Educational attainment, at least completed upper secondary, population 25+, female (%) (cumulative)",SE.SEC.CUAT.UP.FE.ZS,0,25,0
Tonga,"Educational attainment, at least completed upper secondary, population 25+, female (%) (cumulative)",SE.SEC.CUAT.UP.FE.ZS,0,25,0
Trinidad and Tobago,"Educational attainment, at least completed upper secondary, population 25+, female (%) (cumulative)",SE.SEC.CUAT.UP.FE.ZS,0,25,0
Tunisia,"Educational attainment, at least completed upper secondary, population 25+, female (%) (cumulative)",SE.SEC.CUAT.UP.FE.ZS,0,25,0
Turkiye,"Educational attainment, at least completed upper secondary, population 25+, female (%) (cumulative)",SE.SEC.CUAT.UP.FE.ZS,0,25,0
Turkmenistan,"Educational attainment, at least completed upper secondary, population 25+, female (%) (cumulative)",SE.SEC.CUAT.UP.FE.ZS,0,25,0
Turks and Caicos Islands,"Educational attainment, at least completed upper secondary, population 25+, female (%) (cumulative)",SE.SEC.CUAT.UP.FE.ZS,0,25,0
Tuvalu,"Educational attainment, at least completed upper secondary, population 25+, female (%) (cumulative)",SE.SEC.CUAT.UP.FE.ZS,0,25,0
Uganda,"Educational attainment, at least completed upper secondary, population 25+, female (%) (cumulative)",SE.SEC.CUAT.UP.FE.ZS,0,25,0
Ukraine,"Educational attainment, at least completed upper secondary, population 25+, female (%) (cumulative)",SE.SEC.CUAT.UP.FE.ZS,0,25,0
United Arab Emirates,"Educational attainment, at least completed upper secondary, population 25+, female (%) (cumulative)",SE.SEC.CUAT.UP.FE.ZS,0,25,0
United Kingdom,"Educational attainment, at least completed upper secondary, population 25+, female (%) (cumulative)",SE.SEC.CUAT.UP.FE.ZS,0,25,0
United States,"Educational attainment, at least completed upper secondary, population 25+, female (%) (cumulative)",SE.SEC.CUAT.UP.FE.ZS,0,25,0
Uruguay,"Educational attainment, at least completed upper secondary, population 25+, female (%) (cumulative)",SE.SEC.CUAT.UP.FE.ZS,0,25,0
Uzbekistan,"Educational attainment, at least completed upper secondary, population 25+, female (%) (cumulative)",SE.SEC.CUAT.UP.FE.ZS,0,25,0
Vanuatu,"Educational attainment, at least completed upper secondary, population 25+, female (%) (cumulative)",SE.SEC.CUAT.UP.FE.ZS,0,25,0
"Venezuela, RB","Educational attainment, at least completed upper secondary, population 25+, female (%) (cumulative)",SE.SEC.CUAT.UP.FE.ZS,0,25,0
Viet Nam,"Educational attainment, at least completed upper secondary, population 25+, female (%) (cumulative)",SE.SEC.CUAT.UP.FE.ZS,0,25,0
Virgin Islands (U.S.),"Educational attainment, at least completed upper secondary, population 25+, female (%) (cumulative)",SE.SEC.CUAT.UP.FE.ZS,0,25,0
West Bank and Gaza,"Educational attainment, at least completed upper secondary, population 25+, female (%) (cumulative)",SE.SEC.CUAT.UP.FE.ZS,0,25,0
"Yemen, Rep.","Educational attainment, at least completed upper secondary, population 25+, female (%) (cumulative)",SE.SEC.CUAT.UP.FE.ZS,0,25,0
Zambia,"Educational attainment, at least completed upper secondary, population 25+, female (%) (cumulative)",SE.SEC.CUAT.UP.FE.ZS,0,25,0
Zimbabwe,"Educational attainment, at least completed upper secondary, population 25+, female (%) (cumulative)",SE.SEC.CUAT.UP.FE.ZS,0,25,0
Africa Eastern and Southern,"Educational attainment, at least completed upper secondary, population 25+, female (%) (cumulative)",SE.SEC.CUAT.UP.FE.ZS,0,25,0
Africa Western and Central,"Educational attainment, at least completed upper secondary, population 25+, female (%) (cumulative)",SE.SEC.CUAT.UP.FE.ZS,0,25,0
Arab World,"Educational attainment, at least completed upper secondary, population 25+, female (%) (cumulative)",SE.SEC.CUAT.UP.FE.ZS,0,25,0
Caribbean small states,"Educational attainment, at least completed upper secondary, population 25+, female (%) (cumulative)",SE.SEC.CUAT.UP.FE.ZS,0,25,0
Central Europe and the Baltics,"Educational attainment, at least completed upper secondary, population 25+, female (%) (cumulative)",SE.SEC.CUAT.UP.FE.ZS,0,25,0
Early-demographic dividend,"Educational attainment, at least completed upper secondary, population 25+, female (%) (cumulative)",SE.SEC.CUAT.UP.FE.ZS,0,25,0
East Asia & Pacific,"Educational attainment, at least completed upper secondary, population 25+, female (%) (cumulative)",SE.SEC.CUAT.UP.FE.ZS,0,25,0
East Asia & Pacific (excluding high income),"Educational attainment, at least completed upper secondary, population 25+, female (%) (cumulative)",SE.SEC.CUAT.UP.FE.ZS,0,25,0
East Asia & Pacific (IDA & IBRD),"Educational attainment, at least completed upper secondary, population 25+, female (%) (cumulative)",SE.SEC.CUAT.UP.FE.ZS,0,25,0
Euro area,"Educational attainment, at least completed upper secondary, population 25+, female (%) (cumulative)",SE.SEC.CUAT.UP.FE.ZS,0,25,0
Europe & Central Asia,"Educational attainment, at least completed upper secondary, population 25+, female (%) (cumulative)",SE.SEC.CUAT.UP.FE.ZS,0,25,0
Europe & Central Asia (excluding high income),"Educational attainment, at least completed upper secondary, population 25+, female (%) (cumulative)",SE.SEC.CUAT.UP.FE.ZS,0,25,0
Europe & Central Asia (IDA & IBRD),"Educational attainment, at least completed upper secondary, population 25+, female (%) (cumulative)",SE.SEC.CUAT.UP.FE.ZS,0,25,0
European Union,"Educational attainment, at least completed upper secondary, population 25+, female (%) (cumulative)",SE.SEC.CUAT.UP.FE.ZS,0,25,0
Fragile and conflict affected situations,"Educational attainment, at least completed upper secondary, population 25+, female (%) (cumulative)",SE.SEC.CUAT.UP.FE.ZS,0,25,0
Heavily indebted poor countries (HIPC),"Educational attainment, at least completed upper secondary, population 25+, female (%) (cumulative)",SE.SEC.CUAT.UP.FE.ZS,0,25,0
High income,"Educational attainment, at least completed upper secondary, population 25+, female (%) (cumulative)",SE.SEC.CUAT.UP.FE.ZS,0,25,0
IBRD only,"Educational attainment, at least completed upper secondary, population 25+, female (%) (cumulative)",SE.SEC.CUAT.UP.FE.ZS,0,25,0
IDA & IBRD total,"Educational attainment, at least completed upper secondary, population 25+, female (%) (cumulative)",SE.SEC.CUAT.UP.FE.ZS,0,25,0
IDA blend,"Educational attainment, at least completed upper secondary, population 25+, female (%) (cumulative)",SE.SEC.CUAT.UP.FE.ZS,0,25,0
IDA only,"Educational attainment, at least completed upper secondary, population 25+, female (%) (cumulative)",SE.SEC.CUAT.UP.FE.ZS,0,25,0
IDA total,"Educational attainment, at least completed upper secondary, population 25+, female (%) (cumulative)",SE.SEC.CUAT.UP.FE.ZS,0,25,0
Late-demographic dividend,"Educational attainment, at least completed upper secondary, population 25+, female (%) (cumulative)",SE.SEC.CUAT.UP.FE.ZS,0,25,0
Latin America & Caribbean,"Educational attainment, at least completed upper secondary, population 25+, female (%) (cumulative)",SE.SEC.CUAT.UP.FE.ZS,0,25,0
Latin America & Caribbean (excluding high income),"Educational attainment, at least completed upper secondary, population 25+, female (%) (cumulative)",SE.SEC.CUAT.UP.FE.ZS,0,25,0
Latin America & Caribbean (IDA & IBRD),"Educational attainment, at least completed upper secondary, population 25+, female (%) (cumulative)",SE.SEC.CUAT.UP.FE.ZS,0,25,0
Least developed countries: UN classification,"Educational attainment, at least completed upper secondary, population 25+, female (%) (cumulative)",SE.SEC.CUAT.UP.FE.ZS,0,25,0
Low & middle income,"Educational attainment, at least completed upper secondary, population 25+, female (%) (cumulative)",SE.SEC.CUAT.UP.FE.ZS,0,25,0
Low income,"Educational attainment, at least completed upper secondary, population 25+, female (%) (cumulative)",SE.SEC.CUAT.UP.FE.ZS,0,25,0
Lower middle income,"Educational attainment, at least completed upper secondary, population 25+, female (%) (cumulative)",SE.SEC.CUAT.UP.FE.ZS,0,25,0
Middle East & North Africa,"Educational attainment, at least completed upper secondary, population 25+, female (%) (cumulative)",SE.SEC.CUAT.UP.FE.ZS,0,25,0
Middle East & North Africa (excluding high income),"Educational attainment, at least completed upper secondary, population 25+, female (%) (cumulative)",SE.SEC.CUAT.UP.FE.ZS,0,25,0
Middle East & North Africa (IDA & IBRD),"Educational attainment, at least completed upper secondary, population 25+, female (%) (cumulative)",SE.SEC.CUAT.UP.FE.ZS,0,25,0
Middle income,"Educational attainment, at least completed upper secondary, population 25+, female (%) (cumulative)",SE.SEC.CUAT.UP.FE.ZS,0,25,0
North America,"Educational attainment, at least completed upper secondary, population 25+, female (%) (cumulative)",SE.SEC.CUAT.UP.FE.ZS,0,25,0
OECD members,"Educational attainment, at least completed upper secondary, population 25+, female (%) (cumulative)",SE.SEC.CUAT.UP.FE.ZS,0,25,0
Other small states,"Educational attainment, at least completed upper secondary, population 25+, female (%) (cumulative)",SE.SEC.CUAT.UP.FE.ZS,0,25,0
Pacific island small states,"Educational attainment, at least completed upper secondary, population 25+, female (%) (cumulative)",SE.SEC.CUAT.UP.FE.ZS,0,25,0
Post-demographic dividend,"Educational attainment, at least completed upper secondary, population 25+, female (%) (cumulative)",SE.SEC.CUAT.UP.FE.ZS,0,25,0
Pre-demographic dividend,"Educational attainment, at least completed upper secondary, population 25+, female (%) (cumulative)",SE.SEC.CUAT.UP.FE.ZS,0,25,0
Small states,"Educational attainment, at least completed upper secondary, population 25+, female (%) (cumulative)",SE.SEC.CUAT.UP.FE.ZS,0,25,0
South Asia,"Educational attainment, at least completed upper secondary, population 25+, female (%) (cumulative)",SE.SEC.CUAT.UP.FE.ZS,0,25,0
South Asia (IDA & IBRD),"Educational attainment, at least completed upper secondary, population 25+, female (%) (cumulative)",SE.SEC.CUAT.UP.FE.ZS,0,25,0
Sub-Saharan Africa,"Educational attainment, at least completed upper secondary, population 25+, female (%) (cumulative)",SE.SEC.CUAT.UP.FE.ZS,0,25,0
Sub-Saharan Africa (excluding high income),"Educational attainment, at least completed upper secondary, population 25+, female (%) (cumulative)",SE.SEC.CUAT.UP.FE.ZS,0,25,0
Sub-Saharan Africa (IDA & IBRD),"Educational attainment, at least completed upper secondary, population 25+, female (%) (cumulative)",SE.SEC.CUAT.UP.FE.ZS,0,25,0
Upper middle income,"Educational attainment, at least completed upper secondary, population 25+, female (%) (cumulative)",SE.SEC.CUAT.UP.FE.ZS,0,25,0
World,"Educational attainment, at least completed upper secondary, population 25+, female (%) (cumulative)",SE.SEC.CUAT.UP.FE.ZS,0,25,0
Afghanistan,"Fertility rate, total (births per woman)",SP.DYN.TFRT.IN,0,25,0
Albania,"Fertility rate, total (births per woman)",SP.DYN.TFRT.IN,0,25,0
Algeria,"Fertility rate, total (births per woman)",SP.DYN.TFRT.IN,0,25,0
American Samoa,"Fertility rate, total (births per woman)",SP.DYN.TFRT.IN,0,25,0
Andorra,"Fertility rate, total (births per woman)",SP.DYN.TFRT.IN,0,25,0
Angola,"Fertility rate, total (births per woman)",SP.DYN.TFRT.IN,0,25,0
Antigua and Barbuda,"Fertility rate, total (births per woman)",SP.DYN.TFRT.IN,0,25,0
Argentina,"Fertility rate, total (births per woman)",SP.DYN.TFRT.IN,0,25,0
Armenia,"Fertility rate, total (births per woman)",SP.DYN.TFRT.IN,0,25,0
Aruba,"Fertility rate, total (births per woman)",SP.DYN.TFRT.IN,0,25,0
Australia,"Fertility rate, total (births per woman)",SP.DYN.TFRT.IN,0,25,0
Austria,"Fertility rate, total (births per woman)",SP.DYN.TFRT.IN,0,25,0
Azerbaijan,"Fertility rate, total (births per woman)",SP.DYN.TFRT.IN,0,25,0
"Bahamas, The","Fertility rate, total (births per woman)",SP.DYN.TFRT.IN,0,25,0
Bahrain,"Fertility rate, total (births per woman)",SP.DYN.TFRT.IN,0,25,0
Bangladesh,"Fertility rate, total (births per woman)",SP.DYN.TFRT.IN,0,25,0
Barbados,"Fertility rate, total (births per woman)",SP.DYN.TFRT.IN,0,25,0
Belarus,"Fertility rate, total (births per woman)",SP.DYN.TFRT.IN,0,25,0
Belgium,"Fertility rate, total (births per woman)",SP.DYN.TFRT.IN,0,25,0
Belize,"Fertility rate, total (births per woman)",SP.DYN.TFRT.IN,0,25,0
Benin,"Fertility rate, total (births per woman)",SP.DYN.TFRT.IN,0,25,0
Bermuda,"Fertility rate, total (births per woman)",SP.DYN.TFRT.IN,0,25,0
Bhutan,"Fertility rate, total (births per woman)",SP.DYN.TFRT.IN,0,25,0
Bolivia,"Fertility rate, total (births per woman)",SP.DYN.TFRT.IN,0,25,0
Bosnia and Herzegovina,"Fertility rate, total (births per woman)",SP.DYN.TFRT.IN,0,25,0
Botswana,"Fertility rate, total (births per woman)",SP.DYN.TFRT.IN,0,25,0
Brazil,"Fertility rate, total (births per woman)",SP.DYN.TFRT.IN,0,25,0
British Virgin Islands,"Fertility rate, total (births per woman)",SP.DYN.TFRT.IN,0,25,0
Brunei Darussalam,"Fertility rate, total (births per woman)",SP.DYN.TFRT.IN,0,25,0
Bulgaria,"Fertility rate, total (births per woman)",SP.DYN.TFRT.IN,0,25,0
Burkina Faso,"Fertility rate, total (births per woman)",SP.DYN.TFRT.IN,0,25,0
Burundi,"Fertility rate, total (births per woman)",SP.DYN.TFRT.IN,0,25,0
Cabo Verde,"Fertility rate, total (births per woman)",SP.DYN.TFRT.IN,0,25,0
Cambodia,"Fertility rate, total (births per woman)",SP.DYN.TFRT.IN,0,25,0
Cameroon,"Fertility rate, total (births per woman)",SP.DYN.TFRT.IN,0,25,0
Canada,"Fertility rate, total (births per woman)",SP.DYN.TFRT.IN,0,25,0
Cayman Islands,"Fertility rate, total (births per woman)",SP.DYN.TFRT.IN,0,25,0
Central African Republic,"Fertility rate, total (births per woman)",SP.DYN.TFRT.IN,0,25,0
Chad,"Fertility rate, total (births per woman)",SP.DYN.TFRT.IN,0,25,0
Channel Islands,"Fertility rate, total (births per woman)",SP.DYN.TFRT.IN,0,25,0
Chile,"Fertility rate, total (births per woman)",SP.DYN.TFRT.IN,0,25,0
China,"Fertility rate, total (births per woman)",SP.DYN.TFRT.IN,0,25,0
Colombia,"Fertility rate, total (births per woman)",SP.DYN.TFRT.IN,0,25,0
Comoros,"Fertility rate, total (births per woman)",SP.DYN.TFRT.IN,0,25,0
"Congo, Dem. Rep.","Fertility rate, total (births per woman)",SP.DYN.TFRT.IN,0,25,0
"Congo, Rep.","Fertility rate, total (births per woman)",SP.DYN.TFRT.IN,0,25,0
Costa Rica,"Fertility rate, total (births per woman)",SP.DYN.TFRT.IN,0,25,0
Cote d'Ivoire,"Fertility rate, total (births per woman)",SP.DYN.TFRT.IN,0,25,0
Croatia,"Fertility rate, total (births per woman)",SP.DYN.TFRT.IN,0,25,0
Cuba,"Fertility rate, total (births per woman)",SP.DYN.TFRT.IN,0,25,0
Curacao,"Fertility rate, total (births per woman)",SP.DYN.TFRT.IN,0,25,0
Cyprus,"Fertility rate, total (births per woman)",SP.DYN.TFRT.IN,0,25,0
Czechia,"Fertility rate, total (births per woman)",SP.DYN.TFRT.IN,0,25,0
Denmark,"Fertility rate, total (births per woman)",SP.DYN.TFRT.IN,0,25,0
Djibouti,"Fertility rate, total (births per woman)",SP.DYN.TFRT.IN,0,25,0
Dominica,"Fertility rate, total (births per woman)",SP.DYN.TFRT.IN,0,25,0
Dominican Republic,"Fertility rate, total (births per woman)",SP.DYN.TFRT.IN,0,25,0
Ecuador,"Fertility rate, total (births per woman)",SP.DYN.TFRT.IN,0,25,0
"Egypt, Arab Rep.","Fertility rate, total (births per woman)",SP.DYN.TFRT.IN,0,25,0
El Salvador,"Fertility rate, total (births per woman)",SP.DYN.TFRT.IN,0,25,0
Equatorial Guinea,"Fertility rate, total (births per woman)",SP.DYN.TFRT.IN,0,25,0
Eritrea,"Fertility rate, total (births per woman)",SP.DYN.TFRT.IN,0,25,0
Estonia,"Fertility rate, total (births per woman)",SP.DYN.TFRT.IN,0,25,0
Eswatini,"Fertility rate, total (births per woman)",SP.DYN.TFRT.IN,0,25,0
Ethiopia,"Fertility rate, total (births per woman)",SP.DYN.TFRT.IN,0,25,0
Faroe Islands,"Fertility rate, total (births per woman)",SP.DYN.TFRT.IN,0,25,0
Fiji,"Fertility rate, total (births per woman)",SP.DYN.TFRT.IN,0,25,0
Finland,"Fertility rate, total (births per woman)",SP.DYN.TFRT.IN,0,25,0
France,"Fertility rate, total (births per woman)",SP.DYN.TFRT.IN,0,25,0
French Polynesia,"Fertility rate, total (births per woman)",SP.DYN.TFRT.IN,0,25,0
Gabon,"Fertility rate, total (births per woman)",SP.DYN.TFRT.IN,0,25,0
"Gambia, The","Fertility rate, total (births per woman)",SP.DYN.TFRT.IN,0,25,0
Georgia,"Fertility rate, total (births per woman)",SP.DYN.TFRT.IN,0,25,0
Germany,"Fertility rate, total (births per woman)",SP.DYN.TFRT.IN,0,25,0
Ghana,"Fertility rate, total (births per woman)",SP.DYN.TFRT.IN,0,25,0
Gibraltar,"Fertility rate, total (births per woman)",SP.DYN.TFRT.IN,0,25,0
Greece,"Fertility rate, total (births per woman)",SP.DYN.TFRT.IN,0,25,0
Greenland,"Fertility rate, total (births per woman)",SP.DYN.TFRT.IN,0,25,0
Grenada,"Fertility rate, total (births per woman)",SP.DYN.TFRT.IN,0,25,0
Guam,"Fertility rate, total (births per woman)",SP.DYN.TFRT.IN,0,25,0
Guatemala,"Fertility rate, total (births per woman)",SP.DYN.TFRT.IN,0,25,0
Guinea,"Fertility rate, total (births per woman)",SP.DYN.TFRT.IN,0,25,0
Guinea-Bissau,"Fertility rate, total (births per woman)",SP.DYN.TFRT.IN,0,25,0
Guyana,"Fertility rate, total (births per woman)",SP.DYN.TFRT.IN,0,25,0
Haiti,"Fertility rate, total (births per woman)",SP.DYN.TFRT.IN,0,25,0
Honduras,"Fertility rate, total (births per woman)",SP.DYN.TFRT.IN,0,25,0
"Hong Kong SAR, China","Fertility rate, total (births per woman)",SP.DYN.TFRT.IN,0,25,0
Hungary,"Fertility rate, total (births per woman)",SP.DYN.TFRT.IN,0,25,0
Iceland,"Fertility rate, total (births per woman)",SP.DYN.TFRT.IN,0,25,0
India,"Fertility rate, total (births per woman)",SP.DYN.TFRT.IN,0,25,0
Indonesia,"Fertility rate, total (births per woman)",SP.DYN.TFRT.IN,0,25,0
"Iran, Islamic Rep.","Fertility rate, total (births per woman)",SP.DYN.TFRT.IN,0,25,0
Iraq,"Fertility rate, total (births per woman)",SP.DYN.TFRT.IN,0,25,0
Ireland,"Fertility rate, total (births per woman)",SP.DYN.TFRT.IN,0,25,0
Isle of Man,"Fertility rate, total (births per woman)",SP.DYN.TFRT.IN,0,25,0
Israel,"Fertility rate, total (births per woman)",SP.DYN.TFRT.IN,0,25,0
Italy,"Fertility rate, total (births per woman)",SP.DYN.TFRT.IN,0,25,0
Jamaica,"Fertility rate, total (births per woman)",SP.DYN.TFRT.IN,0,25,0
Japan,"Fertility rate, total (births per woman)",SP.DYN.TFRT.IN,0,25,0
Jordan,"Fertility rate, total (births per woman)",SP.DYN.TFRT.IN,0,25,0
Kazakhstan,"Fertility rate, total (births per woman)",SP.DYN.TFRT.IN,0,25,0
Kenya,"Fertility rate, total (births per woman)",SP.DYN.TFRT.IN,0,25,0
Kiribati,"Fertility rate, total (births per woman)",SP.DYN.TFRT.IN,0,25,0
"Korea, Dem. People's Rep.","Fertility rate, total (births per woman)",SP.DYN.TFRT.IN,0,25,0
"Korea, Rep.","Fertility rate, total (births per woman)",SP.DYN.TFRT.IN,0,25,0
Kosovo,"Fertility rate, total (births per woman)",SP.DYN.TFRT.IN,0,25,0
Kuwait,"Fertility rate, total (births per woman)",SP.DYN.TFRT.IN,0,25,0
Kyrgyz Republic,"Fertility rate, total (births per woman)",SP.DYN.TFRT.IN,0,25,0
Lao PDR,"Fertility rate, total (births per woman)",SP.DYN.TFRT.IN,0,25,0
Latvia,"Fertility rate, total (births per woman)",SP.DYN.TFRT.IN,0,25,0
Lebanon,"Fertility rate, total (births per woman)",SP.DYN.TFRT.IN,0,25,0
Lesotho,"Fertility rate, total (births per woman)",SP.DYN.TFRT.IN,0,25,0
Liberia,"Fertility rate, total (births per woman)",SP.DYN.TFRT.IN,0,25,0
Libya,"Fertility rate, total (births per woman)",SP.DYN.TFRT.IN,0,25,0
Liechtenstein,"Fertility rate, total (births per woman)",SP.DYN.TFRT.IN,0,25,0
Lithuania,"Fertility rate, total (births per woman)",SP.DYN.TFRT.IN,0,25,0
Luxembourg,"Fertility rate, total (births per woman)",SP.DYN.TFRT.IN,0,25,0
"Macao SAR, China","Fertility rate, total (births per woman)",SP.DYN.TFRT.IN,0,25,0
Madagascar,"Fertility rate, total (births per woman)",SP.DYN.TFRT.IN,0,25,0
Malawi,"Fertility rate, total (births per woman)",SP.DYN.TFRT.IN,0,25,0
Malaysia,"Fertility rate, total (births per woman)",SP.DYN.TFRT.IN,0,25,0
Maldives,"Fertility rate, total (births per woman)",SP.DYN.TFRT.IN,0,25,0
Mali,"Fertility rate, total (births per woman)",SP.DYN.TFRT.IN,0,25,0
Malta,"Fertility rate, total (births per woman)",SP.DYN.TFRT.IN,0,25,0
Marshall Islands,"Fertility rate, total (births per woman)",SP.DYN.TFRT.IN,0,25,0
Mauritania,"Fertility rate, total (births per woman)",SP.DYN.TFRT.IN,0,25,0
Mauritius,"Fertility rate, total (births per woman)",SP.DYN.TFRT.IN,0,25,0
Mexico,"Fertility rate, total (births per woman)",SP.DYN.TFRT.IN,0,25,0
"Micronesia, Fed. Sts.","Fertility rate, total (births per woman)",SP.DYN.TFRT.IN,0,25,0
Moldova,"Fertility rate, total (births per woman)",SP.DYN.TFRT.IN,0,25,0
Monaco,"Fertility rate, total (births per woman)",SP.DYN.TFRT.IN,0,25,0
Mongolia,"Fertility rate, total (births per woman)",SP.DYN.TFRT.IN,0,25,0
Montenegro,"Fertility rate, total (births per woman)",SP.DYN.TFRT.IN,0,25,0
Morocco,"Fertility rate, total (births per woman)",SP.DYN.TFRT.IN,0,25,0
Mozambique,"Fertility rate, total (births per woman)",SP.DYN.TFRT.IN,0,25,0
Myanmar,"Fertility rate, total (births per woman)",SP.DYN.TFRT.IN,0,25,0
Namibia,"Fertility rate, total (births per woman)",SP.DYN.TFRT.IN,0,25,0
Nauru,"Fertility rate, total (births per woman)",SP.DYN.TFRT.IN,0,25,0
Nepal,"Fertility rate, total (births per woman)",SP.DYN.TFRT.IN,0,25,0
Netherlands,"Fertility rate, total (births per woman)",SP.DYN.TFRT.IN,0,25,0
New Caledonia,"Fertility rate, total (births per woman)",SP.DYN.TFRT.IN,0,25,0
New Zealand,"Fertility rate, total (births per woman)",SP.DYN.TFRT.IN,0,25,0
Nicaragua,"Fertility rate, total (births per woman)",SP.DYN.TFRT.IN,0,25,0
Niger,"Fertility rate, total (births per woman)",SP.DYN.TFRT.IN,0,25,0
Nigeria,"Fertility rate, total (births per woman)",SP.DYN.TFRT.IN,0,25,0
North Macedonia,"Fertility rate, total (births per woman)",SP.DYN.TFRT.IN,0,25,0
Northern Mariana Islands,"Fertility rate, total (births per woman)",SP.DYN.TFRT.IN,0,25,0
Norway,"Fertility rate, total (births per woman)",SP.DYN.TFRT.IN,0,25,0
Oman,"Fertility rate, total (births per woman)",SP.DYN.TFRT.IN,0,25,0
Pakistan,"Fertility rate, total (births per woman)",SP.DYN.TFRT.IN,0,25,0
Palau,"Fertility rate, total (births per woman)",SP.DYN.TFRT.IN,0,25,0
Panama,"Fertility rate, total (births per woman)",SP.DYN.TFRT.IN,0,25,0
Papua New Guinea,"Fertility rate, total (births per woman)",SP.DYN.TFRT.IN,0,25,0
Paraguay,"Fertility rate, total (births per woman)",SP.DYN.TFRT.IN,0,25,0
Peru,"Fertility rate, total (births per woman)",SP.DYN.TFRT.IN,0,25,0
Philippines,"Fertility rate, total (births per woman)",SP.DYN.TFRT.IN,0,25,0
Poland,"Fertility rate, total (births per woman)",SP.DYN.TFRT.IN,0,25,0
Portugal,"Fertility rate, total (births per woman)",SP.DYN.TFRT.IN,0,25,0
Puerto Rico,"Fertility rate, total (births per woman)",SP.DYN.TFRT.IN,0,25,0
Qatar,"Fertility rate, total (births per woman)",SP.DYN.TFRT.IN,0,25,0
Romania,"Fertility rate, total (births per woman)",SP.DYN.TFRT.IN,0,25,0
Russian Federation,"Fertility rate, total (births per woman)",SP.DYN.TFRT.IN,0,25,0
Rwanda,"Fertility rate, total (births per woman)",SP.DYN.TFRT.IN,0,25,0
Samoa,"Fertility rate, total (births per woman)",SP.DYN.TFRT.IN,0,25,0
San Marino,"Fertility rate, total (births per woman)",SP.DYN.TFRT.IN,0,25,0
Sao Tome and Principe,"Fertility rate, total (births per woman)",SP.DYN.TFRT.IN,0,25,0
Saudi Arabia,"Fertility rate, total (births per woman)",SP.DYN.TFRT.IN,0,25,0
Senegal,"Fertility rate, total (births per woman)",SP.DYN.TFRT.IN,0,25,0
Serbia,"Fertility rate, total (births per woman)",SP.DYN.TFRT.IN,0,25,0
Seychelles,"Fertility rate, total (births per woman)",SP.DYN.TFRT.IN,0,25,0
Sierra Leone,"Fertility rate, total (births per woman)",SP.DYN.TFRT.IN,0,25,0
Singapore,"Fertility rate, total (births per woman)",SP.DYN.TFRT.IN,0,25,0
Sint Maarten (Dutch part),"Fertility rate, total (births per woman)",SP.DYN.TFRT.IN,0,25,0
Slovak Republic,"Fertility rate, total (births per woman)",SP.DYN.TFRT.IN,0,25,0
Slovenia,"Fertility rate, total (births per woman)",SP.DYN.TFRT.IN,0,25,0
Solomon Islands,"Fertility rate, total (births per woman)",SP.DYN.TFRT.IN,0,25,0
Somalia,"Fertility rate, total (births per woman)",SP.DYN.TFRT.IN,0,25,0
South Africa,"Fertility rate, total (births per woman)",SP.DYN.TFRT.IN,0,25,0
South Sudan,"Fertility rate, total (births per woman)",SP.DYN.TFRT.IN,0,25,0
Spain,"Fertility rate, total (births per woman)",SP.DYN.TFRT.IN,0,25,0
Sri Lanka,"Fertility rate, total (births per woman)",SP.DYN.TFRT.IN,0,25,0
St. Kitts and Nevis,"Fertility rate, total (births per woman)",SP.DYN.TFRT.IN,0,25,0
St. Lucia,"Fertility rate, total (births per woman)",SP.DYN.TFRT.IN,0,25,0
St. Martin (French part),"Fertility rate, total (births per woman)",SP.DYN.TFRT.IN,0,25,0
St. Vincent and the Grenadines,"Fertility rate, total (births per woman)",SP.DYN.TFRT.IN,0,25,0
Sudan,"Fertility rate, total (births per woman)",SP.DYN.TFRT.IN,0,25,0
Suriname,"Fertility rate, total (births per woman)",SP.DYN.TFRT.IN,0,25,0
Sweden,"Fertility rate, total (births per woman)",SP.DYN.TFRT.IN,0,25,0
Switzerland,"Fertility rate, total (births per woman)",SP.DYN.TFRT.IN,0,25,0
Syrian Arab Republic,"Fertility rate, total (births per woman)",SP.DYN.TFRT.IN,0,25,0
Tajikistan,"Fertility rate, total (births per woman)",SP.DYN.TFRT.IN,0,25,0
Tanzania,"Fertility rate, total (births per woman)",SP.DYN.TFRT.IN,0,25,0
Thailand,"Fertility rate, total (births per woman)",SP.DYN.TFRT.IN,0,25,0
Timor-Leste,"Fertility rate, total (births per woman)",SP.DYN.TFRT.IN,0,25,0
Togo,"Fertility rate, total (births per woman)",SP.DYN.TFRT.IN,0,25,0
Tonga,"Fertility rate, total (births per woman)",SP.DYN.TFRT.IN,0,25,0
Trinidad and Tobago,"Fertility rate, total (births per woman)",SP.DYN.TFRT.IN,0,25,0
Tunisia,"Fertility rate, total (births per woman)",SP.DYN.TFRT.IN,0,25,0
Turkiye,"Fertility rate, total (births per woman)",SP.DYN.TFRT.IN,0,25,0
Turkmenistan,"Fertility rate, total (births per woman)",SP.DYN.TFRT.IN,0,25,0
Turks and Caicos Islands,"Fertility rate, total (births per woman)",SP.DYN.TFRT.IN,0,25,0
Tuvalu,"Fertility rate, total (births per woman)",SP.DYN.TFRT.IN,0,25,0
Uganda,"Fertility rate, total (births per woman)",SP.DYN.TFRT.IN,0,25,0
Ukraine,"Fertility rate, total (births per woman)",SP.DYN.TFRT.IN,0,25,0
United Arab Emirates,"Fertility rate, total (births per woman)",SP.DYN.TFRT.IN,0,25,0
United Kingdom,"Fertility rate, total (births per woman)",SP.DYN.TFRT.IN,0,25,0
United States,"Fertility rate, total (births per woman)",SP.DYN.TFRT.IN,0,25,0
Uruguay,"Fertility rate, total (births per woman)",SP.DYN.TFRT.IN,0,25,0
Uzbekistan,"Fertility rate, total (births per woman)",SP.DYN.TFRT.IN,0,25,0
Vanuatu,"Fertility rate, total (births per woman)",SP.DYN.TFRT.IN,0,25,0
"Venezuela, RB","Fertility rate, total (births per woman)",SP.DYN.TFRT.IN,0,25,0
Viet Nam,"Fertility rate, total (births per woman)",SP.DYN.TFRT.IN,0,25,0
Virgin Islands (U.S.),"Fertility rate, total (births per woman)",SP.DYN.TFRT.IN,0,25,0
West Bank and Gaza,"Fertility rate, total (births per woman)",SP.DYN.TFRT.IN,0,25,0
"Yemen, Rep.","Fertility rate, total (births per woman)",SP.DYN.TFRT.IN,0,25,0
Zambia,"Fertility rate, total (births per woman)",SP.DYN.TFRT.IN,0,25,0
Zimbabwe,"Fertility rate, total (births per woman)",SP.DYN.TFRT.IN,0,25,0
Africa Eastern and Southern,"Fertility rate, total (births per woman)",SP.DYN.TFRT.IN,0,25,0
Africa Western and Central,"Fertility rate, total (births per woman)",SP.DYN.TFRT.IN,0,25,0
Arab World,"Fertility rate, total (births per woman)",SP.DYN.TFRT.IN,0,25,0
Caribbean small states,"Fertility rate, total (births per woman)",SP.DYN.TFRT.IN,0,25,0
Central Europe and the Baltics,"Fertility rate, total (births per woman)",SP.DYN.TFRT.IN,0,25,0
Early-demographic dividend,"Fertility rate, total (births per woman)",SP.DYN.TFRT.IN,0,25,0
East Asia & Pacific,"Fertility rate, total (births per woman)",SP.DYN.TFRT.IN,0,25,0
East Asia & Pacific (excluding high income),"Fertility rate, total (births per woman)",SP.DYN.TFRT.IN,0,25,0
East Asia & Pacific (IDA & IBRD),"Fertility rate, total (births per woman)",SP.DYN.TFRT.IN,0,25,0
Euro area,"Fertility rate, total (births per woman)",SP.DYN.TFRT.IN,0,25,0
Europe & Central Asia,"Fertility rate, total (births per woman)",SP.DYN.TFRT.IN,0,25,0
Europe & Central Asia (excluding high income),"Fertility rate, total (births per woman)",SP.DYN.TFRT.IN,0,25,0
Europe & Central Asia (IDA & IBRD),"Fertility rate, total (births per woman)",SP.DYN.TFRT.IN,0,25,0
European Union,"Fertility rate, total (births per woman)",SP.DYN.TFRT.IN,0,25,0
Fragile and conflict affected situations,"Fertility rate, total (births per woman)",SP.DYN.TFRT.IN,0,25,0
Heavily indebted poor countries (HIPC),"Fertility rate, total (births per woman)",SP.DYN.TFRT.IN,0,25,0
High income,"Fertility rate, total (births per woman)",SP.DYN.TFRT.IN,0,25,0
IBRD only,"Fertility rate, total (births per woman)",SP.DYN.TFRT.IN,0,25,0
IDA & IBRD total,"Fertility rate, total (births per woman)",SP.DYN.TFRT.IN,0,25,0
IDA blend,"Fertility rate, total (births per woman)",SP.DYN.TFRT.IN,0,25,0
IDA only,"Fertility rate, total (births per woman)",SP.DYN.TFRT.IN,0,25,0
IDA total,"Fertility rate, total (births per woman)",SP.DYN.TFRT.IN,0,25,0
Late-demographic dividend,"Fertility rate, total (births per woman)",SP.DYN.TFRT.IN,0,25,0
Latin America & Caribbean,"Fertility rate, total (births per woman)",SP.DYN.TFRT.IN,0,25,0
Latin America & Caribbean (excluding high income),"Fertility rate, total (births per woman)",SP.DYN.TFRT.IN,0,25,0
Latin America & Caribbean (IDA & IBRD),"Fertility rate, total (births per woman)",SP.DYN.TFRT.IN,0,25,0
Least developed countries: UN classification,"Fertility rate, total (births per woman)",SP.DYN.TFRT.IN,0,25,0
Low & middle income,"Fertility rate, total (births per woman)",SP.DYN.TFRT.IN,0,25,0
Low income,"Fertility rate, total (births per woman)",SP.DYN.TFRT.IN,0,25,0
Lower middle income,"Fertility rate, total (births per woman)",SP.DYN.TFRT.IN,0,25,0
Middle East & North Africa,"Fertility rate, total (births per woman)",SP.DYN.TFRT.IN,0,25,0
Middle East & North Africa (excluding high income),"Fertility rate, total (births per woman)",SP.DYN.TFRT.IN,0,25,0
Middle East & North Africa (IDA & IBRD),"Fertility rate, total (births per woman)",SP.DYN.TFRT.IN,0,25,0
Middle income,"Fertility rate, total (births per woman)",SP.DYN.TFRT.IN,0,25,0
North America,"Fertility rate, total (births per woman)",SP.DYN.TFRT.IN,0,25,0
OECD members,"Fertility rate, total (births per woman)",SP.DYN.TFRT.IN,0,25,0
Other small states,"Fertility rate, total (births per woman)",SP.DYN.TFRT.IN,0,25,0
Pacific island small states,"Fertility rate, total (births per woman)",SP.DYN.TFRT.IN,0,25,0
Post-demographic dividend,"Fertility rate, total (births per woman)",SP.DYN.TFRT.IN,0,25,0
Pre-demographic dividend,"Fertility rate, total (births per woman)",SP.DYN.TFRT.IN,0,25,0
Small states,"Fertility rate, total (births per woman)",SP.DYN.TFRT.IN,0,25,0
South Asia,"Fertility rate, total (births per woman)",SP.DYN.TFRT.IN,0,25,0
South Asia (IDA & IBRD),"Fertility rate, total (births per woman)",SP.DYN.TFRT.IN,0,25,0
Sub-Saharan Africa,"Fertility rate, total (births per woman)",SP.DYN.TFRT.IN,0,25,0
Sub-Saharan Africa (excluding high income),"Fertility rate, total (births per woman)",SP.DYN.TFRT.IN,0,25,0
Sub-Saharan Africa (IDA & IBRD),"Fertility rate, total (births per woman)",SP.DYN.TFRT.IN,0,25,0
Upper middle income,"Fertility rate, total (births per woman)",SP.DYN.TFRT.IN,0,25,0
World,"Fertility rate, total (births per woman)",SP.DYN.TFRT.IN,0,25,0
Afghanistan,Adjusted net national income (current US$),NY.ADJ.NNTY.CD,0,25,0
Afghanistan,"Adolescent fertility rate (births per 1,000 women ages 15-19)",SP.ADO.TFRT,0,25,0
Afghanistan,Gross savings (% of GDP),NY.GNS.ICTR.ZS,0,25,0
Afghanistan,"Inflation, consumer prices (annual %)",FP.CPI.TOTL.ZG,0,25,0
Afghanistan,"Labor force participation rate, female (% of female population ages 15+) (national estimate)",SL.TLF.CACT.FE.NE.ZS,0,25,0
Afghanistan,"Population, female",SP.POP.TOTL.FE.IN,0,25,0
Afghanistan,"Population, female (% of total population)",SP.POP.TOTL.FE.ZS,0,25,0
Afghanistan,"Population, male",SP.POP.TOTL.MA.IN,0,25,0
Afghanistan,"Population, male (% of total population)",SP.POP.TOTL.MA.ZS,0,25,0
Afghanistan,Ratio of female to male labor force participation rate (%) (national estimate),SL.TLF.CACT.FM.NE.ZS,0,25,0
Afghanistan,"Unemployment, youth female (% of female labor force ages 15-24) (national estimate)",SL.UEM.1524.FE.NE.ZS,0,25,0
Afghanistan,Wanted fertility rate (births per woman),SP.DYN.WFRT,0,25,0
Afghanistan,"Women making their own informed decisions regarding sexual relations, contraceptive use and reproductive health care (% of women age 15-49)",SG.DMK.SRCR.FN.ZS,0,25,0
Afghanistan,Women's share of population ages 15+ living with HIV (%),SH.DYN.AIDS.FE.ZS,0,25,0
Afghanistan,"Contraceptive prevalence, any method (% of married women ages 15-49)",SP.DYN.CONU.ZS,0,25,0
Afghanistan,Coverage of social insurance programs (% of population),per_si_allsi.cov_pop_tot,0,25,0
Afghanistan,Coverage of social safety net programs (% of population),per_sa_allsa.cov_pop_tot,0,25,0
Afghanistan,Demand for family planning satisfied by modern methods (% of married women with demand for family planning),SH.FPL.SATM.ZS,0,25,0
Afghanistan,Diabetes prevalence (% of population ages 20 to 79),SH.STA.DIAB.ZS,0,25,0
Afghanistan,"Life expectancy at birth, total (years)",SP.DYN.LE00.IN,0,25,0
Afghanistan,"Life expectancy at birth, female (years)",SP.DYN.LE00.FE.IN,0,25,0
Afghanistan,"Life expectancy at birth, male (years)",SP.DYN.LE00.MA.IN,0,25,0
Afghanistan,"Nurses and midwives (per 1,000 people)",SH.MED.NUMW.P3,0,25,0
Afghanistan,Prevalence of anemia among women of reproductive age (% of women ages 15-49),SH.ANM.ALLW.ZS,0,25,0
Afghanistan,Prevalence of anemia among pregnant women (%),SH.PRG.ANEM,0,25,0
Afghanistan,"Prevalence of HIV, female (% ages 15-24)",SH.HIV.1524.FE.ZS,0,25,0
Afghanistan,"Prevalence of HIV, male (% ages 15-24)",SH.HIV.1524.MA.ZS,0,25,0
Afghanistan,"Prevalence of HIV, total (% of population ages 15-49)",SH.DYN.AIDS.ZS,0,25,0
Albania,Adjusted net national income (current US$),NY.ADJ.NNTY.CD,0,25,0
Albania,"Adolescent fertility rate (births per 1,000 women ages 15-19)",SP.ADO.TFRT,0,25,0
Albania,Gross savings (% of GDP),NY.GNS.ICTR.ZS,0,25,0
Albania,"Inflation, consumer prices (annual %)",FP.CPI.TOTL.ZG,0,25,0
Albania,"Labor force participation rate, female (% of female population ages 15+) (national estimate)",SL.TLF.CACT.FE.NE.ZS,0,25,0
Albania,"Population, female",SP.POP.TOTL.FE.IN,0,25,0
Albania,"Population, female (% of total population)",SP.POP.TOTL.FE.ZS,0,25,0
Albania,"Population, male",SP.POP.TOTL.MA.IN,0,25,0
Albania,"Population, male (% of total population)",SP.POP.TOTL.MA.ZS,0,25,0
Albania,Ratio of female to male labor force participation rate (%) (national estimate),SL.TLF.CACT.FM.NE.ZS,0,25,0
Albania,"Unemployment, youth female (% of female labor force ages 15-24) (national estimate)",SL.UEM.1524.FE.NE.ZS,0,25,0
Albania,Wanted fertility rate (births per woman),SP.DYN.WFRT,0,25,0
Albania,"Women making their own informed decisions regarding sexual relations, contraceptive use and reproductive health care (% of women age 15-49)",SG.DMK.SRCR.FN.ZS,0,25,0
Albania,Women's share of population ages 15+ living with HIV (%),SH.DYN.AIDS.FE.ZS,0,25,0
Albania,"Contraceptive prevalence, any method (% of married women ages 15-49)",SP.DYN.CONU.ZS,0,25,0
Albania,Coverage of social insurance programs (% of population),per_si_allsi.cov_pop_tot,0,25,0
Albania,Coverage of social safety net programs (% of population),per_sa_allsa.cov_pop_tot,0,25,0
Albania,Demand for family planning satisfied by modern methods (% of married women with demand for family planning),SH.FPL.SATM.ZS,0,25,0
Albania,Diabetes prevalence (% of population ages 20 to 79),SH.STA.DIAB.ZS,0,25,0
Albania,"Life expectancy at birth, total (years)",SP.DYN.LE00.IN,0,25,0
Albania,"Life expectancy at birth, female (years)",SP.DYN.LE00.FE.IN,0,25,0
Albania,"Life expectancy at birth, male (years)",SP.DYN.LE00.MA.IN,0,25,0
Albania,"Nurses and midwives (per 1,000 people)",SH.MED.NUMW.P3,0,25,0
Albania,Prevalence of anemia among women of reproductive age (% of women ages 15-49),SH.ANM.ALLW.ZS,0,25,0
Albania,Prevalence of anemia among pregnant women (%),SH.PRG.ANEM,0,25,0
Albania,"Prevalence of HIV, female (% ages 15-24)",SH.HIV.1524.FE.ZS,0,25,0
Albania,"Prevalence of HIV, male (% ages 15-24)",SH.HIV.1524.MA.ZS,0,25,0
Albania,"Prevalence of HIV, total (% of population ages 15-49)",SH.DYN.AIDS.ZS,0,25,0
Algeria,Adjusted net national income (current US$),NY.ADJ.NNTY.CD,0,25,0
Algeria,"Adolescent fertility rate (births per 1,000 women ages 15-19)",SP.ADO.TFRT,0,25,0
Algeria,Gross savings (% of GDP),NY.GNS.ICTR.ZS,0,25,0
Algeria,"Inflation, consumer prices (annual %)",FP.CPI.TOTL.ZG,0,25,0
Algeria,"Labor force participation rate, female (% of female population ages 15+) (national estimate)",SL.TLF.CACT.FE.NE.ZS,0,25,0
Algeria,"Population, female",SP.POP.TOTL.FE.IN,0,25,0
Algeria,"Population, female (% of total population)",SP.POP.TOTL.FE.ZS,0,25,0
Algeria,"Population, male",SP.POP.TOTL.MA.IN,0,25,0
Algeria,"Population, male (% of total population)",SP.POP.TOTL.MA.ZS,0,25,0
Algeria,Ratio of female to male labor force participation rate (%) (national estimate),SL.TLF.CACT.FM.NE.ZS,0,25,0
Algeria,"Unemployment, youth female (% of female labor force ages 15-24) (national estimate)",SL.UEM.1524.FE.NE.ZS,0,25,0
Algeria,Wanted fertility rate (births per woman),SP.DYN.WFRT,0,25,0
Algeria,"Women making their own informed decisions regarding sexual relations, contraceptive use and reproductive health care (% of women age 15-49)",SG.DMK.SRCR.FN.ZS,0,25,0
Algeria,Women's share of population ages 15+ living with HIV (%),SH.DYN.AIDS.FE.ZS,0,25,0
Algeria,"Contraceptive prevalence, any method (% of married women ages 15-49)",SP.DYN.CONU.ZS,0,25,0
Algeria,Coverage of social insurance programs (% of population),per_si_allsi.cov_pop_tot,0,25,0
Algeria,Coverage of social safety net programs (% of population),per_sa_allsa.cov_pop_tot,0,25,0
Algeria,Demand for family planning satisfied by modern methods (% of married women with demand for family planning),SH.FPL.SATM.ZS,0,25,0
Algeria,Diabetes prevalence (% of population ages 20 to 79),SH.STA.DIAB.ZS,0,25,0
Algeria,"Life expectancy at birth, total (years)",SP.DYN.LE00.IN,0,25,0
Algeria,"Life expectancy at birth, female (years)",SP.DYN.LE00.FE.IN,0,25,0
Algeria,"Life expectancy at birth, male (years)",SP.DYN.LE00.MA.IN,0,25,0
Algeria,"Nurses and midwives (per 1,000 people)",SH.MED.NUMW.P3,0,25,0
Algeria,Prevalence of anemia among women of reproductive age (% of women ages 15-49),SH.ANM.ALLW.ZS,0,25,0
Algeria,Prevalence of anemia among pregnant women (%),SH.PRG.ANEM,0,25,0
Algeria,"Prevalence of HIV, female (% ages 15-24)",SH.HIV.1524.FE.ZS,0,25,0
Algeria,"Prevalence of HIV, male (% ages 15-24)",SH.HIV.1524.MA.ZS,0,25,0
Algeria,"Prevalence of HIV, total (% of population ages 15-49)",SH.DYN.AIDS.ZS,0,25,0
American Samoa,Adjusted net national income (current US$),NY.ADJ.NNTY.CD,0,25,0
American Samoa,"Adolescent fertility rate (births per 1,000 women ages 15-19)",SP.ADO.TFRT,0,25,0
American Samoa,Gross savings (% of GDP),NY.GNS.ICTR.ZS,0,25,0
American Samoa,"Inflation, consumer prices (annual %)",FP.CPI.TOTL.ZG,0,25,0
American Samoa,"Labor force participation rate, female (% of female population ages 15+) (national estimate)",SL.TLF.CACT.FE.NE.ZS,0,25,0
American Samoa,"Population, female",SP.POP.TOTL.FE.IN,0,25,0
American Samoa,"Population, female (% of total population)",SP.POP.TOTL.FE.ZS,0,25,0
American Samoa,"Population, male",SP.POP.TOTL.MA.IN,0,25,0
American Samoa,"Population, male (% of total population)",SP.POP.TOTL.MA.ZS,0,25,0
American Samoa,Ratio of female to male labor force participation rate (%) (national estimate),SL.TLF.CACT.FM.NE.ZS,0,25,0
American Samoa,"Unemployment, youth female (% of female labor force ages 15-24) (national estimate)",SL.UEM.1524.FE.NE.ZS,0,25,0
American Samoa,Wanted fertility rate (births per woman),SP.DYN.WFRT,0,25,0
American Samoa,"Women making their own informed decisions regarding sexual relations, contraceptive use and reproductive health care (% of women age 15-49)",SG.DMK.SRCR.FN.ZS,0,25,0
American Samoa,Women's share of population ages 15+ living with HIV (%),SH.DYN.AIDS.FE.ZS,0,25,0
American Samoa,"Contraceptive prevalence, any method (% of married women ages 15-49)",SP.DYN.CONU.ZS,0,25,0
American Samoa,Coverage of social insurance programs (% of population),per_si_allsi.cov_pop_tot,0,25,0
American Samoa,Coverage of social safety net programs (% of population),per_sa_allsa.cov_pop_tot,0,25,0
American Samoa,Demand for family planning satisfied by modern methods (% of married women with demand for family planning),SH.FPL.SATM.ZS,0,25,0
American Samoa,Diabetes prevalence (% of population ages 20 to 79),SH.STA.DIAB.ZS,0,25,0
American Samoa,"Life expectancy at birth, total (years)",SP.DYN.LE00.IN,0,25,0
American Samoa,"Life expectancy at birth, female (years)",SP.DYN.LE00.FE.IN,0,25,0
American Samoa,"Life expectancy at birth, male (years)",SP.DYN.LE00.MA.IN,0,25,0
American Samoa,"Nurses and midwives (per 1,000 people)",SH.MED.NUMW.P3,0,25,0
American Samoa,Prevalence of anemia among women of reproductive age (% of women ages 15-49),SH.ANM.ALLW.ZS,0,25,0
American Samoa,Prevalence of anemia among pregnant women (%),SH.PRG.ANEM,0,25,0
American Samoa,"Prevalence of HIV, female (% ages 15-24)",SH.HIV.1524.FE.ZS,0,25,0
American Samoa,"Prevalence of HIV, male (% ages 15-24)",SH.HIV.1524.MA.ZS,0,25,0
American Samoa,"Prevalence of HIV, total (% of population ages 15-49)",SH.DYN.AIDS.ZS,0,25,0
Andorra,Adjusted net national income (current US$),NY.ADJ.NNTY.CD,0,25,0
Andorra,"Adolescent fertility rate (births per 1,000 women ages 15-19)",SP.ADO.TFRT,0,25,0
Andorra,Gross savings (% of GDP),NY.GNS.ICTR.ZS,0,25,0
Andorra,"Inflation, consumer prices (annual %)",FP.CPI.TOTL.ZG,0,25,0
Andorra,"Labor force participation rate, female (% of female population ages 15+) (national estimate)",SL.TLF.CACT.FE.NE.ZS,0,25,0
Andorra,"Population, female",SP.POP.TOTL.FE.IN,0,25,0
Andorra,"Population, female (% of total population)",SP.POP.TOTL.FE.ZS,0,25,0
Andorra,"Population, male",SP.POP.TOTL.MA.IN,0,25,0
Andorra,"Population, male (% of total population)",SP.POP.TOTL.MA.ZS,0,25,0
Andorra,Ratio of female to male labor force participation rate (%) (national estimate),SL.TLF.CACT.FM.NE.ZS,0,25,0
Andorra,"Unemployment, youth female (% of female labor force ages 15-24) (national estimate)",SL.UEM.1524.FE.NE.ZS,0,25,0
Andorra,Wanted fertility rate (births per woman),SP.DYN.WFRT,0,25,0
Andorra,"Women making their own informed decisions regarding sexual relations, contraceptive use and reproductive health care (% of women age 15-49)",SG.DMK.SRCR.FN.ZS,0,25,0
Andorra,Women's share of population ages 15+ living with HIV (%),SH.DYN.AIDS.FE.ZS,0,25,0
Andorra,"Contraceptive prevalence, any method (% of married women ages 15-49)",SP.DYN.CONU.ZS,0,25,0
Andorra,Coverage of social insurance programs (% of population),per_si_allsi.cov_pop_tot,0,25,0
Andorra,Coverage of social safety net programs (% of population),per_sa_allsa.cov_pop_tot,0,25,0
Andorra,Demand for family planning satisfied by modern methods (% of married women with demand for family planning),SH.FPL.SATM.ZS,0,25,0
Andorra,Diabetes prevalence (% of population ages 20 to 79),SH.STA.DIAB.ZS,0,25,0
Andorra,"Life expectancy at birth, total (years)",SP.DYN.LE00.IN,0,25,0
Andorra,"Life expectancy at birth, female (years)",SP.DYN.LE00.FE.IN,0,25,0
Andorra,"Life expectancy at birth, male (years)",SP.DYN.LE00.MA.IN,0,25,0
Andorra,"Nurses and midwives (per 1,000 people)",SH.MED.NUMW.P3,0,25,0
Andorra,Prevalence of anemia among women of reproductive age (% of women ages 15-49),SH.ANM.ALLW.ZS,0,25,0
Andorra,Prevalence of anemia among pregnant women (%),SH.PRG.ANEM,0,25,0
Andorra,"Prevalence of HIV, female (% ages 15-24)",SH.HIV.1524.FE.ZS,0,25,0
Andorra,"Prevalence of HIV, male (% ages 15-24)",SH.HIV.1524.MA.ZS,0,25,0
Andorra,"Prevalence of HIV, total (% of population ages 15-49)",SH.DYN.AIDS.ZS,0,25,0
Angola,Adjusted net national income (current US$),NY.ADJ.NNTY.CD,0,25,0
Angola,"Adolescent fertility rate (births per 1,000 women ages 15-19)",SP.ADO.TFRT,0,25,0
Angola,Gross savings (% of GDP),NY.GNS.ICTR.ZS,0,25,0
Angola,"Inflation, consumer prices (annual %)",FP.CPI.TOTL.ZG,0,25,0
Angola,"Labor force participation rate, female (% of female population ages 15+) (national estimate)",SL.TLF.CACT.FE.NE.ZS,0,25,0
Angola,"Population, female",SP.POP.TOTL.FE.IN,0,25,0
Angola,"Population, female (% of total population)",SP.POP.TOTL.FE.ZS,0,25,0
Angola,"Population, male",SP.POP.TOTL.MA.IN,0,25,0
Angola,"Population, male (% of total population)",SP.POP.TOTL.MA.ZS,0,25,0
Angola,Ratio of female to male labor force participation rate (%) (national estimate),SL.TLF.CACT.FM.NE.ZS,0,25,0
Angola,"Unemployment, youth female (% of female labor force ages 15-24) (national estimate)",SL.UEM.1524.FE.NE.ZS,0,25,0
Angola,Wanted fertility rate (births per woman),SP.DYN.WFRT,0,25,0
Angola,"Women making their own informed decisions regarding sexual relations, contraceptive use and reproductive health care (% of women age 15-49)",SG.DMK.SRCR.FN.ZS,0,25,0
Angola,Women's share of population ages 15+ living with HIV (%),SH.DYN.AIDS.FE.ZS,0,25,0
Angola,"Contraceptive prevalence, any method (% of married women ages 15-49)",SP.DYN.CONU.ZS,0,25,0
Angola,Coverage of social insurance programs (% of population),per_si_allsi.cov_pop_tot,0,25,0
Angola,Coverage of social safety net programs (% of population),per_sa_allsa.cov_pop_tot,0,25,0
Angola,Demand for family planning satisfied by modern methods (% of married women with demand for family planning),SH.FPL.SATM.ZS,0,25,0
Angola,Diabetes prevalence (% of population ages 20 to 79),SH.STA.DIAB.ZS,0,25,0
Angola,"Life expectancy at birth, total (years)",SP.DYN.LE00.IN,0,25,0
Angola,"Life expectancy at birth, female (years)",SP.DYN.LE00.FE.IN,0,25,0
Angola,"Life expectancy at birth, male (years)",SP.DYN.LE00.MA.IN,0,25,0
Angola,"Nurses and midwives (per 1,000 people)",SH.MED.NUMW.P3,0,25,0
Angola,Prevalence of anemia among women of reproductive age (% of women ages 15-49),SH.ANM.ALLW.ZS,0,25,0
Angola,Prevalence of anemia among pregnant women (%),SH.PRG.ANEM,0,25,0
Angola,"Prevalence of HIV, female (% ages 15-24)",SH.HIV.1524.FE.ZS,0,25,0
Angola,"Prevalence of HIV, male (% ages 15-24)",SH.HIV.1524.MA.ZS,0,25,0
Angola,"Prevalence of HIV, total (% of population ages 15-49)",SH.DYN.AIDS.ZS,0,25,0
Antigua and Barbuda,Adjusted net national income (current US$),NY.ADJ.NNTY.CD,0,25,0
Antigua and Barbuda,"Adolescent fertility rate (births per 1,000 women ages 15-19)",SP.ADO.TFRT,0,25,0
Antigua and Barbuda,Gross savings (% of GDP),NY.GNS.ICTR.ZS,0,25,0
Antigua and Barbuda,"Inflation, consumer prices (annual %)",FP.CPI.TOTL.ZG,0,25,0
Antigua and Barbuda,"Labor force participation rate, female (% of female population ages 15+) (national estimate)",SL.TLF.CACT.FE.NE.ZS,0,25,0
Antigua and Barbuda,"Population, female",SP.POP.TOTL.FE.IN,0,25,0
Antigua and Barbuda,"Population, female (% of total population)",SP.POP.TOTL.FE.ZS,0,25,0
Antigua and Barbuda,"Population, male",SP.POP.TOTL.MA.IN,0,25,0
Antigua and Barbuda,"Population, male (% of total population)",SP.POP.TOTL.MA.ZS,0,25,0
Antigua and Barbuda,Ratio of female to male labor force participation rate (%) (national estimate),SL.TLF.CACT.FM.NE.ZS,0,25,0
Antigua and Barbuda,"Unemployment, youth female (% of female labor force ages 15-24) (national estimate)",SL.UEM.1524.FE.NE.ZS,0,25,0
Antigua and Barbuda,Wanted fertility rate (births per woman),SP.DYN.WFRT,0,25,0
Antigua and Barbuda,"Women making their own informed decisions regarding sexual relations, contraceptive use and reproductive health care (% of women age 15-49)",SG.DMK.SRCR.FN.ZS,0,25,0
Antigua and Barbuda,Women's share of population ages 15+ living with HIV (%),SH.DYN.AIDS.FE.ZS,0,25,0
Antigua and Barbuda,"Contraceptive prevalence, any method (% of married women ages 15-49)",SP.DYN.CONU.ZS,0,25,0
Antigua and Barbuda,Coverage of social insurance programs (% of population),per_si_allsi.cov_pop_tot,0,25,0
Antigua and Barbuda,Coverage of social safety net programs (% of population),per_sa_allsa.cov_pop_tot,0,25,0
Antigua and Barbuda,Demand for family planning satisfied by modern methods (% of married women with demand for family planning),SH.FPL.SATM.ZS,0,25,0
Antigua and Barbuda,Diabetes prevalence (% of population ages 20 to 79),SH.STA.DIAB.ZS,0,25,0
Antigua and Barbuda,"Life expectancy at birth, total (years)",SP.DYN.LE00.IN,0,25,0
Antigua and Barbuda,"Life expectancy at birth, female (years)",SP.DYN.LE00.FE.IN,0,25,0
Antigua and Barbuda,"Life expectancy at birth, male (years)",SP.DYN.LE00.MA.IN,0,25,0
Antigua and Barbuda,"Nurses and midwives (per 1,000 people)",SH.MED.NUMW.P3,0,25,0
Antigua and Barbuda,Prevalence of anemia among women of reproductive age (% of women ages 15-49),SH.ANM.ALLW.ZS,0,25,0
Antigua and Barbuda,Prevalence of anemia among pregnant women (%),SH.PRG.ANEM,0,25,0
Antigua and Barbuda,"Prevalence of HIV, female (% ages 15-24)",SH.HIV.1524.FE.ZS,0,25,0
Antigua and Barbuda,"Prevalence of HIV, male (% ages 15-24)",SH.HIV.1524.MA.ZS,0,25,0
Antigua and Barbuda,"Prevalence of HIV, total (% of population ages 15-49)",SH.DYN.AIDS.ZS,0,25,0
Argentina,Adjusted net national income (current US$),NY.ADJ.NNTY.CD,0,25,0
Argentina,"Adolescent fertility rate (births per 1,000 women ages 15-19)",SP.ADO.TFRT,0,25,0
Argentina,Gross savings (% of GDP),NY.GNS.ICTR.ZS,0,25,0
Argentina,"Inflation, consumer prices (annual %)",FP.CPI.TOTL.ZG,0,25,0
Argentina,"Labor force participation rate, female (% of female population ages 15+) (national estimate)",SL.TLF.CACT.FE.NE.ZS,0,25,0
Argentina,"Population, female",SP.POP.TOTL.FE.IN,0,25,0
Argentina,"Population, female (% of total population)",SP.POP.TOTL.FE.ZS,0,25,0
Argentina,"Population, male",SP.POP.TOTL.MA.IN,0,25,0
Argentina,"Population, male (% of total population)",SP.POP.TOTL.MA.ZS,0,25,0
Argentina,Ratio of female to male labor force participation rate (%) (national estimate),SL.TLF.CACT.FM.NE.ZS,0,25,0
Argentina,"Unemployment, youth female (% of female labor force ages 15-24) (national estimate)",SL.UEM.1524.FE.NE.ZS,0,25,0
Argentina,Wanted fertility rate (births per woman),SP.DYN.WFRT,0,25,0
Argentina,"Women making their own informed decisions regarding sexual relations, contraceptive use and reproductive health care (% of women age 15-49)",SG.DMK.SRCR.FN.ZS,0,25,0
Argentina,Women's share of population ages 15+ living with HIV (%),SH.DYN.AIDS.FE.ZS,0,25,0
Argentina,"Contraceptive prevalence, any method (% of married women ages 15-49)",SP.DYN.CONU.ZS,0,25,0
Argentina,Coverage of social insurance programs (% of population),per_si_allsi.cov_pop_tot,0,25,0
Argentina,Coverage of social safety net programs (% of population),per_sa_allsa.cov_pop_tot,0,25,0
Argentina,Demand for family planning satisfied by modern methods (% of married women with demand for family planning),SH.FPL.SATM.ZS,0,25,0
Argentina,Diabetes prevalence (% of population ages 20 to 79),SH.STA.DIAB.ZS,0,25,0
Argentina,"Life expectancy at birth, total (years)",SP.DYN.LE00.IN,0,25,0
Argentina,"Life expectancy at birth, female (years)",SP.DYN.LE00.FE.IN,0,25,0
Argentina,"Life expectancy at birth, male (years)",SP.DYN.LE00.MA.IN,0,25,0
Argentina,"Nurses and midwives (per 1,000 people)",SH.MED.NUMW.P3,0,25,0
Argentina,Prevalence of anemia among women of reproductive age (% of women ages 15-49),SH.ANM.ALLW.ZS,0,25,0
Argentina,Prevalence of anemia among pregnant women (%),SH.PRG.ANEM,0,25,0
Argentina,"Prevalence of HIV, female (% ages 15-24)",SH.HIV.1524.FE.ZS,0,25,0
Argentina,"Prevalence of HIV, male (% ages 15-24)",SH.HIV.1524.MA.ZS,0,25,0
Argentina,"Prevalence of HIV, total (% of population ages 15-49)",SH.DYN.AIDS.ZS,0,25,0
Armenia,Adjusted net national income (current US$),NY.ADJ.NNTY.CD,0,25,0
Armenia,"Adolescent fertility rate (births per 1,000 women ages 15-19)",SP.ADO.TFRT,0,25,0
Armenia,Gross savings (% of GDP),NY.GNS.ICTR.ZS,0,25,0
Armenia,"Inflation, consumer prices (annual %)",FP.CPI.TOTL.ZG,0,25,0
Armenia,"Labor force participation rate, female (% of female population ages 15+) (national estimate)",SL.TLF.CACT.FE.NE.ZS,0,25,0
Armenia,"Population, female",SP.POP.TOTL.FE.IN,0,25,0
Armenia,"Population, female (% of total population)",SP.POP.TOTL.FE.ZS,0,25,0
Armenia,"Population, male",SP.POP.TOTL.MA.IN,0,25,0
Armenia,"Population, male (% of total population)",SP.POP.TOTL.MA.ZS,0,25,0
Armenia,Ratio of female to male labor force participation rate (%) (national estimate),SL.TLF.CACT.FM.NE.ZS,0,25,0
Armenia,"Unemployment, youth female (% of female labor force ages 15-24) (national estimate)",SL.UEM.1524.FE.NE.ZS,0,25,0
Armenia,Wanted fertility rate (births per woman),SP.DYN.WFRT,0,25,0
Armenia,"Women making their own informed decisions regarding sexual relations, contraceptive use and reproductive health care (% of women age 15-49)",SG.DMK.SRCR.FN.ZS,0,25,0
Armenia,Women's share of population ages 15+ living with HIV (%),SH.DYN.AIDS.FE.ZS,0,25,0
Armenia,"Contraceptive prevalence, any method (% of married women ages 15-49)",SP.DYN.CONU.ZS,0,25,0
Armenia,Coverage of social insurance programs (% of population),per_si_allsi.cov_pop_tot,0,25,0
Armenia,Coverage of social safety net programs (% of population),per_sa_allsa.cov_pop_tot,0,25,0
Armenia,Demand for family planning satisfied by modern methods (% of married women with demand for family planning),SH.FPL.SATM.ZS,0,25,0
Armenia,Diabetes prevalence (% of population ages 20 to 79),SH.STA.DIAB.ZS,0,25,0
Armenia,"Life expectancy at birth, total (years)",SP.DYN.LE00.IN,0,25,0
Armenia,"Life expectancy at birth, female (years)",SP.DYN.LE00.FE.IN,0,25,0
Armenia,"Life expectancy at birth, male (years)",SP.DYN.LE00.MA.IN,0,25,0
Armenia,"Nurses and midwives (per 1,000 people)",SH.MED.NUMW.P3,0,25,0
Armenia,Prevalence of anemia among women of reproductive age (% of women ages 15-49),SH.ANM.ALLW.ZS,0,25,0
Armenia,Prevalence of anemia among pregnant women (%),SH.PRG.ANEM,0,25,0
Armenia,"Prevalence of HIV, female (% ages 15-24)",SH.HIV.1524.FE.ZS,0,25,0
Armenia,"Prevalence of HIV, male (% ages 15-24)",SH.HIV.1524.MA.ZS,0,25,0
Armenia,"Prevalence of HIV, total (% of population ages 15-49)",SH.DYN.AIDS.ZS,0,25,0
Aruba,Adjusted net national income (current US$),NY.ADJ.NNTY.CD,0,25,0
Aruba,"Adolescent fertility rate (births per 1,000 women ages 15-19)",SP.ADO.TFRT,0,25,0
Aruba,Gross savings (% of GDP),NY.GNS.ICTR.ZS,0,25,0
Aruba,"Inflation, consumer prices (annual %)",FP.CPI.TOTL.ZG,0,25,0
Aruba,"Labor force participation rate, female (% of female population ages 15+) (national estimate)",SL.TLF.CACT.FE.NE.ZS,0,25,0
Aruba,"Population, female",SP.POP.TOTL.FE.IN,0,25,0
Aruba,"Population, female (% of total population)",SP.POP.TOTL.FE.ZS,0,25,0
Aruba,"Population, male",SP.POP.TOTL.MA.IN,0,25,0
Aruba,"Population, male (% of total population)",SP.POP.TOTL.MA.ZS,0,25,0
Aruba,Ratio of female to male labor force participation rate (%) (national estimate),SL.TLF.CACT.FM.NE.ZS,0,25,0
Aruba,"Unemployment, youth female (% of female labor force ages 15-24) (national estimate)",SL.UEM.1524.FE.NE.ZS,0,25,0
Aruba,Wanted fertility rate (births per woman),SP.DYN.WFRT,0,25,0
Aruba,"Women making their own informed decisions regarding sexual relations, contraceptive use and reproductive health care (% of women age 15-49)",SG.DMK.SRCR.FN.ZS,0,25,0
Aruba,Women's share of population ages 15+ living with HIV (%),SH.DYN.AIDS.FE.ZS,0,25,0
Aruba,"Contraceptive prevalence, any method (% of married women ages 15-49)",SP.DYN.CONU.ZS,0,25,0
Aruba,Coverage of social insurance programs (% of population),per_si_allsi.cov_pop_tot,0,25,0
Aruba,Coverage of social safety net programs (% of population),per_sa_allsa.cov_pop_tot,0,25,0
Aruba,Demand for family planning satisfied by modern methods (% of married women with demand for family planning),SH.FPL.SATM.ZS,0,25,0
Aruba,Diabetes prevalence (% of population ages 20 to 79),SH.STA.DIAB.ZS,0,25,0
Aruba,"Life expectancy at birth, total (years)",SP.DYN.LE00.IN,0,25,0
Aruba,"Life expectancy at birth, female (years)",SP.DYN.LE00.FE.IN,0,25,0
Aruba,"Life expectancy at birth, male (years)",SP.DYN.LE00.MA.IN,0,25,0
Aruba,"Nurses and midwives (per 1,000 people)",SH.MED.NUMW.P3,0,25,0
Aruba,Prevalence of anemia among women of reproductive age (% of women ages 15-49),SH.ANM.ALLW.ZS,0,25,0
Aruba,Prevalence of anemia among pregnant women (%),SH.PRG.ANEM,0,25,0
Aruba,"Prevalence of HIV, female (% ages 15-24)",SH.HIV.1524.FE.ZS,0,25,0
Aruba,"Prevalence of HIV, male (% ages 15-24)",SH.HIV.1524.MA.ZS,0,25,0
Aruba,"Prevalence of HIV, total (% of population ages 15-49)",SH.DYN.AIDS.ZS,0,25,0
Australia,Adjusted net national income (current US$),NY.ADJ.NNTY.CD,0,25,0
Australia,"Adolescent fertility rate (births per 1,000 women ages 15-19)",SP.ADO.TFRT,0,25,0
Australia,Gross savings (% of GDP),NY.GNS.ICTR.ZS,0,25,0
Australia,"Inflation, consumer prices (annual %)",FP.CPI.TOTL.ZG,0,25,0
Australia,"Labor force participation rate, female (% of female population ages 15+) (national estimate)",SL.TLF.CACT.FE.NE.ZS,0,25,0
Australia,"Population, female",SP.POP.TOTL.FE.IN,0,25,0
Australia,"Population, female (% of total population)",SP.POP.TOTL.FE.ZS,0,25,0
Australia,"Population, male",SP.POP.TOTL.MA.IN,0,25,0
Australia,"Population, male (% of total population)",SP.POP.TOTL.MA.ZS,0,25,0
Australia,Ratio of female to male labor force participation rate (%) (national estimate),SL.TLF.CACT.FM.NE.ZS,0,25,0
Australia,"Unemployment, youth female (% of female labor force ages 15-24) (national estimate)",SL.UEM.1524.FE.NE.ZS,0,25,0
Australia,Wanted fertility rate (births per woman),SP.DYN.WFRT,0,25,0
Australia,"Women making their own informed decisions regarding sexual relations, contraceptive use and reproductive health care (% of women age 15-49)",SG.DMK.SRCR.FN.ZS,0,25,0
Australia,Women's share of population ages 15+ living with HIV (%),SH.DYN.AIDS.FE.ZS,0,25,0
Australia,"Contraceptive prevalence, any method (% of married women ages 15-49)",SP.DYN.CONU.ZS,0,25,0
Australia,Coverage of social insurance programs (% of population),per_si_allsi.cov_pop_tot,0,25,0
Australia,Coverage of social safety net programs (% of population),per_sa_allsa.cov_pop_tot,0,25,0
Australia,Demand for family planning satisfied by modern methods (% of married women with demand for family planning),SH.FPL.SATM.ZS,0,25,0
Australia,Diabetes prevalence (% of population ages 20 to 79),SH.STA.DIAB.ZS,0,25,0
Australia,"Life expectancy at birth, total (years)",SP.DYN.LE00.IN,0,25,0
Australia,"Life expectancy at birth, female (years)",SP.DYN.LE00.FE.IN,0,25,0
Australia,"Life expectancy at birth, male (years)",SP.DYN.LE00.MA.IN,0,25,0
Australia,"Nurses and midwives (per 1,000 people)",SH.MED.NUMW.P3,0,25,0
Australia,Prevalence of anemia among women of reproductive age (% of women ages 15-49),SH.ANM.ALLW.ZS,0,25,0
Australia,Prevalence of anemia among pregnant women (%),SH.PRG.ANEM,0,25,0
Australia,"Prevalence of HIV, female (% ages 15-24)",SH.HIV.1524.FE.ZS,0,25,0
Australia,"Prevalence of HIV, male (% ages 15-24)",SH.HIV.1524.MA.ZS,0,25,0
Australia,"Prevalence of HIV, total (% of population ages 15-49)",SH.DYN.AIDS.ZS,0,25,0
Austria,Adjusted net national income (current US$),NY.ADJ.NNTY.CD,0,25,0
Austria,"Adolescent fertility rate (births per 1,000 women ages 15-19)",SP.ADO.TFRT,0,25,0
Austria,Gross savings (% of GDP),NY.GNS.ICTR.ZS,0,25,0
Austria,"Inflation, consumer prices (annual %)",FP.CPI.TOTL.ZG,0,25,0
Austria,"Labor force participation rate, female (% of female population ages 15+) (national estimate)",SL.TLF.CACT.FE.NE.ZS,0,25,0
Austria,"Population, female",SP.POP.TOTL.FE.IN,0,25,0
Austria,"Population, female (% of total population)",SP.POP.TOTL.FE.ZS,0,25,0
Austria,"Population, male",SP.POP.TOTL.MA.IN,0,25,0
Austria,"Population, male (% of total population)",SP.POP.TOTL.MA.ZS,0,25,0
Austria,Ratio of female to male labor force participation rate (%) (national estimate),SL.TLF.CACT.FM.NE.ZS,0,25,0
Austria,"Unemployment, youth female (% of female labor force ages 15-24) (national estimate)",SL.UEM.1524.FE.NE.ZS,0,25,0
Austria,Wanted fertility rate (births per woman),SP.DYN.WFRT,0,25,0
Austria,"Women making their own informed decisions regarding sexual relations, contraceptive use and reproductive health care (% of women age 15-49)",SG.DMK.SRCR.FN.ZS,0,25,0
Austria,Women's share of population ages 15+ living with HIV (%),SH.DYN.AIDS.FE.ZS,0,25,0
Austria,"Contraceptive prevalence, any method (% of married women ages 15-49)",SP.DYN.CONU.ZS,0,25,0
Austria,Coverage of social insurance programs (% of population),per_si_allsi.cov_pop_tot,0,25,0
Austria,Coverage of social safety net programs (% of population),per_sa_allsa.cov_pop_tot,0,25,0
Austria,Demand for family planning satisfied by modern methods (% of married women with demand for family planning),SH.FPL.SATM.ZS,0,25,0
Austria,Diabetes prevalence (% of population ages 20 to 79),SH.STA.DIAB.ZS,0,25,0
Austria,"Life expectancy at birth, total (years)",SP.DYN.LE00.IN,0,25,0
Austria,"Life expectancy at birth, female (years)",SP.DYN.LE00.FE.IN,0,25,0
Austria,"Life expectancy at birth, male (years)",SP.DYN.LE00.MA.IN,0,25,0
Austria,"Nurses and midwives (per 1,000 people)",SH.MED.NUMW.P3,0,25,0
Austria,Prevalence of anemia among women of reproductive age (% of women ages 15-49),SH.ANM.ALLW.ZS,0,25,0
Austria,Prevalence of anemia among pregnant women (%),SH.PRG.ANEM,0,25,0
Austria,"Prevalence of HIV, female (% ages 15-24)",SH.HIV.1524.FE.ZS,0,25,0
Austria,"Prevalence of HIV, male (% ages 15-24)",SH.HIV.1524.MA.ZS,0,25,0
Austria,"Prevalence of HIV, total (% of population ages 15-49)",SH.DYN.AIDS.ZS,0,25,0
Azerbaijan,Adjusted net national income (current US$),NY.ADJ.NNTY.CD,0,25,0
Azerbaijan,"Adolescent fertility rate (births per 1,000 women ages 15-19)",SP.ADO.TFRT,0,25,0
Azerbaijan,Gross savings (% of GDP),NY.GNS.ICTR.ZS,0,25,0
Azerbaijan,"Inflation, consumer prices (annual %)",FP.CPI.TOTL.ZG,0,25,0
Azerbaijan,"Labor force participation rate, female (% of female population ages 15+) (national estimate)",SL.TLF.CACT.FE.NE.ZS,0,25,0
Azerbaijan,"Population, female",SP.POP.TOTL.FE.IN,0,25,0
Azerbaijan,"Population, female (% of total population)",SP.POP.TOTL.FE.ZS,0,25,0
Azerbaijan,"Population, male",SP.POP.TOTL.MA.IN,0,25,0
Azerbaijan,"Population, male (% of total population)",SP.POP.TOTL.MA.ZS,0,25,0
Azerbaijan,Ratio of female to male labor force participation rate (%) (national estimate),SL.TLF.CACT.FM.NE.ZS,0,25,0
Azerbaijan,"Unemployment, youth female (% of female labor force ages 15-24) (national estimate)",SL.UEM.1524.FE.NE.ZS,0,25,0
Azerbaijan,Wanted fertility rate (births per woman),SP.DYN.WFRT,0,25,0
Azerbaijan,"Women making their own informed decisions regarding sexual relations, contraceptive use and reproductive health care (% of women age 15-49)",SG.DMK.SRCR.FN.ZS,0,25,0
Azerbaijan,Women's share of population ages 15+ living with HIV (%),SH.DYN.AIDS.FE.ZS,0,25,0
Azerbaijan,"Contraceptive prevalence, any method (% of married women ages 15-49)",SP.DYN.CONU.ZS,0,25,0
Azerbaijan,Coverage of social insurance programs (% of population),per_si_allsi.cov_pop_tot,0,25,0
Azerbaijan,Coverage of social safety net programs (% of population),per_sa_allsa.cov_pop_tot,0,25,0
Azerbaijan,Demand for family planning satisfied by modern methods (% of married women with demand for family planning),SH.FPL.SATM.ZS,0,25,0
Azerbaijan,Diabetes prevalence (% of population ages 20 to 79),SH.STA.DIAB.ZS,0,25,0
Azerbaijan,"Life expectancy at birth, total (years)",SP.DYN.LE00.IN,0,25,0
Azerbaijan,"Life expectancy at birth, female (years)",SP.DYN.LE00.FE.IN,0,25,0
Azerbaijan,"Life expectancy at birth, male (years)",SP.DYN.LE00.MA.IN,0,25,0
Azerbaijan,"Nurses and midwives (per 1,000 people)",SH.MED.NUMW.P3,0,25,0
Azerbaijan,Prevalence of anemia among women of reproductive age (% of women ages 15-49),SH.ANM.ALLW.ZS,0,25,0
Azerbaijan,Prevalence of anemia among pregnant women (%),SH.PRG.ANEM,0,25,0
Azerbaijan,"Prevalence of HIV, female (% ages 15-24)",SH.HIV.1524.FE.ZS,0,25,0
Azerbaijan,"Prevalence of HIV, male (% ages 15-24)",SH.HIV.1524.MA.ZS,0,25,0
Azerbaijan,"Prevalence of HIV, total (% of population ages 15-49)",SH.DYN.AIDS.ZS,0,25,0
"Bahamas, The",Adjusted net national income (current US$),NY.ADJ.NNTY.CD,0,25,0
"Bahamas, The","Adolescent fertility rate (births per 1,000 women ages 15-19)",SP.ADO.TFRT,0,25,0
"Bahamas, The",Gross savings (% of GDP),NY.GNS.ICTR.ZS,0,25,0
"Bahamas, The","Inflation, consumer prices (annual %)",FP.CPI.TOTL.ZG,0,25,0
"Bahamas, The","Labor force participation rate, female (% of female population ages 15+) (national estimate)",SL.TLF.CACT.FE.NE.ZS,0,25,0
"Bahamas, The","Population, female",SP.POP.TOTL.FE.IN,0,25,0
"Bahamas, The","Population, female (% of total population)",SP.POP.TOTL.FE.ZS,0,25,0
"Bahamas, The","Population, male",SP.POP.TOTL.MA.IN,0,25,0
"Bahamas, The","Population, male (% of total population)",SP.POP.TOTL.MA.ZS,0,25,0
"Bahamas, The",Ratio of female to male labor force participation rate (%) (national estimate),SL.TLF.CACT.FM.NE.ZS,0,25,0
"Bahamas, The","Unemployment, youth female (% of female labor force ages 15-24) (national estimate)",SL.UEM.1524.FE.NE.ZS,0,25,0
"Bahamas, The",Wanted fertility rate (births per woman),SP.DYN.WFRT,0,25,0
"Bahamas, The","Women making their own informed decisions regarding sexual relations, contraceptive use and reproductive health care (% of women age 15-49)",SG.DMK.SRCR.FN.ZS,0,25,0
"Bahamas, The",Women's share of population ages 15+ living with HIV (%),SH.DYN.AIDS.FE.ZS,0,25,0
"Bahamas, The","Contraceptive prevalence, any method (% of married women ages 15-49)",SP.DYN.CONU.ZS,0,25,0
"Bahamas, The",Coverage of social insurance programs (% of population),per_si_allsi.cov_pop_tot,0,25,0
"Bahamas, The",Coverage of social safety net programs (% of population),per_sa_allsa.cov_pop_tot,0,25,0
"Bahamas, The",Demand for family planning satisfied by modern methods (% of married women with demand for family planning),SH.FPL.SATM.ZS,0,25,0
"Bahamas, The",Diabetes prevalence (% of population ages 20 to 79),SH.STA.DIAB.ZS,0,25,0
"Bahamas, The","Life expectancy at birth, total (years)",SP.DYN.LE00.IN,0,25,0
"Bahamas, The","Life expectancy at birth, female (years)",SP.DYN.LE00.FE.IN,0,25,0
"Bahamas, The","Life expectancy at birth, male (years)",SP.DYN.LE00.MA.IN,0,25,0
"Bahamas, The","Nurses and midwives (per 1,000 people)",SH.MED.NUMW.P3,0,25,0
"Bahamas, The",Prevalence of anemia among women of reproductive age (% of women ages 15-49),SH.ANM.ALLW.ZS,0,25,0
"Bahamas, The",Prevalence of anemia among pregnant women (%),SH.PRG.ANEM,0,25,0
"Bahamas, The","Prevalence of HIV, female (% ages 15-24)",SH.HIV.1524.FE.ZS,0,25,0
"Bahamas, The","Prevalence of HIV, male (% ages 15-24)",SH.HIV.1524.MA.ZS,0,25,0
"Bahamas, The","Prevalence of HIV, total (% of population ages 15-49)",SH.DYN.AIDS.ZS,0,25,0
Bahrain,Adjusted net national income (current US$),NY.ADJ.NNTY.CD,0,25,0
Bahrain,"Adolescent fertility rate (births per 1,000 women ages 15-19)",SP.ADO.TFRT,0,25,0
Bahrain,Gross savings (% of GDP),NY.GNS.ICTR.ZS,0,25,0
Bahrain,"Inflation, consumer prices (annual %)",FP.CPI.TOTL.ZG,0,25,0
Bahrain,"Labor force participation rate, female (% of female population ages 15+) (national estimate)",SL.TLF.CACT.FE.NE.ZS,0,25,0
Bahrain,"Population, female",SP.POP.TOTL.FE.IN,0,25,0
Bahrain,"Population, female (% of total population)",SP.POP.TOTL.FE.ZS,0,25,0
Bahrain,"Population, male",SP.POP.TOTL.MA.IN,0,25,0
Bahrain,"Population, male (% of total population)",SP.POP.TOTL.MA.ZS,0,25,0
Bahrain,Ratio of female to male labor force participation rate (%) (national estimate),SL.TLF.CACT.FM.NE.ZS,0,25,0
Bahrain,"Unemployment, youth female (% of female labor force ages 15-24) (national estimate)",SL.UEM.1524.FE.NE.ZS,0,25,0
Bahrain,Wanted fertility rate (births per woman),SP.DYN.WFRT,0,25,0
Bahrain,"Women making their own informed decisions regarding sexual relations, contraceptive use and reproductive health care (% of women age 15-49)",SG.DMK.SRCR.FN.ZS,0,25,0
Bahrain,Women's share of population ages 15+ living with HIV (%),SH.DYN.AIDS.FE.ZS,0,25,0
Bahrain,"Contraceptive prevalence, any method (% of married women ages 15-49)",SP.DYN.CONU.ZS,0,25,0
Bahrain,Coverage of social insurance programs (% of population),per_si_allsi.cov_pop_tot,0,25,0
Bahrain,Coverage of social safety net programs (% of population),per_sa_allsa.cov_pop_tot,0,25,0
Bahrain,Demand for family planning satisfied by modern methods (% of married women with demand for family planning),SH.FPL.SATM.ZS,0,25,0
Bahrain,Diabetes prevalence (% of population ages 20 to 79),SH.STA.DIAB.ZS,0,25,0
Bahrain,"Life expectancy at birth, total (years)",SP.DYN.LE00.IN,0,25,0
Bahrain,"Life expectancy at birth, female (years)",SP.DYN.LE00.FE.IN,0,25,0
Bahrain,"Life expectancy at birth, male (years)",SP.DYN.LE00.MA.IN,0,25,0
Bahrain,"Nurses and midwives (per 1,000 people)",SH.MED.NUMW.P3,0,25,0
Bahrain,Prevalence of anemia among women of reproductive age (% of women ages 15-49),SH.ANM.ALLW.ZS,0,25,0
Bahrain,Prevalence of anemia among pregnant women (%),SH.PRG.ANEM,0,25,0
Bahrain,"Prevalence of HIV, female (% ages 15-24)",SH.HIV.1524.FE.ZS,0,25,0
Bahrain,"Prevalence of HIV, male (% ages 15-24)",SH.HIV.1524.MA.ZS,0,25,0
Bahrain,"Prevalence of HIV, total (% of population ages 15-49)",SH.DYN.AIDS.ZS,0,25,0
Bangladesh,Adjusted net national income (current US$),NY.ADJ.NNTY.CD,0,25,0
Bangladesh,"Adolescent fertility rate (births per 1,000 women ages 15-19)",SP.ADO.TFRT,0,25,0
Bangladesh,Gross savings (% of GDP),NY.GNS.ICTR.ZS,0,25,0
Bangladesh,"Inflation, consumer prices (annual %)",FP.CPI.TOTL.ZG,0,25,0
Bangladesh,"Labor force participation rate, female (% of female population ages 15+) (national estimate)",SL.TLF.CACT.FE.NE.ZS,0,25,0
Bangladesh,"Population, female",SP.POP.TOTL.FE.IN,0,25,0
Bangladesh,"Population, female (% of total population)",SP.POP.TOTL.FE.ZS,0,25,0
Bangladesh,"Population, male",SP.POP.TOTL.MA.IN,0,25,0
Bangladesh,"Population, male (% of total population)",SP.POP.TOTL.MA.ZS,0,25,0
Bangladesh,Ratio of female to male labor force participation rate (%) (national estimate),SL.TLF.CACT.FM.NE.ZS,0,25,0
Bangladesh,"Unemployment, youth female (% of female labor force ages 15-24) (national estimate)",SL.UEM.1524.FE.NE.ZS,0,25,0
Bangladesh,Wanted fertility rate (births per woman),SP.DYN.WFRT,0,25,0
Bangladesh,"Women making their own informed decisions regarding sexual relations, contraceptive use and reproductive health care (% of women age 15-49)",SG.DMK.SRCR.FN.ZS,0,25,0
Bangladesh,Women's share of population ages 15+ living with HIV (%),SH.DYN.AIDS.FE.ZS,0,25,0
Bangladesh,"Contraceptive prevalence, any method (% of married women ages 15-49)",SP.DYN.CONU.ZS,0,25,0
Bangladesh,Coverage of social insurance programs (% of population),per_si_allsi.cov_pop_tot,0,25,0
Bangladesh,Coverage of social safety net programs (% of population),per_sa_allsa.cov_pop_tot,0,25,0
Bangladesh,Demand for family planning satisfied by modern methods (% of married women with demand for family planning),SH.FPL.SATM.ZS,0,25,0
Bangladesh,Diabetes prevalence (% of population ages 20 to 79),SH.STA.DIAB.ZS,0,25,0
Bangladesh,"Life expectancy at birth, total (years)",SP.DYN.LE00.IN,0,25,0
Bangladesh,"Life expectancy at birth, female (years)",SP.DYN.LE00.FE.IN,0,25,0
Bangladesh,"Life expectancy at birth, male (years)",SP.DYN.LE00.MA.IN,0,25,0
Bangladesh,"Nurses and midwives (per 1,000 people)",SH.MED.NUMW.P3,0,25,0
Bangladesh,Prevalence of anemia among women of reproductive age (% of women ages 15-49),SH.ANM.ALLW.ZS,0,25,0
Bangladesh,Prevalence of anemia among pregnant women (%),SH.PRG.ANEM,0,25,0
Bangladesh,"Prevalence of HIV, female (% ages 15-24)",SH.HIV.1524.FE.ZS,0,25,0
Bangladesh,"Prevalence of HIV, male (% ages 15-24)",SH.HIV.1524.MA.ZS,0,25,0
Bangladesh,"Prevalence of HIV, total (% of population ages 15-49)",SH.DYN.AIDS.ZS,0,25,0
Barbados,Adjusted net national income (current US$),NY.ADJ.NNTY.CD,0,25,0
Barbados,"Adolescent fertility rate (births per 1,000 women ages 15-19)",SP.ADO.TFRT,0,25,0
Barbados,Gross savings (% of GDP),NY.GNS.ICTR.ZS,0,25,0
Barbados,"Inflation, consumer prices (annual %)",FP.CPI.TOTL.ZG,0,25,0
Barbados,"Labor force participation rate, female (% of female population ages 15+) (national estimate)",SL.TLF.CACT.FE.NE.ZS,0,25,0
Barbados,"Population, female",SP.POP.TOTL.FE.IN,0,25,0
Barbados,"Population, female (% of total population)",SP.POP.TOTL.FE.ZS,0,25,0
Barbados,"Population, male",SP.POP.TOTL.MA.IN,0,25,0
Barbados,"Population, male (% of total population)",SP.POP.TOTL.MA.ZS,0,25,0
Barbados,Ratio of female to male labor force participation rate (%) (national estimate),SL.TLF.CACT.FM.NE.ZS,0,25,0
Barbados,"Unemployment, youth female (% of female labor force ages 15-24) (national estimate)",SL.UEM.1524.FE.NE.ZS,0,25,0
Barbados,Wanted fertility rate (births per woman),SP.DYN.WFRT,0,25,0
Barbados,"Women making their own informed decisions regarding sexual relations, contraceptive use and reproductive health care (% of women age 15-49)",SG.DMK.SRCR.FN.ZS,0,25,0
Barbados,Women's share of population ages 15+ living with HIV (%),SH.DYN.AIDS.FE.ZS,0,25,0
Barbados,"Contraceptive prevalence, any method (% of married women ages 15-49)",SP.DYN.CONU.ZS,0,25,0
Barbados,Coverage of social insurance programs (% of population),per_si_allsi.cov_pop_tot,0,25,0
Barbados,Coverage of social safety net programs (% of population),per_sa_allsa.cov_pop_tot,0,25,0
Barbados,Demand for family planning satisfied by modern methods (% of married women with demand for family planning),SH.FPL.SATM.ZS,0,25,0
Barbados,Diabetes prevalence (% of population ages 20 to 79),SH.STA.DIAB.ZS,0,25,0
Barbados,"Life expectancy at birth, total (years)",SP.DYN.LE00.IN,0,25,0
Barbados,"Life expectancy at birth, female (years)",SP.DYN.LE00.FE.IN,0,25,0
Barbados,"Life expectancy at birth, male (years)",SP.DYN.LE00.MA.IN,0,25,0
Barbados,"Nurses and midwives (per 1,000 people)",SH.MED.NUMW.P3,0,25,0
Barbados,Prevalence of anemia among women of reproductive age (% of women ages 15-49),SH.ANM.ALLW.ZS,0,25,0
Barbados,Prevalence of anemia among pregnant women (%),SH.PRG.ANEM,0,25,0
Barbados,"Prevalence of HIV, female (% ages 15-24)",SH.HIV.1524.FE.ZS,0,25,0
Barbados,"Prevalence of HIV, male (% ages 15-24)",SH.HIV.1524.MA.ZS,0,25,0
Barbados,"Prevalence of HIV, total (% of population ages 15-49)",SH.DYN.AIDS.ZS,0,25,0
Belarus,Adjusted net national income (current US$),NY.ADJ.NNTY.CD,0,25,0
Belarus,"Adolescent fertility rate (births per 1,000 women ages 15-19)",SP.ADO.TFRT,0,25,0
Belarus,Gross savings (% of GDP),NY.GNS.ICTR.ZS,0,25,0
Belarus,"Inflation, consumer prices (annual %)",FP.CPI.TOTL.ZG,0,25,0
Belarus,"Labor force participation rate, female (% of female population ages 15+) (national estimate)",SL.TLF.CACT.FE.NE.ZS,0,25,0
Belarus,"Population, female",SP.POP.TOTL.FE.IN,0,25,0
Belarus,"Population, female (% of total population)",SP.POP.TOTL.FE.ZS,0,25,0
Belarus,"Population, male",SP.POP.TOTL.MA.IN,0,25,0
Belarus,"Population, male (% of total population)",SP.POP.TOTL.MA.ZS,0,25,0
Belarus,Ratio of female to male labor force participation rate (%) (national estimate),SL.TLF.CACT.FM.NE.ZS,0,25,0
Belarus,"Unemployment, youth female (% of female labor force ages 15-24) (national estimate)",SL.UEM.1524.FE.NE.ZS,0,25,0
Belarus,Wanted fertility rate (births per woman),SP.DYN.WFRT,0,25,0
Belarus,"Women making their own informed decisions regarding sexual relations, contraceptive use and reproductive health care (% of women age 15-49)",SG.DMK.SRCR.FN.ZS,0,25,0
Belarus,Women's share of population ages 15+ living with HIV (%),SH.DYN.AIDS.FE.ZS,0,25,0
Belarus,"Contraceptive prevalence, any method (% of married women ages 15-49)",SP.DYN.CONU.ZS,0,25,0
Belarus,Coverage of social insurance programs (% of population),per_si_allsi.cov_pop_tot,0,25,0
Belarus,Coverage of social safety net programs (% of population),per_sa_allsa.cov_pop_tot,0,25,0
Belarus,Demand for family planning satisfied by modern methods (% of married women with demand for family planning),SH.FPL.SATM.ZS,0,25,0
Belarus,Diabetes prevalence (% of population ages 20 to 79),SH.STA.DIAB.ZS,0,25,0
Belarus,"Life expectancy at birth, total (years)",SP.DYN.LE00.IN,0,25,0
Belarus,"Life expectancy at birth, female (years)",SP.DYN.LE00.FE.IN,0,25,0
Belarus,"Life expectancy at birth, male (years)",SP.DYN.LE00.MA.IN,0,25,0
Belarus,"Nurses and midwives (per 1,000 people)",SH.MED.NUMW.P3,0,25,0
Belarus,Prevalence of anemia among women of reproductive age (% of women ages 15-49),SH.ANM.ALLW.ZS,0,25,0
Belarus,Prevalence of anemia among pregnant women (%),SH.PRG.ANEM,0,25,0
Belarus,"Prevalence of HIV, female (% ages 15-24)",SH.HIV.1524.FE.ZS,0,25,0
Belarus,"Prevalence of HIV, male (% ages 15-24)",SH.HIV.1524.MA.ZS,0,25,0
Belarus,"Prevalence of HIV, total (% of population ages 15-49)",SH.DYN.AIDS.ZS,0,25,0
Belgium,Adjusted net national income (current US$),NY.ADJ.NNTY.CD,0,25,0
Belgium,"Adolescent fertility rate (births per 1,000 women ages 15-19)",SP.ADO.TFRT,0,25,0
Belgium,Gross savings (% of GDP),NY.GNS.ICTR.ZS,0,25,0
Belgium,"Inflation, consumer prices (annual %)",FP.CPI.TOTL.ZG,0,25,0
Belgium,"Labor force participation rate, female (% of female population ages 15+) (national estimate)",SL.TLF.CACT.FE.NE.ZS,0,25,0
Belgium,"Population, female",SP.POP.TOTL.FE.IN,0,25,0
Belgium,"Population, female (% of total population)",SP.POP.TOTL.FE.ZS,0,25,0
Belgium,"Population, male",SP.POP.TOTL.MA.IN,0,25,0
Belgium,"Population, male (% of total population)",SP.POP.TOTL.MA.ZS,0,25,0
Belgium,Ratio of female to male labor force participation rate (%) (national estimate),SL.TLF.CACT.FM.NE.ZS,0,25,0
Belgium,"Unemployment, youth female (% of female labor force ages 15-24) (national estimate)",SL.UEM.1524.FE.NE.ZS,0,25,0
Belgium,Wanted fertility rate (births per woman),SP.DYN.WFRT,0,25,0
Belgium,"Women making their own informed decisions regarding sexual relations, contraceptive use and reproductive health care (% of women age 15-49)",SG.DMK.SRCR.FN.ZS,0,25,0
Belgium,Women's share of population ages 15+ living with HIV (%),SH.DYN.AIDS.FE.ZS,0,25,0
Belgium,"Contraceptive prevalence, any method (% of married women ages 15-49)",SP.DYN.CONU.ZS,0,25,0
Belgium,Coverage of social insurance programs (% of population),per_si_allsi.cov_pop_tot,0,25,0
Belgium,Coverage of social safety net programs (% of population),per_sa_allsa.cov_pop_tot,0,25,0
Belgium,Demand for family planning satisfied by modern methods (% of married women with demand for family planning),SH.FPL.SATM.ZS,0,25,0
Belgium,Diabetes prevalence (% of population ages 20 to 79),SH.STA.DIAB.ZS,0,25,0
Belgium,"Life expectancy at birth, total (years)",SP.DYN.LE00.IN,0,25,0
Belgium,"Life expectancy at birth, female (years)",SP.DYN.LE00.FE.IN,0,25,0
Belgium,"Life expectancy at birth, male (years)",SP.DYN.LE00.MA.IN,0,25,0
Belgium,"Nurses and midwives (per 1,000 people)",SH.MED.NUMW.P3,0,25,0
Belgium,Prevalence of anemia among women of reproductive age (% of women ages 15-49),SH.ANM.ALLW.ZS,0,25,0
Belgium,Prevalence of anemia among pregnant women (%),SH.PRG.ANEM,0,25,0
Belgium,"Prevalence of HIV, female (% ages 15-24)",SH.HIV.1524.FE.ZS,0,25,0
Belgium,"Prevalence of HIV, male (% ages 15-24)",SH.HIV.1524.MA.ZS,0,25,0
Belgium,"Prevalence of HIV, total (% of population ages 15-49)",SH.DYN.AIDS.ZS,0,25,0
Belize,Adjusted net national income (current US$),NY.ADJ.NNTY.CD,0,25,0
Belize,"Adolescent fertility rate (births per 1,000 women ages 15-19)",SP.ADO.TFRT,0,25,0
Belize,Gross savings (% of GDP),NY.GNS.ICTR.ZS,0,25,0
Belize,"Inflation, consumer prices (annual %)",FP.CPI.TOTL.ZG,0,25,0
Belize,"Labor force participation rate, female (% of female population ages 15+) (national estimate)",SL.TLF.CACT.FE.NE.ZS,0,25,0
Belize,"Population, female",SP.POP.TOTL.FE.IN,0,25,0
Belize,"Population, female (% of total population)",SP.POP.TOTL.FE.ZS,0,25,0
Belize,"Population, male",SP.POP.TOTL.MA.IN,0,25,0
Belize,"Population, male (% of total population)",SP.POP.TOTL.MA.ZS,0,25,0
Belize,Ratio of female to male labor force participation rate (%) (national estimate),SL.TLF.CACT.FM.NE.ZS,0,25,0
Belize,"Unemployment, youth female (% of female labor force ages 15-24) (national estimate)",SL.UEM.1524.FE.NE.ZS,0,25,0
Belize,Wanted fertility rate (births per woman),SP.DYN.WFRT,0,25,0
Belize,"Women making their own informed decisions regarding sexual relations, contraceptive use and reproductive health care (% of women age 15-49)",SG.DMK.SRCR.FN.ZS,0,25,0
Belize,Women's share of population ages 15+ living with HIV (%),SH.DYN.AIDS.FE.ZS,0,25,0
Belize,"Contraceptive prevalence, any method (% of married women ages 15-49)",SP.DYN.CONU.ZS,0,25,0
Belize,Coverage of social insurance programs (% of population),per_si_allsi.cov_pop_tot,0,25,0
Belize,Coverage of social safety net programs (% of population),per_sa_allsa.cov_pop_tot,0,25,0
Belize,Demand for family planning satisfied by modern methods (% of married women with demand for family planning),SH.FPL.SATM.ZS,0,25,0
Belize,Diabetes prevalence (% of population ages 20 to 79),SH.STA.DIAB.ZS,0,25,0
Belize,"Life expectancy at birth, total (years)",SP.DYN.LE00.IN,0,25,0
Belize,"Life expectancy at birth, female (years)",SP.DYN.LE00.FE.IN,0,25,0
Belize,"Life expectancy at birth, male (years)",SP.DYN.LE00.MA.IN,0,25,0
Belize,"Nurses and midwives (per 1,000 people)",SH.MED.NUMW.P3,0,25,0
Belize,Prevalence of anemia among women of reproductive age (% of women ages 15-49),SH.ANM.ALLW.ZS,0,25,0
Belize,Prevalence of anemia among pregnant women (%),SH.PRG.ANEM,0,25,0
Belize,"Prevalence of HIV, female (% ages 15-24)",SH.HIV.1524.FE.ZS,0,25,0
Belize,"Prevalence of HIV, male (% ages 15-24)",SH.HIV.1524.MA.ZS,0,25,0
Belize,"Prevalence of HIV, total (% of population ages 15-49)",SH.DYN.AIDS.ZS,0,25,0
Benin,Adjusted net national income (current US$),NY.ADJ.NNTY.CD,0,25,0
Benin,"Adolescent fertility rate (births per 1,000 women ages 15-19)",SP.ADO.TFRT,0,25,0
Benin,Gross savings (% of GDP),NY.GNS.ICTR.ZS,0,25,0
Benin,"Inflation, consumer prices (annual %)",FP.CPI.TOTL.ZG,0,25,0
Benin,"Labor force participation rate, female (% of female population ages 15+) (national estimate)",SL.TLF.CACT.FE.NE.ZS,0,25,0
Benin,"Population, female",SP.POP.TOTL.FE.IN,0,25,0
Benin,"Population, female (% of total population)",SP.POP.TOTL.FE.ZS,0,25,0
Benin,"Population, male",SP.POP.TOTL.MA.IN,0,25,0
Benin,"Population, male (% of total population)",SP.POP.TOTL.MA.ZS,0,25,0
Benin,Ratio of female to male labor force participation rate (%) (national estimate),SL.TLF.CACT.FM.NE.ZS,0,25,0
Benin,"Unemployment, youth female (% of female labor force ages 15-24) (national estimate)",SL.UEM.1524.FE.NE.ZS,0,25,0
Benin,Wanted fertility rate (births per woman),SP.DYN.WFRT,0,25,0
Benin,"Women making their own informed decisions regarding sexual relations, contraceptive use and reproductive health care (% of women age 15-49)",SG.DMK.SRCR.FN.ZS,0,25,0
Benin,Women's share of population ages 15+ living with HIV (%),SH.DYN.AIDS.FE.ZS,0,25,0
Benin,"Contraceptive prevalence, any method (% of married women ages 15-49)",SP.DYN.CONU.ZS,0,25,0
Benin,Coverage of social insurance programs (% of population),per_si_allsi.cov_pop_tot,0,25,0
Benin,Coverage of social safety net programs (% of population),per_sa_allsa.cov_pop_tot,0,25,0
Benin,Demand for family planning satisfied by modern methods (% of married women with demand for family planning),SH.FPL.SATM.ZS,0,25,0
Benin,Diabetes prevalence (% of population ages 20 to 79),SH.STA.DIAB.ZS,0,25,0
Benin,"Life expectancy at birth, total (years)",SP.DYN.LE00.IN,0,25,0
Benin,"Life expectancy at birth, female (years)",SP.DYN.LE00.FE.IN,0,25,0
Benin,"Life expectancy at birth, male (years)",SP.DYN.LE00.MA.IN,0,25,0
Benin,"Nurses and midwives (per 1,000 people)",SH.MED.NUMW.P3,0,25,0
Benin,Prevalence of anemia among women of reproductive age (% of women ages 15-49),SH.ANM.ALLW.ZS,0,25,0
Benin,Prevalence of anemia among pregnant women (%),SH.PRG.ANEM,0,25,0
Benin,"Prevalence of HIV, female (% ages 15-24)",SH.HIV.1524.FE.ZS,0,25,0
Benin,"Prevalence of HIV, male (% ages 15-24)",SH.HIV.1524.MA.ZS,0,25,0
Benin,"Prevalence of HIV, total (% of population ages 15-49)",SH.DYN.AIDS.ZS,0,25,0
Bermuda,Adjusted net national income (current US$),NY.ADJ.NNTY.CD,0,25,0
Bermuda,"Adolescent fertility rate (births per 1,000 women ages 15-19)",SP.ADO.TFRT,0,25,0
Bermuda,Gross savings (% of GDP),NY.GNS.ICTR.ZS,0,25,0
Bermuda,"Inflation, consumer prices (annual %)",FP.CPI.TOTL.ZG,0,25,0
Bermuda,"Labor force participation rate, female (% of female population ages 15+) (national estimate)",SL.TLF.CACT.FE.NE.ZS,0,25,0
Bermuda,"Population, female",SP.POP.TOTL.FE.IN,0,25,0
Bermuda,"Population, female (% of total population)",SP.POP.TOTL.FE.ZS,0,25,0
Bermuda,"Population, male",SP.POP.TOTL.MA.IN,0,25,0
Bermuda,"Population, male (% of total population)",SP.POP.TOTL.MA.ZS,0,25,0
Bermuda,Ratio of female to male labor force participation rate (%) (national estimate),SL.TLF.CACT.FM.NE.ZS,0,25,0
Bermuda,"Unemployment, youth female (% of female labor force ages 15-24) (national estimate)",SL.UEM.1524.FE.NE.ZS,0,25,0
Bermuda,Wanted fertility rate (births per woman),SP.DYN.WFRT,0,25,0
Bermuda,"Women making their own informed decisions regarding sexual relations, contraceptive use and reproductive health care (% of women age 15-49)",SG.DMK.SRCR.FN.ZS,0,25,0
Bermuda,Women's share of population ages 15+ living with HIV (%),SH.DYN.AIDS.FE.ZS,0,25,0
Bermuda,"Contraceptive prevalence, any method (% of married women ages 15-49)",SP.DYN.CONU.ZS,0,25,0
Bermuda,Coverage of social insurance programs (% of population),per_si_allsi.cov_pop_tot,0,25,0
Bermuda,Coverage of social safety net programs (% of population),per_sa_allsa.cov_pop_tot,0,25,0
Bermuda,Demand for family planning satisfied by modern methods (% of married women with demand for family planning),SH.FPL.SATM.ZS,0,25,0
Bermuda,Diabetes prevalence (% of population ages 20 to 79),SH.STA.DIAB.ZS,0,25,0
Bermuda,"Life expectancy at birth, total (years)",SP.DYN.LE00.IN,0,25,0
Bermuda,"Life expectancy at birth, female (years)",SP.DYN.LE00.FE.IN,0,25,0
Bermuda,"Life expectancy at birth, male (years)",SP.DYN.LE00.MA.IN,0,25,0
Bermuda,"Nurses and midwives (per 1,000 people)",SH.MED.NUMW.P3,0,25,0
Bermuda,Prevalence of anemia among women of reproductive age (% of women ages 15-49),SH.ANM.ALLW.ZS,0,25,0
Bermuda,Prevalence of anemia among pregnant women (%),SH.PRG.ANEM,0,25,0
Bermuda,"Prevalence of HIV, female (% ages 15-24)",SH.HIV.1524.FE.ZS,0,25,0
Bermuda,"Prevalence of HIV, male (% ages 15-24)",SH.HIV.1524.MA.ZS,0,25,0
Bermuda,"Prevalence of HIV, total (% of population ages 15-49)",SH.DYN.AIDS.ZS,0,25,0
Bhutan,Adjusted net national income (current US$),NY.ADJ.NNTY.CD,0,25,0
Bhutan,"Adolescent fertility rate (births per 1,000 women ages 15-19)",SP.ADO.TFRT,0,25,0
Bhutan,Gross savings (% of GDP),NY.GNS.ICTR.ZS,0,25,0
Bhutan,"Inflation, consumer prices (annual %)",FP.CPI.TOTL.ZG,0,25,0
Bhutan,"Labor force participation rate, female (% of female population ages 15+) (national estimate)",SL.TLF.CACT.FE.NE.ZS,0,25,0
Bhutan,"Population, female",SP.POP.TOTL.FE.IN,0,25,0
Bhutan,"Population, female (% of total population)",SP.POP.TOTL.FE.ZS,0,25,0
Bhutan,"Population, male",SP.POP.TOTL.MA.IN,0,25,0
Bhutan,"Population, male (% of total population)",SP.POP.TOTL.MA.ZS,0,25,0
Bhutan,Ratio of female to male labor force participation rate (%) (national estimate),SL.TLF.CACT.FM.NE.ZS,0,25,0
Bhutan,"Unemployment, youth female (% of female labor force ages 15-24) (national estimate)",SL.UEM.1524.FE.NE.ZS,0,25,0
Bhutan,Wanted fertility rate (births per woman),SP.DYN.WFRT,0,25,0
Bhutan,"Women making their own informed decisions regarding sexual relations, contraceptive use and reproductive health care (% of women age 15-49)",SG.DMK.SRCR.FN.ZS,0,25,0
Bhutan,Women's share of population ages 15+ living with HIV (%),SH.DYN.AIDS.FE.ZS,0,25,0
Bhutan,"Contraceptive prevalence, any method (% of married women ages 15-49)",SP.DYN.CONU.ZS,0,25,0
Bhutan,Coverage of social insurance programs (% of population),per_si_allsi.cov_pop_tot,0,25,0
Bhutan,Coverage of social safety net programs (% of population),per_sa_allsa.cov_pop_tot,0,25,0
Bhutan,Demand for family planning satisfied by modern methods (% of married women with demand for family planning),SH.FPL.SATM.ZS,0,25,0
Bhutan,Diabetes prevalence (% of population ages 20 to 79),SH.STA.DIAB.ZS,0,25,0
Bhutan,"Life expectancy at birth, total (years)",SP.DYN.LE00.IN,0,25,0
Bhutan,"Life expectancy at birth, female (years)",SP.DYN.LE00.FE.IN,0,25,0
Bhutan,"Life expectancy at birth, male (years)",SP.DYN.LE00.MA.IN,0,25,0
Bhutan,"Nurses and midwives (per 1,000 people)",SH.MED.NUMW.P3,0,25,0
Bhutan,Prevalence of anemia among women of reproductive age (% of women ages 15-49),SH.ANM.ALLW.ZS,0,25,0
Bhutan,Prevalence of anemia among pregnant women (%),SH.PRG.ANEM,0,25,0
Bhutan,"Prevalence of HIV, female (% ages 15-24)",SH.HIV.1524.FE.ZS,0,25,0
Bhutan,"Prevalence of HIV, male (% ages 15-24)",SH.HIV.1524.MA.ZS,0,25,0
Bhutan,"Prevalence of HIV, total (% of population ages 15-49)",SH.DYN.AIDS.ZS,0,25,0
Bolivia,Adjusted net national income (current US$),NY.ADJ.NNTY.CD,0,25,0
Bolivia,"Adolescent fertility rate (births per 1,000 women ages 15-19)",SP.ADO.TFRT,0,25,0
Bolivia,Gross savings (% of GDP),NY.GNS.ICTR.ZS,0,25,0
Bolivia,"Inflation, consumer prices (annual %)",FP.CPI.TOTL.ZG,0,25,0
Bolivia,"Labor force participation rate, female (% of female population ages 15+) (national estimate)",SL.TLF.CACT.FE.NE.ZS,0,25,0
Bolivia,"Population, female",SP.POP.TOTL.FE.IN,0,25,0
Bolivia,"Population, female (% of total population)",SP.POP.TOTL.FE.ZS,0,25,0
Bolivia,"Population, male",SP.POP.TOTL.MA.IN,0,25,0
Bolivia,"Population, male (% of total population)",SP.POP.TOTL.MA.ZS,0,25,0
Bolivia,Ratio of female to male labor force participation rate (%) (national estimate),SL.TLF.CACT.FM.NE.ZS,0,25,0
Bolivia,"Unemployment, youth female (% of female labor force ages 15-24) (national estimate)",SL.UEM.1524.FE.NE.ZS,0,25,0
Bolivia,Wanted fertility rate (births per woman),SP.DYN.WFRT,0,25,0
Bolivia,"Women making their own informed decisions regarding sexual relations, contraceptive use and reproductive health care (% of women age 15-49)",SG.DMK.SRCR.FN.ZS,0,25,0
Bolivia,Women's share of population ages 15+ living with HIV (%),SH.DYN.AIDS.FE.ZS,0,25,0
Bolivia,"Contraceptive prevalence, any method (% of married women ages 15-49)",SP.DYN.CONU.ZS,0,25,0
Bolivia,Coverage of social insurance programs (% of population),per_si_allsi.cov_pop_tot,0,25,0
Bolivia,Coverage of social safety net programs (% of population),per_sa_allsa.cov_pop_tot,0,25,0
Bolivia,Demand for family planning satisfied by modern methods (% of married women with demand for family planning),SH.FPL.SATM.ZS,0,25,0
Bolivia,Diabetes prevalence (% of population ages 20 to 79),SH.STA.DIAB.ZS,0,25,0
Bolivia,"Life expectancy at birth, total (years)",SP.DYN.LE00.IN,0,25,0
Bolivia,"Life expectancy at birth, female (years)",SP.DYN.LE00.FE.IN,0,25,0
Bolivia,"Life expectancy at birth, male (years)",SP.DYN.LE00.MA.IN,0,25,0
Bolivia,"Nurses and midwives (per 1,000 people)",SH.MED.NUMW.P3,0,25,0
Bolivia,Prevalence of anemia among women of reproductive age (% of women ages 15-49),SH.ANM.ALLW.ZS,0,25,0
Bolivia,Prevalence of anemia among pregnant women (%),SH.PRG.ANEM,0,25,0
Bolivia,"Prevalence of HIV, female (% ages 15-24)",SH.HIV.1524.FE.ZS,0,25,0
Bolivia,"Prevalence of HIV, male (% ages 15-24)",SH.HIV.1524.MA.ZS,0,25,0
Bolivia,"Prevalence of HIV, total (% of population ages 15-49)",SH.DYN.AIDS.ZS,0,25,0
Bosnia and Herzegovina,Adjusted net national income (current US$),NY.ADJ.NNTY.CD,0,25,0
Bosnia and Herzegovina,"Adolescent fertility rate (births per 1,000 women ages 15-19)",SP.ADO.TFRT,0,25,0
Bosnia and Herzegovina,Gross savings (% of GDP),NY.GNS.ICTR.ZS,0,25,0
Bosnia and Herzegovina,"Inflation, consumer prices (annual %)",FP.CPI.TOTL.ZG,0,25,0
Bosnia and Herzegovina,"Labor force participation rate, female (% of female population ages 15+) (national estimate)",SL.TLF.CACT.FE.NE.ZS,0,25,0
Bosnia and Herzegovina,"Population, female",SP.POP.TOTL.FE.IN,0,25,0
Bosnia and Herzegovina,"Population, female (% of total population)",SP.POP.TOTL.FE.ZS,0,25,0
Bosnia and Herzegovina,"Population, male",SP.POP.TOTL.MA.IN,0,25,0
Bosnia and Herzegovina,"Population, male (% of total population)",SP.POP.TOTL.MA.ZS,0,25,0
Bosnia and Herzegovina,Ratio of female to male labor force participation rate (%) (national estimate),SL.TLF.CACT.FM.NE.ZS,0,25,0
Bosnia and Herzegovina,"Unemployment, youth female (% of female labor force ages 15-24) (national estimate)",SL.UEM.1524.FE.NE.ZS,0,25,0
Bosnia and Herzegovina,Wanted fertility rate (births per woman),SP.DYN.WFRT,0,25,0
Bosnia and Herzegovina,"Women making their own informed decisions regarding sexual relations, contraceptive use and reproductive health care (% of women age 15-49)",SG.DMK.SRCR.FN.ZS,0,25,0
Bosnia and Herzegovina,Women's share of population ages 15+ living with HIV (%),SH.DYN.AIDS.FE.ZS,0,25,0
Bosnia and Herzegovina,"Contraceptive prevalence, any method (% of married women ages 15-49)",SP.DYN.CONU.ZS,0,25,0
Bosnia and Herzegovina,Coverage of social insurance programs (% of population),per_si_allsi.cov_pop_tot,0,25,0
Bosnia and Herzegovina,Coverage of social safety net programs (% of population),per_sa_allsa.cov_pop_tot,0,25,0
Bosnia and Herzegovina,Demand for family planning satisfied by modern methods (% of married women with demand for family planning),SH.FPL.SATM.ZS,0,25,0
Bosnia and Herzegovina,Diabetes prevalence (% of population ages 20 to 79),SH.STA.DIAB.ZS,0,25,0
Bosnia and Herzegovina,"Life expectancy at birth, total (years)",SP.DYN.LE00.IN,0,25,0
Bosnia and Herzegovina,"Life expectancy at birth, female (years)",SP.DYN.LE00.FE.IN,0,25,0
Bosnia and Herzegovina,"Life expectancy at birth, male (years)",SP.DYN.LE00.MA.IN,0,25,0
Bosnia and Herzegovina,"Nurses and midwives (per 1,000 people)",SH.MED.NUMW.P3,0,25,0
Bosnia and Herzegovina,Prevalence of anemia among women of reproductive age (% of women ages 15-49),SH.ANM.ALLW.ZS,0,25,0
Bosnia and Herzegovina,Prevalence of anemia among pregnant women (%),SH.PRG.ANEM,0,25,0
Bosnia and Herzegovina,"Prevalence of HIV, female (% ages 15-24)",SH.HIV.1524.FE.ZS,0,25,0
Bosnia and Herzegovina,"Prevalence of HIV, male (% ages 15-24)",SH.HIV.1524.MA.ZS,0,25,0
Bosnia and Herzegovina,"Prevalence of HIV, total (% of population ages 15-49)",SH.DYN.AIDS.ZS,0,25,0
Botswana,Adjusted net national income (current US$),NY.ADJ.NNTY.CD,0,25,0
Botswana,"Adolescent fertility rate (births per 1,000 women ages 15-19)",SP.ADO.TFRT,0,25,0
Botswana,Gross savings (% of GDP),NY.GNS.ICTR.ZS,0,25,0
Botswana,"Inflation, consumer prices (annual %)",FP.CPI.TOTL.ZG,0,25,0
Botswana,"Labor force participation rate, female (% of female population ages 15+) (national estimate)",SL.TLF.CACT.FE.NE.ZS,0,25,0
Botswana,"Population, female",SP.POP.TOTL.FE.IN,0,25,0
Botswana,"Population, female (% of total population)",SP.POP.TOTL.FE.ZS,0,25,0
Botswana,"Population, male",SP.POP.TOTL.MA.IN,0,25,0
Botswana,"Population, male (% of total population)",SP.POP.TOTL.MA.ZS,0,25,0
Botswana,Ratio of female to male labor force participation rate (%) (national estimate),SL.TLF.CACT.FM.NE.ZS,0,25,0
Botswana,"Unemployment, youth female (% of female labor force ages 15-24) (national estimate)",SL.UEM.1524.FE.NE.ZS,0,25,0
Botswana,Wanted fertility rate (births per woman),SP.DYN.WFRT,0,25,0
Botswana,"Women making their own informed decisions regarding sexual relations, contraceptive use and reproductive health care (% of women age 15-49)",SG.DMK.SRCR.FN.ZS,0,25,0
Botswana,Women's share of population ages 15+ living with HIV (%),SH.DYN.AIDS.FE.ZS,0,25,0
Botswana,"Contraceptive prevalence, any method (% of married women ages 15-49)",SP.DYN.CONU.ZS,0,25,0
Botswana,Coverage of social insurance programs (% of population),per_si_allsi.cov_pop_tot,0,25,0
Botswana,Coverage of social safety net programs (% of population),per_sa_allsa.cov_pop_tot,0,25,0
Botswana,Demand for family planning satisfied by modern methods (% of married women with demand for family planning),SH.FPL.SATM.ZS,0,25,0
Botswana,Diabetes prevalence (% of population ages 20 to 79),SH.STA.DIAB.ZS,0,25,0
Botswana,"Life expectancy at birth, total (years)",SP.DYN.LE00.IN,0,25,0
Botswana,"Life expectancy at birth, female (years)",SP.DYN.LE00.FE.IN,0,25,0
Botswana,"Life expectancy at birth, male (years)",SP.DYN.LE00.MA.IN,0,25,0
Botswana,"Nurses and midwives (per 1,000 people)",SH.MED.NUMW.P3,0,25,0
Botswana,Prevalence of anemia among women of reproductive age (% of women ages 15-49),SH.ANM.ALLW.ZS,0,25,0
Botswana,Prevalence of anemia among pregnant women (%),SH.PRG.ANEM,0,25,0
Botswana,"Prevalence of HIV, female (% ages 15-24)",SH.HIV.1524.FE.ZS,0,25,0
Botswana,"Prevalence of HIV, male (% ages 15-24)",SH.HIV.1524.MA.ZS,0,25,0
Botswana,"Prevalence of HIV, total (% of population ages 15-49)",SH.DYN.AIDS.ZS,0,25,0
Brazil,Adjusted net national income (current US$),NY.ADJ.NNTY.CD,0,25,0
Brazil,"Adolescent fertility rate (births per 1,000 women ages 15-19)",SP.ADO.TFRT,0,25,0
Brazil,Gross savings (% of GDP),NY.GNS.ICTR.ZS,0,25,0
Brazil,"Inflation, consumer prices (annual %)",FP.CPI.TOTL.ZG,0,25,0
Brazil,"Labor force participation rate, female (% of female population ages 15+) (national estimate)",SL.TLF.CACT.FE.NE.ZS,0,25,0
Brazil,"Population, female",SP.POP.TOTL.FE.IN,0,25,0
Brazil,"Population, female (% of total population)",SP.POP.TOTL.FE.ZS,0,25,0
Brazil,"Population, male",SP.POP.TOTL.MA.IN,0,25,0
Brazil,"Population, male (% of total population)",SP.POP.TOTL.MA.ZS,0,25,0
Brazil,Ratio of female to male labor force participation rate (%) (national estimate),SL.TLF.CACT.FM.NE.ZS,0,25,0
Brazil,"Unemployment, youth female (% of female labor force ages 15-24) (national estimate)",SL.UEM.1524.FE.NE.ZS,0,25,0
Brazil,Wanted fertility rate (births per woman),SP.DYN.WFRT,0,25,0
Brazil,"Women making their own informed decisions regarding sexual relations, contraceptive use and reproductive health care (% of women age 15-49)",SG.DMK.SRCR.FN.ZS,0,25,0
Brazil,Women's share of population ages 15+ living with HIV (%),SH.DYN.AIDS.FE.ZS,0,25,0
Brazil,"Contraceptive prevalence, any method (% of married women ages 15-49)",SP.DYN.CONU.ZS,0,25,0
Brazil,Coverage of social insurance programs (% of population),per_si_allsi.cov_pop_tot,0,25,0
Brazil,Coverage of social safety net programs (% of population),per_sa_allsa.cov_pop_tot,0,25,0
Brazil,Demand for family planning satisfied by modern methods (% of married women with demand for family planning),SH.FPL.SATM.ZS,0,25,0
Brazil,Diabetes prevalence (% of population ages 20 to 79),SH.STA.DIAB.ZS,0,25,0
Brazil,"Life expectancy at birth, total (years)",SP.DYN.LE00.IN,0,25,0
Brazil,"Life expectancy at birth, female (years)",SP.DYN.LE00.FE.IN,0,25,0
Brazil,"Life expectancy at birth, male (years)",SP.DYN.LE00.MA.IN,0,25,0
Brazil,"Nurses and midwives (per 1,000 people)",SH.MED.NUMW.P3,0,25,0
Brazil,Prevalence of anemia among women of reproductive age (% of women ages 15-49),SH.ANM.ALLW.ZS,0,25,0
Brazil,Prevalence of anemia among pregnant women (%),SH.PRG.ANEM,0,25,0
Brazil,"Prevalence of HIV, female (% ages 15-24)",SH.HIV.1524.FE.ZS,0,25,0
Brazil,"Prevalence of HIV, male (% ages 15-24)",SH.HIV.1524.MA.ZS,0,25,0
Brazil,"Prevalence of HIV, total (% of population ages 15-49)",SH.DYN.AIDS.ZS,0,25,0
British Virgin Islands,Adjusted net national income (current US$),NY.ADJ.NNTY.CD,0,25,0
British Virgin Islands,"Adolescent fertility rate (births per 1,000 women ages 15-19)",SP.ADO.TFRT,0,25,0
British Virgin Islands,Gross savings (% of GDP),NY.GNS.ICTR.ZS,0,25,0
British Virgin Islands,"Inflation, consumer prices (annual %)",FP.CPI.TOTL.ZG,0,25,0
British Virgin Islands,"Labor force participation rate, female (% of female population ages 15+) (national estimate)",SL.TLF.CACT.FE.NE.ZS,0,25,0
British Virgin Islands,"Population, female",SP.POP.TOTL.FE.IN,0,25,0
British Virgin Islands,"Population, female (% of total population)",SP.POP.TOTL.FE.ZS,0,25,0
British Virgin Islands,"Population, male",SP.POP.TOTL.MA.IN,0,25,0
British Virgin Islands,"Population, male (% of total population)",SP.POP.TOTL.MA.ZS,0,25,0
British Virgin Islands,Ratio of female to male labor force participation rate (%) (national estimate),SL.TLF.CACT.FM.NE.ZS,0,25,0
British Virgin Islands,"Unemployment, youth female (% of female labor force ages 15-24) (national estimate)",SL.UEM.1524.FE.NE.ZS,0,25,0
British Virgin Islands,Wanted fertility rate (births per woman),SP.DYN.WFRT,0,25,0
British Virgin Islands,"Women making their own informed decisions regarding sexual relations, contraceptive use and reproductive health care (% of women age 15-49)",SG.DMK.SRCR.FN.ZS,0,25,0
British Virgin Islands,Women's share of population ages 15+ living with HIV (%),SH.DYN.AIDS.FE.ZS,0,25,0
British Virgin Islands,"Contraceptive prevalence, any method (% of married women ages 15-49)",SP.DYN.CONU.ZS,0,25,0
British Virgin Islands,Coverage of social insurance programs (% of population),per_si_allsi.cov_pop_tot,0,25,0
British Virgin Islands,Coverage of social safety net programs (% of population),per_sa_allsa.cov_pop_tot,0,25,0
British Virgin Islands,Demand for family planning satisfied by modern methods (% of married women with demand for family planning),SH.FPL.SATM.ZS,0,25,0
British Virgin Islands,Diabetes prevalence (% of population ages 20 to 79),SH.STA.DIAB.ZS,0,25,0
British Virgin Islands,"Life expectancy at birth, total (years)",SP.DYN.LE00.IN,0,25,0
British Virgin Islands,"Life expectancy at birth, female (years)",SP.DYN.LE00.FE.IN,0,25,0
British Virgin Islands,"Life expectancy at birth, male (years)",SP.DYN.LE00.MA.IN,0,25,0
British Virgin Islands,"Nurses and midwives (per 1,000 people)",SH.MED.NUMW.P3,0,25,0
British Virgin Islands,Prevalence of anemia among women of reproductive age (% of women ages 15-49),SH.ANM.ALLW.ZS,0,25,0
British Virgin Islands,Prevalence of anemia among pregnant women (%),SH.PRG.ANEM,0,25,0
British Virgin Islands,"Prevalence of HIV, female (% ages 15-24)",SH.HIV.1524.FE.ZS,0,25,0
British Virgin Islands,"Prevalence of HIV, male (% ages 15-24)",SH.HIV.1524.MA.ZS,0,25,0
British Virgin Islands,"Prevalence of HIV, total (% of population ages 15-49)",SH.DYN.AIDS.ZS,0,25,0
Brunei Darussalam,Adjusted net national income (current US$),NY.ADJ.NNTY.CD,0,25,0
Brunei Darussalam,"Adolescent fertility rate (births per 1,000 women ages 15-19)",SP.ADO.TFRT,0,25,0
Brunei Darussalam,Gross savings (% of GDP),NY.GNS.ICTR.ZS,0,25,0
Brunei Darussalam,"Inflation, consumer prices (annual %)",FP.CPI.TOTL.ZG,0,25,0
Brunei Darussalam,"Labor force participation rate, female (% of female population ages 15+) (national estimate)",SL.TLF.CACT.FE.NE.ZS,0,25,0
Brunei Darussalam,"Population, female",SP.POP.TOTL.FE.IN,0,25,0
Brunei Darussalam,"Population, female (% of total population)",SP.POP.TOTL.FE.ZS,0,25,0
Brunei Darussalam,"Population, male",SP.POP.TOTL.MA.IN,0,25,0
Brunei Darussalam,"Population, male (% of total population)",SP.POP.TOTL.MA.ZS,0,25,0
Brunei Darussalam,Ratio of female to male labor force participation rate (%) (national estimate),SL.TLF.CACT.FM.NE.ZS,0,25,0
Brunei Darussalam,"Unemployment, youth female (% of female labor force ages 15-24) (national estimate)",SL.UEM.1524.FE.NE.ZS,0,25,0
Brunei Darussalam,Wanted fertility rate (births per woman),SP.DYN.WFRT,0,25,0
Brunei Darussalam,"Women making their own informed decisions regarding sexual relations, contraceptive use and reproductive health care (% of women age 15-49)",SG.DMK.SRCR.FN.ZS,0,25,0
Brunei Darussalam,Women's share of population ages 15+ living with HIV (%),SH.DYN.AIDS.FE.ZS,0,25,0
Brunei Darussalam,"Contraceptive prevalence, any method (% of married women ages 15-49)",SP.DYN.CONU.ZS,0,25,0
Brunei Darussalam,Coverage of social insurance programs (% of population),per_si_allsi.cov_pop_tot,0,25,0
Brunei Darussalam,Coverage of social safety net programs (% of population),per_sa_allsa.cov_pop_tot,0,25,0
Brunei Darussalam,Demand for family planning satisfied by modern methods (% of married women with demand for family planning),SH.FPL.SATM.ZS,0,25,0
Brunei Darussalam,Diabetes prevalence (% of population ages 20 to 79),SH.STA.DIAB.ZS,0,25,0
Brunei Darussalam,"Life expectancy at birth, total (years)",SP.DYN.LE00.IN,0,25,0
Brunei Darussalam,"Life expectancy at birth, female (years)",SP.DYN.LE00.FE.IN,0,25,0
Brunei Darussalam,"Life expectancy at birth, male (years)",SP.DYN.LE00.MA.IN,0,25,0
Brunei Darussalam,"Nurses and midwives (per 1,000 people)",SH.MED.NUMW.P3,0,25,0
Brunei Darussalam,Prevalence of anemia among women of reproductive age (% of women ages 15-49),SH.ANM.ALLW.ZS,0,25,0
Brunei Darussalam,Prevalence of anemia among pregnant women (%),SH.PRG.ANEM,0,25,0
Brunei Darussalam,"Prevalence of HIV, female (% ages 15-24)",SH.HIV.1524.FE.ZS,0,25,0
Brunei Darussalam,"Prevalence of HIV, male (% ages 15-24)",SH.HIV.1524.MA.ZS,0,25,0
Brunei Darussalam,"Prevalence of HIV, total (% of population ages 15-49)",SH.DYN.AIDS.ZS,0,25,0
Bulgaria,Adjusted net national income (current US$),NY.ADJ.NNTY.CD,0,25,0
Bulgaria,"Adolescent fertility rate (births per 1,000 women ages 15-19)",SP.ADO.TFRT,0,25,0
Bulgaria,Gross savings (% of GDP),NY.GNS.ICTR.ZS,0,25,0
Bulgaria,"Inflation, consumer prices (annual %)",FP.CPI.TOTL.ZG,0,25,0
Bulgaria,"Labor force participation rate, female (% of female population ages 15+) (national estimate)",SL.TLF.CACT.FE.NE.ZS,0,25,0
Bulgaria,"Population, female",SP.POP.TOTL.FE.IN,0,25,0
Bulgaria,"Population, female (% of total population)",SP.POP.TOTL.FE.ZS,0,25,0
Bulgaria,"Population, male",SP.POP.TOTL.MA.IN,0,25,0
Bulgaria,"Population, male (% of total population)",SP.POP.TOTL.MA.ZS,0,25,0
Bulgaria,Ratio of female to male labor force participation rate (%) (national estimate),SL.TLF.CACT.FM.NE.ZS,0,25,0
Bulgaria,"Unemployment, youth female (% of female labor force ages 15-24) (national estimate)",SL.UEM.1524.FE.NE.ZS,0,25,0
Bulgaria,Wanted fertility rate (births per woman),SP.DYN.WFRT,0,25,0
Bulgaria,"Women making their own informed decisions regarding sexual relations, contraceptive use and reproductive health care (% of women age 15-49)",SG.DMK.SRCR.FN.ZS,0,25,0
Bulgaria,Women's share of population ages 15+ living with HIV (%),SH.DYN.AIDS.FE.ZS,0,25,0
Bulgaria,"Contraceptive prevalence, any method (% of married women ages 15-49)",SP.DYN.CONU.ZS,0,25,0
Bulgaria,Coverage of social insurance programs (% of population),per_si_allsi.cov_pop_tot,0,25,0
Bulgaria,Coverage of social safety net programs (% of population),per_sa_allsa.cov_pop_tot,0,25,0
Bulgaria,Demand for family planning satisfied by modern methods (% of married women with demand for family planning),SH.FPL.SATM.ZS,0,25,0
Bulgaria,Diabetes prevalence (% of population ages 20 to 79),SH.STA.DIAB.ZS,0,25,0
Bulgaria,"Life expectancy at birth, total (years)",SP.DYN.LE00.IN,0,25,0
Bulgaria,"Life expectancy at birth, female (years)",SP.DYN.LE00.FE.IN,0,25,0
Bulgaria,"Life expectancy at birth, male (years)",SP.DYN.LE00.MA.IN,0,25,0
Bulgaria,"Nurses and midwives (per 1,000 people)",SH.MED.NUMW.P3,0,25,0
Bulgaria,Prevalence of anemia among women of reproductive age (% of women ages 15-49),SH.ANM.ALLW.ZS,0,25,0
Bulgaria,Prevalence of anemia among pregnant women (%),SH.PRG.ANEM,0,25,0
Bulgaria,"Prevalence of HIV, female (% ages 15-24)",SH.HIV.1524.FE.ZS,0,25,0
Bulgaria,"Prevalence of HIV, male (% ages 15-24)",SH.HIV.1524.MA.ZS,0,25,0
Bulgaria,"Prevalence of HIV, total (% of population ages 15-49)",SH.DYN.AIDS.ZS,0,25,0
Burkina Faso,Adjusted net national income (current US$),NY.ADJ.NNTY.CD,0,25,0
Burkina Faso,"Adolescent fertility rate (births per 1,000 women ages 15-19)",SP.ADO.TFRT,0,25,0
Burkina Faso,Gross savings (% of GDP),NY.GNS.ICTR.ZS,0,25,0
Burkina Faso,"Inflation, consumer prices (annual %)",FP.CPI.TOTL.ZG,0,25,0
Burkina Faso,"Labor force participation rate, female (% of female population ages 15+) (national estimate)",SL.TLF.CACT.FE.NE.ZS,0,25,0
Burkina Faso,"Population, female",SP.POP.TOTL.FE.IN,0,25,0
Burkina Faso,"Population, female (% of total population)",SP.POP.TOTL.FE.ZS,0,25,0
Burkina Faso,"Population, male",SP.POP.TOTL.MA.IN,0,25,0
Burkina Faso,"Population, male (% of total population)",SP.POP.TOTL.MA.ZS,0,25,0
Burkina Faso,Ratio of female to male labor force participation rate (%) (national estimate),SL.TLF.CACT.FM.NE.ZS,0,25,0
Burkina Faso,"Unemployment, youth female (% of female labor force ages 15-24) (national estimate)",SL.UEM.1524.FE.NE.ZS,0,25,0
Burkina Faso,Wanted fertility rate (births per woman),SP.DYN.WFRT,0,25,0
Burkina Faso,"Women making their own informed decisions regarding sexual relations, contraceptive use and reproductive health care (% of women age 15-49)",SG.DMK.SRCR.FN.ZS,0,25,0
Burkina Faso,Women's share of population ages 15+ living with HIV (%),SH.DYN.AIDS.FE.ZS,0,25,0
Burkina Faso,"Contraceptive prevalence, any method (% of married women ages 15-49)",SP.DYN.CONU.ZS,0,25,0
Burkina Faso,Coverage of social insurance programs (% of population),per_si_allsi.cov_pop_tot,0,25,0
Burkina Faso,Coverage of social safety net programs (% of population),per_sa_allsa.cov_pop_tot,0,25,0
Burkina Faso,Demand for family planning satisfied by modern methods (% of married women with demand for family planning),SH.FPL.SATM.ZS,0,25,0
Burkina Faso,Diabetes prevalence (% of population ages 20 to 79),SH.STA.DIAB.ZS,0,25,0
Burkina Faso,"Life expectancy at birth, total (years)",SP.DYN.LE00.IN,0,25,0
Burkina Faso,"Life expectancy at birth, female (years)",SP.DYN.LE00.FE.IN,0,25,0
Burkina Faso,"Life expectancy at birth, male (years)",SP.DYN.LE00.MA.IN,0,25,0
Burkina Faso,"Nurses and midwives (per 1,000 people)",SH.MED.NUMW.P3,0,25,0
Burkina Faso,Prevalence of anemia among women of reproductive age (% of women ages 15-49),SH.ANM.ALLW.ZS,0,25,0
Burkina Faso,Prevalence of anemia among pregnant women (%),SH.PRG.ANEM,0,25,0
Burkina Faso,"Prevalence of HIV, female (% ages 15-24)",SH.HIV.1524.FE.ZS,0,25,0
Burkina Faso,"Prevalence of HIV, male (% ages 15-24)",SH.HIV.1524.MA.ZS,0,25,0
Burkina Faso,"Prevalence of HIV, total (% of population ages 15-49)",SH.DYN.AIDS.ZS,0,25,0
Burundi,Adjusted net national income (current US$),NY.ADJ.NNTY.CD,0,25,0
Burundi,"Adolescent fertility rate (births per 1,000 women ages 15-19)",SP.ADO.TFRT,0,25,0
Burundi,Gross savings (% of GDP),NY.GNS.ICTR.ZS,0,25,0
Burundi,"Inflation, consumer prices (annual %)",FP.CPI.TOTL.ZG,0,25,0
Burundi,"Labor force participation rate, female (% of female population ages 15+) (national estimate)",SL.TLF.CACT.FE.NE.ZS,0,25,0
Burundi,"Population, female",SP.POP.TOTL.FE.IN,0,25,0
Burundi,"Population, female (% of total population)",SP.POP.TOTL.FE.ZS,0,25,0
Burundi,"Population, male",SP.POP.TOTL.MA.IN,0,25,0
Burundi,"Population, male (% of total population)",SP.POP.TOTL.MA.ZS,0,25,0
Burundi,Ratio of female to male labor force participation rate (%) (national estimate),SL.TLF.CACT.FM.NE.ZS,0,25,0
Burundi,"Unemployment, youth female (% of female labor force ages 15-24) (national estimate)",SL.UEM.1524.FE.NE.ZS,0,25,0
Burundi,Wanted fertility rate (births per woman),SP.DYN.WFRT,0,25,0
Burundi,"Women making their own informed decisions regarding sexual relations, contraceptive use and reproductive health care (% of women age 15-49)",SG.DMK.SRCR.FN.ZS,0,25,0
Burundi,Women's share of population ages 15+ living with HIV (%),SH.DYN.AIDS.FE.ZS,0,25,0
Burundi,"Contraceptive prevalence, any method (% of married women ages 15-49)",SP.DYN.CONU.ZS,0,25,0
Burundi,Coverage of social insurance programs (% of population),per_si_allsi.cov_pop_tot,0,25,0
Burundi,Coverage of social safety net programs (% of population),per_sa_allsa.cov_pop_tot,0,25,0
Burundi,Demand for family planning satisfied by modern methods (% of married women with demand for family planning),SH.FPL.SATM.ZS,0,25,0
Burundi,Diabetes prevalence (% of population ages 20 to 79),SH.STA.DIAB.ZS,0,25,0
Burundi,"Life expectancy at birth, total (years)",SP.DYN.LE00.IN,0,25,0
Burundi,"Life expectancy at birth, female (years)",SP.DYN.LE00.FE.IN,0,25,0
Burundi,"Life expectancy at birth, male (years)",SP.DYN.LE00.MA.IN,0,25,0
Burundi,"Nurses and midwives (per 1,000 people)",SH.MED.NUMW.P3,0,25,0
Burundi,Prevalence of anemia among women of reproductive age (% of women ages 15-49),SH.ANM.ALLW.ZS,0,25,0
Burundi,Prevalence of anemia among pregnant women (%),SH.PRG.ANEM,0,25,0
Burundi,"Prevalence of HIV, female (% ages 15-24)",SH.HIV.1524.FE.ZS,0,25,0
Burundi,"Prevalence of HIV, male (% ages 15-24)",SH.HIV.1524.MA.ZS,0,25,0
Burundi,"Prevalence of HIV, total (% of population ages 15-49)",SH.DYN.AIDS.ZS,0,25,0
Cabo Verde,Adjusted net national income (current US$),NY.ADJ.NNTY.CD,0,25,0
Cabo Verde,"Adolescent fertility rate (births per 1,000 women ages 15-19)",SP.ADO.TFRT,0,25,0
Cabo Verde,Gross savings (% of GDP),NY.GNS.ICTR.ZS,0,25,0
Cabo Verde,"Inflation, consumer prices (annual %)",FP.CPI.TOTL.ZG,0,25,0
Cabo Verde,"Labor force participation rate, female (% of female population ages 15+) (national estimate)",SL.TLF.CACT.FE.NE.ZS,0,25,0
Cabo Verde,"Population, female",SP.POP.TOTL.FE.IN,0,25,0
Cabo Verde,"Population, female (% of total population)",SP.POP.TOTL.FE.ZS,0,25,0
Cabo Verde,"Population, male",SP.POP.TOTL.MA.IN,0,25,0
Cabo Verde,"Population, male (% of total population)",SP.POP.TOTL.MA.ZS,0,25,0
Cabo Verde,Ratio of female to male labor force participation rate (%) (national estimate),SL.TLF.CACT.FM.NE.ZS,0,25,0
Cabo Verde,"Unemployment, youth female (% of female labor force ages 15-24) (national estimate)",SL.UEM.1524.FE.NE.ZS,0,25,0
Cabo Verde,Wanted fertility rate (births per woman),SP.DYN.WFRT,0,25,0
Cabo Verde,"Women making their own informed decisions regarding sexual relations, contraceptive use and reproductive health care (% of women age 15-49)",SG.DMK.SRCR.FN.ZS,0,25,0
Cabo Verde,Women's share of population ages 15+ living with HIV (%),SH.DYN.AIDS.FE.ZS,0,25,0
Cabo Verde,"Contraceptive prevalence, any method (% of married women ages 15-49)",SP.DYN.CONU.ZS,0,25,0
Cabo Verde,Coverage of social insurance programs (% of population),per_si_allsi.cov_pop_tot,0,25,0
Cabo Verde,Coverage of social safety net programs (% of population),per_sa_allsa.cov_pop_tot,0,25,0
Cabo Verde,Demand for family planning satisfied by modern methods (% of married women with demand for family planning),SH.FPL.SATM.ZS,0,25,0
Cabo Verde,Diabetes prevalence (% of population ages 20 to 79),SH.STA.DIAB.ZS,0,25,0
Cabo Verde,"Life expectancy at birth, total (years)",SP.DYN.LE00.IN,0,25,0
Cabo Verde,"Life expectancy at birth, female (years)",SP.DYN.LE00.FE.IN,0,25,0
Cabo Verde,"Life expectancy at birth, male (years)",SP.DYN.LE00.MA.IN,0,25,0
Cabo Verde,"Nurses and midwives (per 1,000 people)",SH.MED.NUMW.P3,0,25,0
Cabo Verde,Prevalence of anemia among women of reproductive age (% of women ages 15-49),SH.ANM.ALLW.ZS,0,25,0
Cabo Verde,Prevalence of anemia among pregnant women (%),SH.PRG.ANEM,0,25,0
Cabo Verde,"Prevalence of HIV, female (% ages 15-24)",SH.HIV.1524.FE.ZS,0,25,0
Cabo Verde,"Prevalence of HIV, male (% ages 15-24)",SH.HIV.1524.MA.ZS,0,25,0
Cabo Verde,"Prevalence of HIV, total (% of population ages 15-49)",SH.DYN.AIDS.ZS,0,25,0
Cambodia,Adjusted net national income (current US$),NY.ADJ.NNTY.CD,0,25,0
Cambodia,"Adolescent fertility rate (births per 1,000 women ages 15-19)",SP.ADO.TFRT,0,25,0
Cambodia,Gross savings (% of GDP),NY.GNS.ICTR.ZS,0,25,0
Cambodia,"Inflation, consumer prices (annual %)",FP.CPI.TOTL.ZG,0,25,0
Cambodia,"Labor force participation rate, female (% of female population ages 15+) (national estimate)",SL.TLF.CACT.FE.NE.ZS,0,25,0
Cambodia,"Population, female",SP.POP.TOTL.FE.IN,0,25,0
Cambodia,"Population, female (% of total population)",SP.POP.TOTL.FE.ZS,0,25,0
Cambodia,"Population, male",SP.POP.TOTL.MA.IN,0,25,0
Cambodia,"Population, male (% of total population)",SP.POP.TOTL.MA.ZS,0,25,0
Cambodia,Ratio of female to male labor force participation rate (%) (national estimate),SL.TLF.CACT.FM.NE.ZS,0,25,0
Cambodia,"Unemployment, youth female (% of female labor force ages 15-24) (national estimate)",SL.UEM.1524.FE.NE.ZS,0,25,0
Cambodia,Wanted fertility rate (births per woman),SP.DYN.WFRT,0,25,0
Cambodia,"Women making their own informed decisions regarding sexual relations, contraceptive use and reproductive health care (% of women age 15-49)",SG.DMK.SRCR.FN.ZS,0,25,0
Cambodia,Women's share of population ages 15+ living with HIV (%),SH.DYN.AIDS.FE.ZS,0,25,0
Cambodia,"Contraceptive prevalence, any method (% of married women ages 15-49)",SP.DYN.CONU.ZS,0,25,0
Cambodia,Coverage of social insurance programs (% of population),per_si_allsi.cov_pop_tot,0,25,0
Cambodia,Coverage of social safety net programs (% of population),per_sa_allsa.cov_pop_tot,0,25,0
Cambodia,Demand for family planning satisfied by modern methods (% of married women with demand for family planning),SH.FPL.SATM.ZS,0,25,0
Cambodia,Diabetes prevalence (% of population ages 20 to 79),SH.STA.DIAB.ZS,0,25,0
Cambodia,"Life expectancy at birth, total (years)",SP.DYN.LE00.IN,0,25,0
Cambodia,"Life expectancy at birth, female (years)",SP.DYN.LE00.FE.IN,0,25,0
Cambodia,"Life expectancy at birth, male (years)",SP.DYN.LE00.MA.IN,0,25,0
Cambodia,"Nurses and midwives (per 1,000 people)",SH.MED.NUMW.P3,0,25,0
Cambodia,Prevalence of anemia among women of reproductive age (% of women ages 15-49),SH.ANM.ALLW.ZS,0,25,0
Cambodia,Prevalence of anemia among pregnant women (%),SH.PRG.ANEM,0,25,0
Cambodia,"Prevalence of HIV, female (% ages 15-24)",SH.HIV.1524.FE.ZS,0,25,0
Cambodia,"Prevalence of HIV, male (% ages 15-24)",SH.HIV.1524.MA.ZS,0,25,0
Cambodia,"Prevalence of HIV, total (% of population ages 15-49)",SH.DYN.AIDS.ZS,0,25,0
Cameroon,Adjusted net national income (current US$),NY.ADJ.NNTY.CD,0,25,0
Cameroon,"Adolescent fertility rate (births per 1,000 women ages 15-19)",SP.ADO.TFRT,0,25,0
Cameroon,Gross savings (% of GDP),NY.GNS.ICTR.ZS,0,25,0
Cameroon,"Inflation, consumer prices (annual %)",FP.CPI.TOTL.ZG,0,25,0
Cameroon,"Labor force participation rate, female (% of female population ages 15+) (national estimate)",SL.TLF.CACT.FE.NE.ZS,0,25,0
Cameroon,"Population, female",SP.POP.TOTL.FE.IN,0,25,0
Cameroon,"Population, female (% of total population)",SP.POP.TOTL.FE.ZS,0,25,0
Cameroon,"Population, male",SP.POP.TOTL.MA.IN,0,25,0
Cameroon,"Population, male (% of total population)",SP.POP.TOTL.MA.ZS,0,25,0
Cameroon,Ratio of female to male labor force participation rate (%) (national estimate),SL.TLF.CACT.FM.NE.ZS,0,25,0
Cameroon,"Unemployment, youth female (% of female labor force ages 15-24) (national estimate)",SL.UEM.1524.FE.NE.ZS,0,25,0
Cameroon,Wanted fertility rate (births per woman),SP.DYN.WFRT,0,25,0
Cameroon,"Women making their own informed decisions regarding sexual relations, contraceptive use and reproductive health care (% of women age 15-49)",SG.DMK.SRCR.FN.ZS,0,25,0
Cameroon,Women's share of population ages 15+ living with HIV (%),SH.DYN.AIDS.FE.ZS,0,25,0
Cameroon,"Contraceptive prevalence, any method (% of married women ages 15-49)",SP.DYN.CONU.ZS,0,25,0
Cameroon,Coverage of social insurance programs (% of population),per_si_allsi.cov_pop_tot,0,25,0
Cameroon,Coverage of social safety net programs (% of population),per_sa_allsa.cov_pop_tot,0,25,0
Cameroon,Demand for family planning satisfied by modern methods (% of married women with demand for family planning),SH.FPL.SATM.ZS,0,25,0
Cameroon,Diabetes prevalence (% of population ages 20 to 79),SH.STA.DIAB.ZS,0,25,0
Cameroon,"Life expectancy at birth, total (years)",SP.DYN.LE00.IN,0,25,0
Cameroon,"Life expectancy at birth, female (years)",SP.DYN.LE00.FE.IN,0,25,0
Cameroon,"Life expectancy at birth, male (years)",SP.DYN.LE00.MA.IN,0,25,0
Cameroon,"Nurses and midwives (per 1,000 people)",SH.MED.NUMW.P3,0,25,0
Cameroon,Prevalence of anemia among women of reproductive age (% of women ages 15-49),SH.ANM.ALLW.ZS,0,25,0
Cameroon,Prevalence of anemia among pregnant women (%),SH.PRG.ANEM,0,25,0
Cameroon,"Prevalence of HIV, female (% ages 15-24)",SH.HIV.1524.FE.ZS,0,25,0
Cameroon,"Prevalence of HIV, male (% ages 15-24)",SH.HIV.1524.MA.ZS,0,25,0
Cameroon,"Prevalence of HIV, total (% of population ages 15-49)",SH.DYN.AIDS.ZS,0,25,0
Canada,Adjusted net national income (current US$),NY.ADJ.NNTY.CD,0,25,0
Canada,"Adolescent fertility rate (births per 1,000 women ages 15-19)",SP.ADO.TFRT,0,25,0
Canada,Gross savings (% of GDP),NY.GNS.ICTR.ZS,0,25,0
Canada,"Inflation, consumer prices (annual %)",FP.CPI.TOTL.ZG,0,25,0
Canada,"Labor force participation rate, female (% of female population ages 15+) (national estimate)",SL.TLF.CACT.FE.NE.ZS,0,25,0
Canada,"Population, female",SP.POP.TOTL.FE.IN,0,25,0
Canada,"Population, female (% of total population)",SP.POP.TOTL.FE.ZS,0,25,0
Canada,"Population, male",SP.POP.TOTL.MA.IN,0,25,0
Canada,"Population, male (% of total population)",SP.POP.TOTL.MA.ZS,0,25,0
Canada,Ratio of female to male labor force participation rate (%) (national estimate),SL.TLF.CACT.FM.NE.ZS,0,25,0
Canada,"Unemployment, youth female (% of female labor force ages 15-24) (national estimate)",SL.UEM.1524.FE.NE.ZS,0,25,0
Canada,Wanted fertility rate (births per woman),SP.DYN.WFRT,0,25,0
Canada,"Women making their own informed decisions regarding sexual relations, contraceptive use and reproductive health care (% of women age 15-49)",SG.DMK.SRCR.FN.ZS,0,25,0
Canada,Women's share of population ages 15+ living with HIV (%),SH.DYN.AIDS.FE.ZS,0,25,0
Canada,"Contraceptive prevalence, any method (% of married women ages 15-49)",SP.DYN.CONU.ZS,0,25,0
Canada,Coverage of social insurance programs (% of population),per_si_allsi.cov_pop_tot,0,25,0
Canada,Coverage of social safety net programs (% of population),per_sa_allsa.cov_pop_tot,0,25,0
Canada,Demand for family planning satisfied by modern methods (% of married women with demand for family planning),SH.FPL.SATM.ZS,0,25,0
Canada,Diabetes prevalence (% of population ages 20 to 79),SH.STA.DIAB.ZS,0,25,0
Canada,"Life expectancy at birth, total (years)",SP.DYN.LE00.IN,0,25,0
Canada,"Life expectancy at birth, female (years)",SP.DYN.LE00.FE.IN,0,25,0
Canada,"Life expectancy at birth, male (years)",SP.DYN.LE00.MA.IN,0,25,0
Canada,"Nurses and midwives (per 1,000 people)",SH.MED.NUMW.P3,0,25,0
Canada,Prevalence of anemia among women of reproductive age (% of women ages 15-49),SH.ANM.ALLW.ZS,0,25,0
Canada,Prevalence of anemia among pregnant women (%),SH.PRG.ANEM,0,25,0
Canada,"Prevalence of HIV, female (% ages 15-24)",SH.HIV.1524.FE.ZS,0,25,0
Canada,"Prevalence of HIV, male (% ages 15-24)",SH.HIV.1524.MA.ZS,0,25,0
Canada,"Prevalence of HIV, total (% of population ages 15-49)",SH.DYN.AIDS.ZS,0,25,0
Cayman Islands,Adjusted net national income (current US$),NY.ADJ.NNTY.CD,0,25,0
Cayman Islands,"Adolescent fertility rate (births per 1,000 women ages 15-19)",SP.ADO.TFRT,0,25,0
Cayman Islands,Gross savings (% of GDP),NY.GNS.ICTR.ZS,0,25,0
Cayman Islands,"Inflation, consumer prices (annual %)",FP.CPI.TOTL.ZG,0,25,0
Cayman Islands,"Labor force participation rate, female (% of female population ages 15+) (national estimate)",SL.TLF.CACT.FE.NE.ZS,0,25,0
Cayman Islands,"Population, female",SP.POP.TOTL.FE.IN,0,25,0
Cayman Islands,"Population, female (% of total population)",SP.POP.TOTL.FE.ZS,0,25,0
Cayman Islands,"Population, male",SP.POP.TOTL.MA.IN,0,25,0
Cayman Islands,"Population, male (% of total population)",SP.POP.TOTL.MA.ZS,0,25,0
Cayman Islands,Ratio of female to male labor force participation rate (%) (national estimate),SL.TLF.CACT.FM.NE.ZS,0,25,0
Cayman Islands,"Unemployment, youth female (% of female labor force ages 15-24) (national estimate)",SL.UEM.1524.FE.NE.ZS,0,25,0
Cayman Islands,Wanted fertility rate (births per woman),SP.DYN.WFRT,0,25,0
Cayman Islands,"Women making their own informed decisions regarding sexual relations, contraceptive use and reproductive health care (% of women age 15-49)",SG.DMK.SRCR.FN.ZS,0,25,0
Cayman Islands,Women's share of population ages 15+ living with HIV (%),SH.DYN.AIDS.FE.ZS,0,25,0
Cayman Islands,"Contraceptive prevalence, any method (% of married women ages 15-49)",SP.DYN.CONU.ZS,0,25,0
Cayman Islands,Coverage of social insurance programs (% of population),per_si_allsi.cov_pop_tot,0,25,0
Cayman Islands,Coverage of social safety net programs (% of population),per_sa_allsa.cov_pop_tot,0,25,0
Cayman Islands,Demand for family planning satisfied by modern methods (% of married women with demand for family planning),SH.FPL.SATM.ZS,0,25,0
Cayman Islands,Diabetes prevalence (% of population ages 20 to 79),SH.STA.DIAB.ZS,0,25,0
Cayman Islands,"Life expectancy at birth, total (years)",SP.DYN.LE00.IN,0,25,0
Cayman Islands,"Life expectancy at birth, female (years)",SP.DYN.LE00.FE.IN,0,25,0
Cayman Islands,"Life expectancy at birth, male (years)",SP.DYN.LE00.MA.IN,0,25,0
Cayman Islands,"Nurses and midwives (per 1,000 people)",SH.MED.NUMW.P3,0,25,0
Cayman Islands,Prevalence of anemia among women of reproductive age (% of women ages 15-49),SH.ANM.ALLW.ZS,0,25,0
Cayman Islands,Prevalence of anemia among pregnant women (%),SH.PRG.ANEM,0,25,0
Cayman Islands,"Prevalence of HIV, female (% ages 15-24)",SH.HIV.1524.FE.ZS,0,25,0
Cayman Islands,"Prevalence of HIV, male (% ages 15-24)",SH.HIV.1524.MA.ZS,0,25,0
Cayman Islands,"Prevalence of HIV, total (% of population ages 15-49)",SH.DYN.AIDS.ZS,0,25,0
Central African Republic,Adjusted net national income (current US$),NY.ADJ.NNTY.CD,0,25,0
Central African Republic,"Adolescent fertility rate (births per 1,000 women ages 15-19)",SP.ADO.TFRT,0,25,0
Central African Republic,Gross savings (% of GDP),NY.GNS.ICTR.ZS,0,25,0
Central African Republic,"Inflation, consumer prices (annual %)",FP.CPI.TOTL.ZG,0,25,0
Central African Republic,"Labor force participation rate, female (% of female population ages 15+) (national estimate)",SL.TLF.CACT.FE.NE.ZS,0,25,0
Central African Republic,"Population, female",SP.POP.TOTL.FE.IN,0,25,0
Central African Republic,"Population, female (% of total population)",SP.POP.TOTL.FE.ZS,0,25,0
Central African Republic,"Population, male",SP.POP.TOTL.MA.IN,0,25,0
Central African Republic,"Population, male (% of total population)",SP.POP.TOTL.MA.ZS,0,25,0
Central African Republic,Ratio of female to male labor force participation rate (%) (national estimate),SL.TLF.CACT.FM.NE.ZS,0,25,0
Central African Republic,"Unemployment, youth female (% of female labor force ages 15-24) (national estimate)",SL.UEM.1524.FE.NE.ZS,0,25,0
Central African Republic,Wanted fertility rate (births per woman),SP.DYN.WFRT,0,25,0
Central African Republic,"Women making their own informed decisions regarding sexual relations, contraceptive use and reproductive health care (% of women age 15-49)",SG.DMK.SRCR.FN.ZS,0,25,0
Central African Republic,Women's share of population ages 15+ living with HIV (%),SH.DYN.AIDS.FE.ZS,0,25,0
Central African Republic,"Contraceptive prevalence, any method (% of married women ages 15-49)",SP.DYN.CONU.ZS,0,25,0
Central African Republic,Coverage of social insurance programs (% of population),per_si_allsi.cov_pop_tot,0,25,0
Central African Republic,Coverage of social safety net programs (% of population),per_sa_allsa.cov_pop_tot,0,25,0
Central African Republic,Demand for family planning satisfied by modern methods (% of married women with demand for family planning),SH.FPL.SATM.ZS,0,25,0
Central African Republic,Diabetes prevalence (% of population ages 20 to 79),SH.STA.DIAB.ZS,0,25,0
Central African Republic,"Life expectancy at birth, total (years)",SP.DYN.LE00.IN,0,25,0
Central African Republic,"Life expectancy at birth, female (years)",SP.DYN.LE00.FE.IN,0,25,0
Central African Republic,"Life expectancy at birth, male (years)",SP.DYN.LE00.MA.IN,0,25,0
Central African Republic,"Nurses and midwives (per 1,000 people)",SH.MED.NUMW.P3,0,25,0
Central African Republic,Prevalence of anemia among women of reproductive age (% of women ages 15-49),SH.ANM.ALLW.ZS,0,25,0
Central African Republic,Prevalence of anemia among pregnant women (%),SH.PRG.ANEM,0,25,0
Central African Republic,"Prevalence of HIV, female (% ages 15-24)",SH.HIV.1524.FE.ZS,0,25,0
Central African Republic,"Prevalence of HIV, male (% ages 15-24)",SH.HIV.1524.MA.ZS,0,25,0
Central African Republic,"Prevalence of HIV, total (% of population ages 15-49)",SH.DYN.AIDS.ZS,0,25,0
Chad,Adjusted net national income (current US$),NY.ADJ.NNTY.CD,0,25,0
Chad,"Adolescent fertility rate (births per 1,000 women ages 15-19)",SP.ADO.TFRT,0,25,0
Chad,Gross savings (% of GDP),NY.GNS.ICTR.ZS,0,25,0
Chad,"Inflation, consumer prices (annual %)",FP.CPI.TOTL.ZG,0,25,0
Chad,"Labor force participation rate, female (% of female population ages 15+) (national estimate)",SL.TLF.CACT.FE.NE.ZS,0,25,0
Chad,"Population, female",SP.POP.TOTL.FE.IN,0,25,0
Chad,"Population, female (% of total population)",SP.POP.TOTL.FE.ZS,0,25,0
Chad,"Population, male",SP.POP.TOTL.MA.IN,0,25,0
Chad,"Population, male (% of total population)",SP.POP.TOTL.MA.ZS,0,25,0
Chad,Ratio of female to male labor force participation rate (%) (national estimate),SL.TLF.CACT.FM.NE.ZS,0,25,0
Chad,"Unemployment, youth female (% of female labor force ages 15-24) (national estimate)",SL.UEM.1524.FE.NE.ZS,0,25,0
Chad,Wanted fertility rate (births per woman),SP.DYN.WFRT,0,25,0
Chad,"Women making their own informed decisions regarding sexual relations, contraceptive use and reproductive health care (% of women age 15-49)",SG.DMK.SRCR.FN.ZS,0,25,0
Chad,Women's share of population ages 15+ living with HIV (%),SH.DYN.AIDS.FE.ZS,0,25,0
Chad,"Contraceptive prevalence, any method (% of married women ages 15-49)",SP.DYN.CONU.ZS,0,25,0
Chad,Coverage of social insurance programs (% of population),per_si_allsi.cov_pop_tot,0,25,0
Chad,Coverage of social safety net programs (% of population),per_sa_allsa.cov_pop_tot,0,25,0
Chad,Demand for family planning satisfied by modern methods (% of married women with demand for family planning),SH.FPL.SATM.ZS,0,25,0
Chad,Diabetes prevalence (% of population ages 20 to 79),SH.STA.DIAB.ZS,0,25,0
Chad,"Life expectancy at birth, total (years)",SP.DYN.LE00.IN,0,25,0
Chad,"Life expectancy at birth, female (years)",SP.DYN.LE00.FE.IN,0,25,0
Chad,"Life expectancy at birth, male (years)",SP.DYN.LE00.MA.IN,0,25,0
Chad,"Nurses and midwives (per 1,000 people)",SH.MED.NUMW.P3,0,25,0
Chad,Prevalence of anemia among women of reproductive age (% of women ages 15-49),SH.ANM.ALLW.ZS,0,25,0
Chad,Prevalence of anemia among pregnant women (%),SH.PRG.ANEM,0,25,0
Chad,"Prevalence of HIV, female (% ages 15-24)",SH.HIV.1524.FE.ZS,0,25,0
Chad,"Prevalence of HIV, male (% ages 15-24)",SH.HIV.1524.MA.ZS,0,25,0
Chad,"Prevalence of HIV, total (% of population ages 15-49)",SH.DYN.AIDS.ZS,0,25,0
Channel Islands,Adjusted net national income (current US$),NY.ADJ.NNTY.CD,0,25,0
Channel Islands,"Adolescent fertility rate (births per 1,000 women ages 15-19)",SP.ADO.TFRT,0,25,0
Channel Islands,Gross savings (% of GDP),NY.GNS.ICTR.ZS,0,25,0
Channel Islands,"Inflation, consumer prices (annual %)",FP.CPI.TOTL.ZG,0,25,0
Channel Islands,"Labor force participation rate, female (% of female population ages 15+) (national estimate)",SL.TLF.CACT.FE.NE.ZS,0,25,0
Channel Islands,"Population, female",SP.POP.TOTL.FE.IN,0,25,0
Channel Islands,"Population, female (% of total population)",SP.POP.TOTL.FE.ZS,0,25,0
Channel Islands,"Population, male",SP.POP.TOTL.MA.IN,0,25,0
Channel Islands,"Population, male (% of total population)",SP.POP.TOTL.MA.ZS,0,25,0
Channel Islands,Ratio of female to male labor force participation rate (%) (national estimate),SL.TLF.CACT.FM.NE.ZS,0,25,0
Channel Islands,"Unemployment, youth female (% of female labor force ages 15-24) (national estimate)",SL.UEM.1524.FE.NE.ZS,0,25,0
Channel Islands,Wanted fertility rate (births per woman),SP.DYN.WFRT,0,25,0
Channel Islands,"Women making their own informed decisions regarding sexual relations, contraceptive use and reproductive health care (% of women age 15-49)",SG.DMK.SRCR.FN.ZS,0,25,0
Channel Islands,Women's share of population ages 15+ living with HIV (%),SH.DYN.AIDS.FE.ZS,0,25,0
Channel Islands,"Contraceptive prevalence, any method (% of married women ages 15-49)",SP.DYN.CONU.ZS,0,25,0
Channel Islands,Coverage of social insurance programs (% of population),per_si_allsi.cov_pop_tot,0,25,0
Channel Islands,Coverage of social safety net programs (% of population),per_sa_allsa.cov_pop_tot,0,25,0
Channel Islands,Demand for family planning satisfied by modern methods (% of married women with demand for family planning),SH.FPL.SATM.ZS,0,25,0
Channel Islands,Diabetes prevalence (% of population ages 20 to 79),SH.STA.DIAB.ZS,0,25,0
Channel Islands,"Life expectancy at birth, total (years)",SP.DYN.LE00.IN,0,25,0
Channel Islands,"Life expectancy at birth, female (years)",SP.DYN.LE00.FE.IN,0,25,0
Channel Islands,"Life expectancy at birth, male (years)",SP.DYN.LE00.MA.IN,0,25,0
Channel Islands,"Nurses and midwives (per 1,000 people)",SH.MED.NUMW.P3,0,25,0
Channel Islands,Prevalence of anemia among women of reproductive age (% of women ages 15-49),SH.ANM.ALLW.ZS,0,25,0
Channel Islands,Prevalence of anemia among pregnant women (%),SH.PRG.ANEM,0,25,0
Channel Islands,"Prevalence of HIV, female (% ages 15-24)",SH.HIV.1524.FE.ZS,0,25,0
Channel Islands,"Prevalence of HIV, male (% ages 15-24)",SH.HIV.1524.MA.ZS,0,25,0
Channel Islands,"Prevalence of HIV, total (% of population ages 15-49)",SH.DYN.AIDS.ZS,0,25,0
Chile,Adjusted net national income (current US$),NY.ADJ.NNTY.CD,0,25,0
Chile,"Adolescent fertility rate (births per 1,000 women ages 15-19)",SP.ADO.TFRT,0,25,0
Chile,Gross savings (% of GDP),NY.GNS.ICTR.ZS,0,25,0
Chile,"Inflation, consumer prices (annual %)",FP.CPI.TOTL.ZG,0,25,0
Chile,"Labor force participation rate, female (% of female population ages 15+) (national estimate)",SL.TLF.CACT.FE.NE.ZS,0,25,0
Chile,"Population, female",SP.POP.TOTL.FE.IN,0,25,0
Chile,"Population, female (% of total population)",SP.POP.TOTL.FE.ZS,0,25,0
Chile,"Population, male",SP.POP.TOTL.MA.IN,0,25,0
Chile,"Population, male (% of total population)",SP.POP.TOTL.MA.ZS,0,25,0
Chile,Ratio of female to male labor force participation rate (%) (national estimate),SL.TLF.CACT.FM.NE.ZS,0,25,0
Chile,"Unemployment, youth female (% of female labor force ages 15-24) (national estimate)",SL.UEM.1524.FE.NE.ZS,0,25,0
Chile,Wanted fertility rate (births per woman),SP.DYN.WFRT,0,25,0
Chile,"Women making their own informed decisions regarding sexual relations, contraceptive use and reproductive health care (% of women age 15-49)",SG.DMK.SRCR.FN.ZS,0,25,0
Chile,Women's share of population ages 15+ living with HIV (%),SH.DYN.AIDS.FE.ZS,0,25,0
Chile,"Contraceptive prevalence, any method (% of married women ages 15-49)",SP.DYN.CONU.ZS,0,25,0
Chile,Coverage of social insurance programs (% of population),per_si_allsi.cov_pop_tot,0,25,0
Chile,Coverage of social safety net programs (% of population),per_sa_allsa.cov_pop_tot,0,25,0
Chile,Demand for family planning satisfied by modern methods (% of married women with demand for family planning),SH.FPL.SATM.ZS,0,25,0
Chile,Diabetes prevalence (% of population ages 20 to 79),SH.STA.DIAB.ZS,0,25,0
Chile,"Life expectancy at birth, total (years)",SP.DYN.LE00.IN,0,25,0
Chile,"Life expectancy at birth, female (years)",SP.DYN.LE00.FE.IN,0,25,0
Chile,"Life expectancy at birth, male (years)",SP.DYN.LE00.MA.IN,0,25,0
Chile,"Nurses and midwives (per 1,000 people)",SH.MED.NUMW.P3,0,25,0
Chile,Prevalence of anemia among women of reproductive age (% of women ages 15-49),SH.ANM.ALLW.ZS,0,25,0
Chile,Prevalence of anemia among pregnant women (%),SH.PRG.ANEM,0,25,0
Chile,"Prevalence of HIV, female (% ages 15-24)",SH.HIV.1524.FE.ZS,0,25,0
Chile,"Prevalence of HIV, male (% ages 15-24)",SH.HIV.1524.MA.ZS,0,25,0
Chile,"Prevalence of HIV, total (% of population ages 15-49)",SH.DYN.AIDS.ZS,0,25,0
China,Adjusted net national income (current US$),NY.ADJ.NNTY.CD,0,25,0
China,"Adolescent fertility rate (births per 1,000 women ages 15-19)",SP.ADO.TFRT,0,25,0
China,Gross savings (% of GDP),NY.GNS.ICTR.ZS,0,25,0
China,"Inflation, consumer prices (annual %)",FP.CPI.TOTL.ZG,0,25,0
China,"Labor force participation rate, female (% of female population ages 15+) (national estimate)",SL.TLF.CACT.FE.NE.ZS,0,25,0
China,"Population, female",SP.POP.TOTL.FE.IN,0,25,0
China,"Population, female (% of total population)",SP.POP.TOTL.FE.ZS,0,25,0
China,"Population, male",SP.POP.TOTL.MA.IN,0,25,0
China,"Population, male (% of total population)",SP.POP.TOTL.MA.ZS,0,25,0
China,Ratio of female to male labor force participation rate (%) (national estimate),SL.TLF.CACT.FM.NE.ZS,0,25,0
China,"Unemployment, youth female (% of female labor force ages 15-24) (national estimate)",SL.UEM.1524.FE.NE.ZS,0,25,0
China,Wanted fertility rate (births per woman),SP.DYN.WFRT,0,25,0
China,"Women making their own informed decisions regarding sexual relations, contraceptive use and reproductive health care (% of women age 15-49)",SG.DMK.SRCR.FN.ZS,0,25,0
China,Women's share of population ages 15+ living with HIV (%),SH.DYN.AIDS.FE.ZS,0,25,0
China,"Contraceptive prevalence, any method (% of married women ages 15-49)",SP.DYN.CONU.ZS,0,25,0
China,Coverage of social insurance programs (% of population),per_si_allsi.cov_pop_tot,0,25,0
China,Coverage of social safety net programs (% of population),per_sa_allsa.cov_pop_tot,0,25,0
China,Demand for family planning satisfied by modern methods (% of married women with demand for family planning),SH.FPL.SATM.ZS,0,25,0
China,Diabetes prevalence (% of population ages 20 to 79),SH.STA.DIAB.ZS,0,25,0
China,"Life expectancy at birth, total (years)",SP.DYN.LE00.IN,0,25,0
China,"Life expectancy at birth, female (years)",SP.DYN.LE00.FE.IN,0,25,0
China,"Life expectancy at birth, male (years)",SP.DYN.LE00.MA.IN,0,25,0
China,"Nurses and midwives (per 1,000 people)",SH.MED.NUMW.P3,0,25,0
China,Prevalence of anemia among women of reproductive age (% of women ages 15-49),SH.ANM.ALLW.ZS,0,25,0
China,Prevalence of anemia among pregnant women (%),SH.PRG.ANEM,0,25,0
China,"Prevalence of HIV, female (% ages 15-24)",SH.HIV.1524.FE.ZS,0,25,0
China,"Prevalence of HIV, male (% ages 15-24)",SH.HIV.1524.MA.ZS,0,25,0
China,"Prevalence of HIV, total (% of population ages 15-49)",SH.DYN.AIDS.ZS,0,25,0
Colombia,Adjusted net national income (current US$),NY.ADJ.NNTY.CD,0,25,0
Colombia,"Adolescent fertility rate (births per 1,000 women ages 15-19)",SP.ADO.TFRT,0,25,0
Colombia,Gross savings (% of GDP),NY.GNS.ICTR.ZS,0,25,0
Colombia,"Inflation, consumer prices (annual %)",FP.CPI.TOTL.ZG,0,25,0
Colombia,"Labor force participation rate, female (% of female population ages 15+) (national estimate)",SL.TLF.CACT.FE.NE.ZS,0,25,0
Colombia,"Population, female",SP.POP.TOTL.FE.IN,0,25,0
Colombia,"Population, female (% of total population)",SP.POP.TOTL.FE.ZS,0,25,0
Colombia,"Population, male",SP.POP.TOTL.MA.IN,0,25,0
Colombia,"Population, male (% of total population)",SP.POP.TOTL.MA.ZS,0,25,0
Colombia,Ratio of female to male labor force participation rate (%) (national estimate),SL.TLF.CACT.FM.NE.ZS,0,25,0
Colombia,"Unemployment, youth female (% of female labor force ages 15-24) (national estimate)",SL.UEM.1524.FE.NE.ZS,0,25,0
Colombia,Wanted fertility rate (births per woman),SP.DYN.WFRT,0,25,0
Colombia,"Women making their own informed decisions regarding sexual relations, contraceptive use and reproductive health care (% of women age 15-49)",SG.DMK.SRCR.FN.ZS,0,25,0
Colombia,Women's share of population ages 15+ living with HIV (%),SH.DYN.AIDS.FE.ZS,0,25,0
Colombia,"Contraceptive prevalence, any method (% of married women ages 15-49)",SP.DYN.CONU.ZS,0,25,0
Colombia,Coverage of social insurance programs (% of population),per_si_allsi.cov_pop_tot,0,25,0
Colombia,Coverage of social safety net programs (% of population),per_sa_allsa.cov_pop_tot,0,25,0
Colombia,Demand for family planning satisfied by modern methods (% of married women with demand for family planning),SH.FPL.SATM.ZS,0,25,0
Colombia,Diabetes prevalence (% of population ages 20 to 79),SH.STA.DIAB.ZS,0,25,0
Colombia,"Life expectancy at birth, total (years)",SP.DYN.LE00.IN,0,25,0
Colombia,"Life expectancy at birth, female (years)",SP.DYN.LE00.FE.IN,0,25,0
Colombia,"Life expectancy at birth, male (years)",SP.DYN.LE00.MA.IN,0,25,0
Colombia,"Nurses and midwives (per 1,000 people)",SH.MED.NUMW.P3,0,25,0
Colombia,Prevalence of anemia among women of reproductive age (% of women ages 15-49),SH.ANM.ALLW.ZS,0,25,0
Colombia,Prevalence of anemia among pregnant women (%),SH.PRG.ANEM,0,25,0
Colombia,"Prevalence of HIV, female (% ages 15-24)",SH.HIV.1524.FE.ZS,0,25,0
Colombia,"Prevalence of HIV, male (% ages 15-24)",SH.HIV.1524.MA.ZS,0,25,0
Colombia,"Prevalence of HIV, total (% of population ages 15-49)",SH.DYN.AIDS.ZS,0,25,0
Comoros,Adjusted net national income (current US$),NY.ADJ.NNTY.CD,0,25,0
Comoros,"Adolescent fertility rate (births per 1,000 women ages 15-19)",SP.ADO.TFRT,0,25,0
Comoros,Gross savings (% of GDP),NY.GNS.ICTR.ZS,0,25,0
Comoros,"Inflation, consumer prices (annual %)",FP.CPI.TOTL.ZG,0,25,0
Comoros,"Labor force participation rate, female (% of female population ages 15+) (national estimate)",SL.TLF.CACT.FE.NE.ZS,0,25,0
Comoros,"Population, female",SP.POP.TOTL.FE.IN,0,25,0
Comoros,"Population, female (% of total population)",SP.POP.TOTL.FE.ZS,0,25,0
Comoros,"Population, male",SP.POP.TOTL.MA.IN,0,25,0
Comoros,"Population, male (% of total population)",SP.POP.TOTL.MA.ZS,0,25,0
Comoros,Ratio of female to male labor force participation rate (%) (national estimate),SL.TLF.CACT.FM.NE.ZS,0,25,0
Comoros,"Unemployment, youth female (% of female labor force ages 15-24) (national estimate)",SL.UEM.1524.FE.NE.ZS,0,25,0
Comoros,Wanted fertility rate (births per woman),SP.DYN.WFRT,0,25,0
Comoros,"Women making their own informed decisions regarding sexual relations, contraceptive use and reproductive health care (% of women age 15-49)",SG.DMK.SRCR.FN.ZS,0,25,0
Comoros,Women's share of population ages 15+ living with HIV (%),SH.DYN.AIDS.FE.ZS,0,25,0
Comoros,"Contraceptive prevalence, any method (% of married women ages 15-49)",SP.DYN.CONU.ZS,0,25,0
Comoros,Coverage of social insurance programs (% of population),per_si_allsi.cov_pop_tot,0,25,0
Comoros,Coverage of social safety net programs (% of population),per_sa_allsa.cov_pop_tot,0,25,0
Comoros,Demand for family planning satisfied by modern methods (% of married women with demand for family planning),SH.FPL.SATM.ZS,0,25,0
Comoros,Diabetes prevalence (% of population ages 20 to 79),SH.STA.DIAB.ZS,0,25,0
Comoros,"Life expectancy at birth, total (years)",SP.DYN.LE00.IN,0,25,0
Comoros,"Life expectancy at birth, female (years)",SP.DYN.LE00.FE.IN,0,25,0
Comoros,"Life expectancy at birth, male (years)",SP.DYN.LE00.MA.IN,0,25,0
Comoros,"Nurses and midwives (per 1,000 people)",SH.MED.NUMW.P3,0,25,0
Comoros,Prevalence of anemia among women of reproductive age (% of women ages 15-49),SH.ANM.ALLW.ZS,0,25,0
Comoros,Prevalence of anemia among pregnant women (%),SH.PRG.ANEM,0,25,0
Comoros,"Prevalence of HIV, female (% ages 15-24)",SH.HIV.1524.FE.ZS,0,25,0
Comoros,"Prevalence of HIV, male (% ages 15-24)",SH.HIV.1524.MA.ZS,0,25,0
Comoros,"Prevalence of HIV, total (% of population ages 15-49)",SH.DYN.AIDS.ZS,0,25,0
"Congo, Dem. Rep.",Adjusted net national income (current US$),NY.ADJ.NNTY.CD,0,25,0
"Congo, Dem. Rep.","Adolescent fertility rate (births per 1,000 women ages 15-19)",SP.ADO.TFRT,0,25,0
"Congo, Dem. Rep.",Gross savings (% of GDP),NY.GNS.ICTR.ZS,0,25,0
"Congo, Dem. Rep.","Inflation, consumer prices (annual %)",FP.CPI.TOTL.ZG,0,25,0
"Congo, Dem. Rep.","Labor force participation rate, female (% of female population ages 15+) (national estimate)",SL.TLF.CACT.FE.NE.ZS,0,25,0
"Congo, Dem. Rep.","Population, female",SP.POP.TOTL.FE.IN,0,25,0
"Congo, Dem. Rep.","Population, female (% of total population)",SP.POP.TOTL.FE.ZS,0,25,0
"Congo, Dem. Rep.","Population, male",SP.POP.TOTL.MA.IN,0,25,0
"Congo, Dem. Rep.","Population, male (% of total population)",SP.POP.TOTL.MA.ZS,0,25,0
"Congo, Dem. Rep.",Ratio of female to male labor force participation rate (%) (national estimate),SL.TLF.CACT.FM.NE.ZS,0,25,0
"Congo, Dem. Rep.","Unemployment, youth female (% of female labor force ages 15-24) (national estimate)",SL.UEM.1524.FE.NE.ZS,0,25,0
"Congo, Dem. Rep.",Wanted fertility rate (births per woman),SP.DYN.WFRT,0,25,0
"Congo, Dem. Rep.","Women making their own informed decisions regarding sexual relations, contraceptive use and reproductive health care (% of women age 15-49)",SG.DMK.SRCR.FN.ZS,0,25,0
"Congo, Dem. Rep.",Women's share of population ages 15+ living with HIV (%),SH.DYN.AIDS.FE.ZS,0,25,0
"Congo, Dem. Rep.","Contraceptive prevalence, any method (% of married women ages 15-49)",SP.DYN.CONU.ZS,0,25,0
"Congo, Dem. Rep.",Coverage of social insurance programs (% of population),per_si_allsi.cov_pop_tot,0,25,0
"Congo, Dem. Rep.",Coverage of social safety net programs (% of population),per_sa_allsa.cov_pop_tot,0,25,0
"Congo, Dem. Rep.",Demand for family planning satisfied by modern methods (% of married women with demand for family planning),SH.FPL.SATM.ZS,0,25,0
"Congo, Dem. Rep.",Diabetes prevalence (% of population ages 20 to 79),SH.STA.DIAB.ZS,0,25,0
"Congo, Dem. Rep.","Life expectancy at birth, total (years)",SP.DYN.LE00.IN,0,25,0
"Congo, Dem. Rep.","Life expectancy at birth, female (years)",SP.DYN.LE00.FE.IN,0,25,0
"Congo, Dem. Rep.","Life expectancy at birth, male (years)",SP.DYN.LE00.MA.IN,0,25,0
"Congo, Dem. Rep.","Nurses and midwives (per 1,000 people)",SH.MED.NUMW.P3,0,25,0
"Congo, Dem. Rep.",Prevalence of anemia among women of reproductive age (% of women ages 15-49),SH.ANM.ALLW.ZS,0,25,0
"Congo, Dem. Rep.",Prevalence of anemia among pregnant women (%),SH.PRG.ANEM,0,25,0
"Congo, Dem. Rep.","Prevalence of HIV, female (% ages 15-24)",SH.HIV.1524.FE.ZS,0,25,0
"Congo, Dem. Rep.","Prevalence of HIV, male (% ages 15-24)",SH.HIV.1524.MA.ZS,0,25,0
"Congo, Dem. Rep.","Prevalence of HIV, total (% of population ages 15-49)",SH.DYN.AIDS.ZS,0,25,0
"Congo, Rep.",Adjusted net national income (current US$),NY.ADJ.NNTY.CD,0,25,0
"Congo, Rep.","Adolescent fertility rate (births per 1,000 women ages 15-19)",SP.ADO.TFRT,0,25,0
"Congo, Rep.",Gross savings (% of GDP),NY.GNS.ICTR.ZS,0,25,0
"Congo, Rep.","Inflation, consumer prices (annual %)",FP.CPI.TOTL.ZG,0,25,0
"Congo, Rep.","Labor force participation rate, female (% of female population ages 15+) (national estimate)",SL.TLF.CACT.FE.NE.ZS,0,25,0
"Congo, Rep.","Population, female",SP.POP.TOTL.FE.IN,0,25,0
"Congo, Rep.","Population, female (% of total population)",SP.POP.TOTL.FE.ZS,0,25,0
"Congo, Rep.","Population, male",SP.POP.TOTL.MA.IN,0,25,0
"Congo, Rep.","Population, male (% of total population)",SP.POP.TOTL.MA.ZS,0,25,0
"Congo, Rep.",Ratio of female to male labor force participation rate (%) (national estimate),SL.TLF.CACT.FM.NE.ZS,0,25,0
"Congo, Rep.","Unemployment, youth female (% of female labor force ages 15-24) (national estimate)",SL.UEM.1524.FE.NE.ZS,0,25,0
"Congo, Rep.",Wanted fertility rate (births per woman),SP.DYN.WFRT,0,25,0
"Congo, Rep.","Women making their own informed decisions regarding sexual relations, contraceptive use and reproductive health care (% of women age 15-49)",SG.DMK.SRCR.FN.ZS,0,25,0
"Congo, Rep.",Women's share of population ages 15+ living with HIV (%),SH.DYN.AIDS.FE.ZS,0,25,0
"Congo, Rep.","Contraceptive prevalence, any method (% of married women ages 15-49)",SP.DYN.CONU.ZS,0,25,0
"Congo, Rep.",Coverage of social insurance programs (% of population),per_si_allsi.cov_pop_tot,0,25,0
"Congo, Rep.",Coverage of social safety net programs (% of population),per_sa_allsa.cov_pop_tot,0,25,0
"Congo, Rep.",Demand for family planning satisfied by modern methods (% of married women with demand for family planning),SH.FPL.SATM.ZS,0,25,0
"Congo, Rep.",Diabetes prevalence (% of population ages 20 to 79),SH.STA.DIAB.ZS,0,25,0
"Congo, Rep.","Life expectancy at birth, total (years)",SP.DYN.LE00.IN,0,25,0
"Congo, Rep.","Life expectancy at birth, female (years)",SP.DYN.LE00.FE.IN,0,25,0
"Congo, Rep.","Life expectancy at birth, male (years)",SP.DYN.LE00.MA.IN,0,25,0
"Congo, Rep.","Nurses and midwives (per 1,000 people)",SH.MED.NUMW.P3,0,25,0
"Congo, Rep.",Prevalence of anemia among women of reproductive age (% of women ages 15-49),SH.ANM.ALLW.ZS,0,25,0
"Congo, Rep.",Prevalence of anemia among pregnant women (%),SH.PRG.ANEM,0,25,0
"Congo, Rep.","Prevalence of HIV, female (% ages 15-24)",SH.HIV.1524.FE.ZS,0,25,0
"Congo, Rep.","Prevalence of HIV, male (% ages 15-24)",SH.HIV.1524.MA.ZS,0,25,0
"Congo, Rep.","Prevalence of HIV, total (% of population ages 15-49)",SH.DYN.AIDS.ZS,0,25,0
Costa Rica,Adjusted net national income (current US$),NY.ADJ.NNTY.CD,0,25,0
Costa Rica,"Adolescent fertility rate (births per 1,000 women ages 15-19)",SP.ADO.TFRT,0,25,0
Costa Rica,Gross savings (% of GDP),NY.GNS.ICTR.ZS,0,25,0
Costa Rica,"Inflation, consumer prices (annual %)",FP.CPI.TOTL.ZG,0,25,0
Costa Rica,"Labor force participation rate, female (% of female population ages 15+) (national estimate)",SL.TLF.CACT.FE.NE.ZS,0,25,0
Costa Rica,"Population, female",SP.POP.TOTL.FE.IN,0,25,0
Costa Rica,"Population, female (% of total population)",SP.POP.TOTL.FE.ZS,0,25,0
Costa Rica,"Population, male",SP.POP.TOTL.MA.IN,0,25,0
Costa Rica,"Population, male (% of total population)",SP.POP.TOTL.MA.ZS,0,25,0
Costa Rica,Ratio of female to male labor force participation rate (%) (national estimate),SL.TLF.CACT.FM.NE.ZS,0,25,0
Costa Rica,"Unemployment, youth female (% of female labor force ages 15-24) (national estimate)",SL.UEM.1524.FE.NE.ZS,0,25,0
Costa Rica,Wanted fertility rate (births per woman),SP.DYN.WFRT,0,25,0
Costa Rica,"Women making their own informed decisions regarding sexual relations, contraceptive use and reproductive health care (% of women age 15-49)",SG.DMK.SRCR.FN.ZS,0,25,0
Costa Rica,Women's share of population ages 15+ living with HIV (%),SH.DYN.AIDS.FE.ZS,0,25,0
Costa Rica,"Contraceptive prevalence, any method (% of married women ages 15-49)",SP.DYN.CONU.ZS,0,25,0
Costa Rica,Coverage of social insurance programs (% of population),per_si_allsi.cov_pop_tot,0,25,0
Costa Rica,Coverage of social safety net programs (% of population),per_sa_allsa.cov_pop_tot,0,25,0
Costa Rica,Demand for family planning satisfied by modern methods (% of married women with demand for family planning),SH.FPL.SATM.ZS,0,25,0
Costa Rica,Diabetes prevalence (% of population ages 20 to 79),SH.STA.DIAB.ZS,0,25,0
Costa Rica,"Life expectancy at birth, total (years)",SP.DYN.LE00.IN,0,25,0
Costa Rica,"Life expectancy at birth, female (years)",SP.DYN.LE00.FE.IN,0,25,0
Costa Rica,"Life expectancy at birth, male (years)",SP.DYN.LE00.MA.IN,0,25,0
Costa Rica,"Nurses and midwives (per 1,000 people)",SH.MED.NUMW.P3,0,25,0
Costa Rica,Prevalence of anemia among women of reproductive age (% of women ages 15-49),SH.ANM.ALLW.ZS,0,25,0
Costa Rica,Prevalence of anemia among pregnant women (%),SH.PRG.ANEM,0,25,0
Costa Rica,"Prevalence of HIV, female (% ages 15-24)",SH.HIV.1524.FE.ZS,0,25,0
Costa Rica,"Prevalence of HIV, male (% ages 15-24)",SH.HIV.1524.MA.ZS,0,25,0
Costa Rica,"Prevalence of HIV, total (% of population ages 15-49)",SH.DYN.AIDS.ZS,0,25,0
Cote d'Ivoire,Adjusted net national income (current US$),NY.ADJ.NNTY.CD,0,25,0
Cote d'Ivoire,"Adolescent fertility rate (births per 1,000 women ages 15-19)",SP.ADO.TFRT,0,25,0
Cote d'Ivoire,Gross savings (% of GDP),NY.GNS.ICTR.ZS,0,25,0
Cote d'Ivoire,"Inflation, consumer prices (annual %)",FP.CPI.TOTL.ZG,0,25,0
Cote d'Ivoire,"Labor force participation rate, female (% of female population ages 15+) (national estimate)",SL.TLF.CACT.FE.NE.ZS,0,25,0
Cote d'Ivoire,"Population, female",SP.POP.TOTL.FE.IN,0,25,0
Cote d'Ivoire,"Population, female (% of total population)",SP.POP.TOTL.FE.ZS,0,25,0
Cote d'Ivoire,"Population, male",SP.POP.TOTL.MA.IN,0,25,0
Cote d'Ivoire,"Population, male (% of total population)",SP.POP.TOTL.MA.ZS,0,25,0
Cote d'Ivoire,Ratio of female to male labor force participation rate (%) (national estimate),SL.TLF.CACT.FM.NE.ZS,0,25,0
Cote d'Ivoire,"Unemployment, youth female (% of female labor force ages 15-24) (national estimate)",SL.UEM.1524.FE.NE.ZS,0,25,0
Cote d'Ivoire,Wanted fertility rate (births per woman),SP.DYN.WFRT,0,25,0
Cote d'Ivoire,"Women making their own informed decisions regarding sexual relations, contraceptive use and reproductive health care (% of women age 15-49)",SG.DMK.SRCR.FN.ZS,0,25,0
Cote d'Ivoire,Women's share of population ages 15+ living with HIV (%),SH.DYN.AIDS.FE.ZS,0,25,0
Cote d'Ivoire,"Contraceptive prevalence, any method (% of married women ages 15-49)",SP.DYN.CONU.ZS,0,25,0
Cote d'Ivoire,Coverage of social insurance programs (% of population),per_si_allsi.cov_pop_tot,0,25,0
Cote d'Ivoire,Coverage of social safety net programs (% of population),per_sa_allsa.cov_pop_tot,0,25,0
Cote d'Ivoire,Demand for family planning satisfied by modern methods (% of married women with demand for family planning),SH.FPL.SATM.ZS,0,25,0
Cote d'Ivoire,Diabetes prevalence (% of population ages 20 to 79),SH.STA.DIAB.ZS,0,25,0
Cote d'Ivoire,"Life expectancy at birth, total (years)",SP.DYN.LE00.IN,0,25,0
Cote d'Ivoire,"Life expectancy at birth, female (years)",SP.DYN.LE00.FE.IN,0,25,0
Cote d'Ivoire,"Life expectancy at birth, male (years)",SP.DYN.LE00.MA.IN,0,25,0
Cote d'Ivoire,"Nurses and midwives (per 1,000 people)",SH.MED.NUMW.P3,0,25,0
Cote d'Ivoire,Prevalence of anemia among women of reproductive age (% of women ages 15-49),SH.ANM.ALLW.ZS,0,25,0
Cote d'Ivoire,Prevalence of anemia among pregnant women (%),SH.PRG.ANEM,0,25,0
Cote d'Ivoire,"Prevalence of HIV, female (% ages 15-24)",SH.HIV.1524.FE.ZS,0,25,0
Cote d'Ivoire,"Prevalence of HIV, male (% ages 15-24)",SH.HIV.1524.MA.ZS,0,25,0
Cote d'Ivoire,"Prevalence of HIV, total (% of population ages 15-49)",SH.DYN.AIDS.ZS,0,25,0
Croatia,Adjusted net national income (current US$),NY.ADJ.NNTY.CD,0,25,0
Croatia,"Adolescent fertility rate (births per 1,000 women ages 15-19)",SP.ADO.TFRT,0,25,0
Croatia,Gross savings (% of GDP),NY.GNS.ICTR.ZS,0,25,0
Croatia,"Inflation, consumer prices (annual %)",FP.CPI.TOTL.ZG,0,25,0
Croatia,"Labor force participation rate, female (% of female population ages 15+) (national estimate)",SL.TLF.CACT.FE.NE.ZS,0,25,0
Croatia,"Population, female",SP.POP.TOTL.FE.IN,0,25,0
Croatia,"Population, female (% of total population)",SP.POP.TOTL.FE.ZS,0,25,0
Croatia,"Population, male",SP.POP.TOTL.MA.IN,0,25,0
Croatia,"Population, male (% of total population)",SP.POP.TOTL.MA.ZS,0,25,0
Croatia,Ratio of female to male labor force participation rate (%) (national estimate),SL.TLF.CACT.FM.NE.ZS,0,25,0
Croatia,"Unemployment, youth female (% of female labor force ages 15-24) (national estimate)",SL.UEM.1524.FE.NE.ZS,0,25,0
Croatia,Wanted fertility rate (births per woman),SP.DYN.WFRT,0,25,0
Croatia,"Women making their own informed decisions regarding sexual relations, contraceptive use and reproductive health care (% of women age 15-49)",SG.DMK.SRCR.FN.ZS,0,25,0
Croatia,Women's share of population ages 15+ living with HIV (%),SH.DYN.AIDS.FE.ZS,0,25,0
Croatia,"Contraceptive prevalence, any method (% of married women ages 15-49)",SP.DYN.CONU.ZS,0,25,0
Croatia,Coverage of social insurance programs (% of population),per_si_allsi.cov_pop_tot,0,25,0
Croatia,Coverage of social safety net programs (% of population),per_sa_allsa.cov_pop_tot,0,25,0
Croatia,Demand for family planning satisfied by modern methods (% of married women with demand for family planning),SH.FPL.SATM.ZS,0,25,0
Croatia,Diabetes prevalence (% of population ages 20 to 79),SH.STA.DIAB.ZS,0,25,0
Croatia,"Life expectancy at birth, total (years)",SP.DYN.LE00.IN,0,25,0
Croatia,"Life expectancy at birth, female (years)",SP.DYN.LE00.FE.IN,0,25,0
Croatia,"Life expectancy at birth, male (years)",SP.DYN.LE00.MA.IN,0,25,0
Croatia,"Nurses and midwives (per 1,000 people)",SH.MED.NUMW.P3,0,25,0
Croatia,Prevalence of anemia among women of reproductive age (% of women ages 15-49),SH.ANM.ALLW.ZS,0,25,0
Croatia,Prevalence of anemia among pregnant women (%),SH.PRG.ANEM,0,25,0
Croatia,"Prevalence of HIV, female (% ages 15-24)",SH.HIV.1524.FE.ZS,0,25,0
Croatia,"Prevalence of HIV, male (% ages 15-24)",SH.HIV.1524.MA.ZS,0,25,0
Croatia,"Prevalence of HIV, total (% of population ages 15-49)",SH.DYN.AIDS.ZS,0,25,0
Cuba,Adjusted net national income (current US$),NY.ADJ.NNTY.CD,0,25,0
Cuba,"Adolescent fertility rate (births per 1,000 women ages 15-19)",SP.ADO.TFRT,0,25,0
Cuba,Gross savings (% of GDP),NY.GNS.ICTR.ZS,0,25,0
Cuba,"Inflation, consumer prices (annual %)",FP.CPI.TOTL.ZG,0,25,0
Cuba,"Labor force participation rate, female (% of female population ages 15+) (national estimate)",SL.TLF.CACT.FE.NE.ZS,0,25,0
Cuba,"Population, female",SP.POP.TOTL.FE.IN,0,25,0
Cuba,"Population, female (% of total population)",SP.POP.TOTL.FE.ZS,0,25,0
Cuba,"Population, male",SP.POP.TOTL.MA.IN,0,25,0
Cuba,"Population, male (% of total population)",SP.POP.TOTL.MA.ZS,0,25,0
Cuba,Ratio of female to male labor force participation rate (%) (national estimate),SL.TLF.CACT.FM.NE.ZS,0,25,0
Cuba,"Unemployment, youth female (% of female labor force ages 15-24) (national estimate)",SL.UEM.1524.FE.NE.ZS,0,25,0
Cuba,Wanted fertility rate (births per woman),SP.DYN.WFRT,0,25,0
Cuba,"Women making their own informed decisions regarding sexual relations, contraceptive use and reproductive health care (% of women age 15-49)",SG.DMK.SRCR.FN.ZS,0,25,0
Cuba,Women's share of population ages 15+ living with HIV (%),SH.DYN.AIDS.FE.ZS,0,25,0
Cuba,"Contraceptive prevalence, any method (% of married women ages 15-49)",SP.DYN.CONU.ZS,0,25,0
Cuba,Coverage of social insurance programs (% of population),per_si_allsi.cov_pop_tot,0,25,0
Cuba,Coverage of social safety net programs (% of population),per_sa_allsa.cov_pop_tot,0,25,0
Cuba,Demand for family planning satisfied by modern methods (% of married women with demand for family planning),SH.FPL.SATM.ZS,0,25,0
Cuba,Diabetes prevalence (% of population ages 20 to 79),SH.STA.DIAB.ZS,0,25,0
Cuba,"Life expectancy at birth, total (years)",SP.DYN.LE00.IN,0,25,0
Cuba,"Life expectancy at birth, female (years)",SP.DYN.LE00.FE.IN,0,25,0
Cuba,"Life expectancy at birth, male (years)",SP.DYN.LE00.MA.IN,0,25,0
Cuba,"Nurses and midwives (per 1,000 people)",SH.MED.NUMW.P3,0,25,0
Cuba,Prevalence of anemia among women of reproductive age (% of women ages 15-49),SH.ANM.ALLW.ZS,0,25,0
Cuba,Prevalence of anemia among pregnant women (%),SH.PRG.ANEM,0,25,0
Cuba,"Prevalence of HIV, female (% ages 15-24)",SH.HIV.1524.FE.ZS,0,25,0
Cuba,"Prevalence of HIV, male (% ages 15-24)",SH.HIV.1524.MA.ZS,0,25,0
Cuba,"Prevalence of HIV, total (% of population ages 15-49)",SH.DYN.AIDS.ZS,0,25,0
Curacao,Adjusted net national income (current US$),NY.ADJ.NNTY.CD,0,25,0
Curacao,"Adolescent fertility rate (births per 1,000 women ages 15-19)",SP.ADO.TFRT,0,25,0
Curacao,Gross savings (% of GDP),NY.GNS.ICTR.ZS,0,25,0
Curacao,"Inflation, consumer prices (annual %)",FP.CPI.TOTL.ZG,0,25,0
Curacao,"Labor force participation rate, female (% of female population ages 15+) (national estimate)",SL.TLF.CACT.FE.NE.ZS,0,25,0
Curacao,"Population, female",SP.POP.TOTL.FE.IN,0,25,0
Curacao,"Population, female (% of total population)",SP.POP.TOTL.FE.ZS,0,25,0
Curacao,"Population, male",SP.POP.TOTL.MA.IN,0,25,0
Curacao,"Population, male (% of total population)",SP.POP.TOTL.MA.ZS,0,25,0
Curacao,Ratio of female to male labor force participation rate (%) (national estimate),SL.TLF.CACT.FM.NE.ZS,0,25,0
Curacao,"Unemployment, youth female (% of female labor force ages 15-24) (national estimate)",SL.UEM.1524.FE.NE.ZS,0,25,0
Curacao,Wanted fertility rate (births per woman),SP.DYN.WFRT,0,25,0
Curacao,"Women making their own informed decisions regarding sexual relations, contraceptive use and reproductive health care (% of women age 15-49)",SG.DMK.SRCR.FN.ZS,0,25,0
Curacao,Women's share of population ages 15+ living with HIV (%),SH.DYN.AIDS.FE.ZS,0,25,0
Curacao,"Contraceptive prevalence, any method (% of married women ages 15-49)",SP.DYN.CONU.ZS,0,25,0
Curacao,Coverage of social insurance programs (% of population),per_si_allsi.cov_pop_tot,0,25,0
Curacao,Coverage of social safety net programs (% of population),per_sa_allsa.cov_pop_tot,0,25,0
Curacao,Demand for family planning satisfied by modern methods (% of married women with demand for family planning),SH.FPL.SATM.ZS,0,25,0
Curacao,Diabetes prevalence (% of population ages 20 to 79),SH.STA.DIAB.ZS,0,25,0
Curacao,"Life expectancy at birth, total (years)",SP.DYN.LE00.IN,0,25,0
Curacao,"Life expectancy at birth, female (years)",SP.DYN.LE00.FE.IN,0,25,0
Curacao,"Life expectancy at birth, male (years)",SP.DYN.LE00.MA.IN,0,25,0
Curacao,"Nurses and midwives (per 1,000 people)",SH.MED.NUMW.P3,0,25,0
Curacao,Prevalence of anemia among women of reproductive age (% of women ages 15-49),SH.ANM.ALLW.ZS,0,25,0
Curacao,Prevalence of anemia among pregnant women (%),SH.PRG.ANEM,0,25,0
Curacao,"Prevalence of HIV, female (% ages 15-24)",SH.HIV.1524.FE.ZS,0,25,0
Curacao,"Prevalence of HIV, male (% ages 15-24)",SH.HIV.1524.MA.ZS,0,25,0
Curacao,"Prevalence of HIV, total (% of population ages 15-49)",SH.DYN.AIDS.ZS,0,25,0
Cyprus,Adjusted net national income (current US$),NY.ADJ.NNTY.CD,0,25,0
Cyprus,"Adolescent fertility rate (births per 1,000 women ages 15-19)",SP.ADO.TFRT,0,25,0
Cyprus,Gross savings (% of GDP),NY.GNS.ICTR.ZS,0,25,0
Cyprus,"Inflation, consumer prices (annual %)",FP.CPI.TOTL.ZG,0,25,0
Cyprus,"Labor force participation rate, female (% of female population ages 15+) (national estimate)",SL.TLF.CACT.FE.NE.ZS,0,25,0
Cyprus,"Population, female",SP.POP.TOTL.FE.IN,0,25,0
Cyprus,"Population, female (% of total population)",SP.POP.TOTL.FE.ZS,0,25,0
Cyprus,"Population, male",SP.POP.TOTL.MA.IN,0,25,0
Cyprus,"Population, male (% of total population)",SP.POP.TOTL.MA.ZS,0,25,0
Cyprus,Ratio of female to male labor force participation rate (%) (national estimate),SL.TLF.CACT.FM.NE.ZS,0,25,0
Cyprus,"Unemployment, youth female (% of female labor force ages 15-24) (national estimate)",SL.UEM.1524.FE.NE.ZS,0,25,0
Cyprus,Wanted fertility rate (births per woman),SP.DYN.WFRT,0,25,0
Cyprus,"Women making their own informed decisions regarding sexual relations, contraceptive use and reproductive health care (% of women age 15-49)",SG.DMK.SRCR.FN.ZS,0,25,0
Cyprus,Women's share of population ages 15+ living with HIV (%),SH.DYN.AIDS.FE.ZS,0,25,0
Cyprus,"Contraceptive prevalence, any method (% of married women ages 15-49)",SP.DYN.CONU.ZS,0,25,0
Cyprus,Coverage of social insurance programs (% of population),per_si_allsi.cov_pop_tot,0,25,0
Cyprus,Coverage of social safety net programs (% of population),per_sa_allsa.cov_pop_tot,0,25,0
Cyprus,Demand for family planning satisfied by modern methods (% of married women with demand for family planning),SH.FPL.SATM.ZS,0,25,0
Cyprus,Diabetes prevalence (% of population ages 20 to 79),SH.STA.DIAB.ZS,0,25,0
Cyprus,"Life expectancy at birth, total (years)",SP.DYN.LE00.IN,0,25,0
Cyprus,"Life expectancy at birth, female (years)",SP.DYN.LE00.FE.IN,0,25,0
Cyprus,"Life expectancy at birth, male (years)",SP.DYN.LE00.MA.IN,0,25,0
Cyprus,"Nurses and midwives (per 1,000 people)",SH.MED.NUMW.P3,0,25,0
Cyprus,Prevalence of anemia among women of reproductive age (% of women ages 15-49),SH.ANM.ALLW.ZS,0,25,0
Cyprus,Prevalence of anemia among pregnant women (%),SH.PRG.ANEM,0,25,0
Cyprus,"Prevalence of HIV, female (% ages 15-24)",SH.HIV.1524.FE.ZS,0,25,0
Cyprus,"Prevalence of HIV, male (% ages 15-24)",SH.HIV.1524.MA.ZS,0,25,0
Cyprus,"Prevalence of HIV, total (% of population ages 15-49)",SH.DYN.AIDS.ZS,0,25,0
Czechia,Adjusted net national income (current US$),NY.ADJ.NNTY.CD,0,25,0
Czechia,"Adolescent fertility rate (births per 1,000 women ages 15-19)",SP.ADO.TFRT,0,25,0
Czechia,Gross savings (% of GDP),NY.GNS.ICTR.ZS,0,25,0
Czechia,"Inflation, consumer prices (annual %)",FP.CPI.TOTL.ZG,0,25,0
Czechia,"Labor force participation rate, female (% of female population ages 15+) (national estimate)",SL.TLF.CACT.FE.NE.ZS,0,25,0
Czechia,"Population, female",SP.POP.TOTL.FE.IN,0,25,0
Czechia,"Population, female (% of total population)",SP.POP.TOTL.FE.ZS,0,25,0
Czechia,"Population, male",SP.POP.TOTL.MA.IN,0,25,0
Czechia,"Population, male (% of total population)",SP.POP.TOTL.MA.ZS,0,25,0
Czechia,Ratio of female to male labor force participation rate (%) (national estimate),SL.TLF.CACT.FM.NE.ZS,0,25,0
Czechia,"Unemployment, youth female (% of female labor force ages 15-24) (national estimate)",SL.UEM.1524.FE.NE.ZS,0,25,0
Czechia,Wanted fertility rate (births per woman),SP.DYN.WFRT,0,25,0
Czechia,"Women making their own informed decisions regarding sexual relations, contraceptive use and reproductive health care (% of women age 15-49)",SG.DMK.SRCR.FN.ZS,0,25,0
Czechia,Women's share of population ages 15+ living with HIV (%),SH.DYN.AIDS.FE.ZS,0,25,0
Czechia,"Contraceptive prevalence, any method (% of married women ages 15-49)",SP.DYN.CONU.ZS,0,25,0
Czechia,Coverage of social insurance programs (% of population),per_si_allsi.cov_pop_tot,0,25,0
Czechia,Coverage of social safety net programs (% of population),per_sa_allsa.cov_pop_tot,0,25,0
Czechia,Demand for family planning satisfied by modern methods (% of married women with demand for family planning),SH.FPL.SATM.ZS,0,25,0
Czechia,Diabetes prevalence (% of population ages 20 to 79),SH.STA.DIAB.ZS,0,25,0
Czechia,"Life expectancy at birth, total (years)",SP.DYN.LE00.IN,0,25,0
Czechia,"Life expectancy at birth, female (years)",SP.DYN.LE00.FE.IN,0,25,0
Czechia,"Life expectancy at birth, male (years)",SP.DYN.LE00.MA.IN,0,25,0
Czechia,"Nurses and midwives (per 1,000 people)",SH.MED.NUMW.P3,0,25,0
Czechia,Prevalence of anemia among women of reproductive age (% of women ages 15-49),SH.ANM.ALLW.ZS,0,25,0
Czechia,Prevalence of anemia among pregnant women (%),SH.PRG.ANEM,0,25,0
Czechia,"Prevalence of HIV, female (% ages 15-24)",SH.HIV.1524.FE.ZS,0,25,0
Czechia,"Prevalence of HIV, male (% ages 15-24)",SH.HIV.1524.MA.ZS,0,25,0
Czechia,"Prevalence of HIV, total (% of population ages 15-49)",SH.DYN.AIDS.ZS,0,25,0
Denmark,Adjusted net national income (current US$),NY.ADJ.NNTY.CD,0,25,0
Denmark,"Adolescent fertility rate (births per 1,000 women ages 15-19)",SP.ADO.TFRT,0,25,0
Denmark,Gross savings (% of GDP),NY.GNS.ICTR.ZS,0,25,0
Denmark,"Inflation, consumer prices (annual %)",FP.CPI.TOTL.ZG,0,25,0
Denmark,"Labor force participation rate, female (% of female population ages 15+) (national estimate)",SL.TLF.CACT.FE.NE.ZS,0,25,0
Denmark,"Population, female",SP.POP.TOTL.FE.IN,0,25,0
Denmark,"Population, female (% of total population)",SP.POP.TOTL.FE.ZS,0,25,0
Denmark,"Population, male",SP.POP.TOTL.MA.IN,0,25,0
Denmark,"Population, male (% of total population)",SP.POP.TOTL.MA.ZS,0,25,0
Denmark,Ratio of female to male labor force participation rate (%) (national estimate),SL.TLF.CACT.FM.NE.ZS,0,25,0
Denmark,"Unemployment, youth female (% of female labor force ages 15-24) (national estimate)",SL.UEM.1524.FE.NE.ZS,0,25,0
Denmark,Wanted fertility rate (births per woman),SP.DYN.WFRT,0,25,0
Denmark,"Women making their own informed decisions regarding sexual relations, contraceptive use and reproductive health care (% of women age 15-49)",SG.DMK.SRCR.FN.ZS,0,25,0
Denmark,Women's share of population ages 15+ living with HIV (%),SH.DYN.AIDS.FE.ZS,0,25,0
Denmark,"Contraceptive prevalence, any method (% of married women ages 15-49)",SP.DYN.CONU.ZS,0,25,0
Denmark,Coverage of social insurance programs (% of population),per_si_allsi.cov_pop_tot,0,25,0
Denmark,Coverage of social safety net programs (% of population),per_sa_allsa.cov_pop_tot,0,25,0
Denmark,Demand for family planning satisfied by modern methods (% of married women with demand for family planning),SH.FPL.SATM.ZS,0,25,0
Denmark,Diabetes prevalence (% of population ages 20 to 79),SH.STA.DIAB.ZS,0,25,0
Denmark,"Life expectancy at birth, total (years)",SP.DYN.LE00.IN,0,25,0
Denmark,"Life expectancy at birth, female (years)",SP.DYN.LE00.FE.IN,0,25,0
Denmark,"Life expectancy at birth, male (years)",SP.DYN.LE00.MA.IN,0,25,0
Denmark,"Nurses and midwives (per 1,000 people)",SH.MED.NUMW.P3,0,25,0
Denmark,Prevalence of anemia among women of reproductive age (% of women ages 15-49),SH.ANM.ALLW.ZS,0,25,0
Denmark,Prevalence of anemia among pregnant women (%),SH.PRG.ANEM,0,25,0
Denmark,"Prevalence of HIV, female (% ages 15-24)",SH.HIV.1524.FE.ZS,0,25,0
Denmark,"Prevalence of HIV, male (% ages 15-24)",SH.HIV.1524.MA.ZS,0,25,0
Denmark,"Prevalence of HIV, total (% of population ages 15-49)",SH.DYN.AIDS.ZS,0,25,0
Djibouti,Adjusted net national income (current US$),NY.ADJ.NNTY.CD,0,25,0
Djibouti,"Adolescent fertility rate (births per 1,000 women ages 15-19)",SP.ADO.TFRT,0,25,0
Djibouti,Gross savings (% of GDP),NY.GNS.ICTR.ZS,0,25,0
Djibouti,"Inflation, consumer prices (annual %)",FP.CPI.TOTL.ZG,0,25,0
Djibouti,"Labor force participation rate, female (% of female population ages 15+) (national estimate)",SL.TLF.CACT.FE.NE.ZS,0,25,0
Djibouti,"Population, female",SP.POP.TOTL.FE.IN,0,25,0
Djibouti,"Population, female (% of total population)",SP.POP.TOTL.FE.ZS,0,25,0
Djibouti,"Population, male",SP.POP.TOTL.MA.IN,0,25,0
Djibouti,"Population, male (% of total population)",SP.POP.TOTL.MA.ZS,0,25,0
Djibouti,Ratio of female to male labor force participation rate (%) (national estimate),SL.TLF.CACT.FM.NE.ZS,0,25,0
Djibouti,"Unemployment, youth female (% of female labor force ages 15-24) (national estimate)",SL.UEM.1524.FE.NE.ZS,0,25,0
Djibouti,Wanted fertility rate (births per woman),SP.DYN.WFRT,0,25,0
Djibouti,"Women making their own informed decisions regarding sexual relations, contraceptive use and reproductive health care (% of women age 15-49)",SG.DMK.SRCR.FN.ZS,0,25,0
Djibouti,Women's share of population ages 15+ living with HIV (%),SH.DYN.AIDS.FE.ZS,0,25,0
Djibouti,"Contraceptive prevalence, any method (% of married women ages 15-49)",SP.DYN.CONU.ZS,0,25,0
Djibouti,Coverage of social insurance programs (% of population),per_si_allsi.cov_pop_tot,0,25,0
Djibouti,Coverage of social safety net programs (% of population),per_sa_allsa.cov_pop_tot,0,25,0
Djibouti,Demand for family planning satisfied by modern methods (% of married women with demand for family planning),SH.FPL.SATM.ZS,0,25,0
Djibouti,Diabetes prevalence (% of population ages 20 to 79),SH.STA.DIAB.ZS,0,25,0
Djibouti,"Life expectancy at birth, total (years)",SP.DYN.LE00.IN,0,25,0
Djibouti,"Life expectancy at birth, female (years)",SP.DYN.LE00.FE.IN,0,25,0
Djibouti,"Life expectancy at birth, male (years)",SP.DYN.LE00.MA.IN,0,25,0
Djibouti,"Nurses and midwives (per 1,000 people)",SH.MED.NUMW.P3,0,25,0
Djibouti,Prevalence of anemia among women of reproductive age (% of women ages 15-49),SH.ANM.ALLW.ZS,0,25,0
Djibouti,Prevalence of anemia among pregnant women (%),SH.PRG.ANEM,0,25,0
Djibouti,"Prevalence of HIV, female (% ages 15-24)",SH.HIV.1524.FE.ZS,0,25,0
Djibouti,"Prevalence of HIV, male (% ages 15-24)",SH.HIV.1524.MA.ZS,0,25,0
Djibouti,"Prevalence of HIV, total (% of population ages 15-49)",SH.DYN.AIDS.ZS,0,25,0
Dominica,Adjusted net national income (current US$),NY.ADJ.NNTY.CD,0,25,0
Dominica,"Adolescent fertility rate (births per 1,000 women ages 15-19)",SP.ADO.TFRT,0,25,0
Dominica,Gross savings (% of GDP),NY.GNS.ICTR.ZS,0,25,0
Dominica,"Inflation, consumer prices (annual %)",FP.CPI.TOTL.ZG,0,25,0
Dominica,"Labor force participation rate, female (% of female population ages 15+) (national estimate)",SL.TLF.CACT.FE.NE.ZS,0,25,0
Dominica,"Population, female",SP.POP.TOTL.FE.IN,0,25,0
Dominica,"Population, female (% of total population)",SP.POP.TOTL.FE.ZS,0,25,0
Dominica,"Population, male",SP.POP.TOTL.MA.IN,0,25,0
Dominica,"Population, male (% of total population)",SP.POP.TOTL.MA.ZS,0,25,0
Dominica,Ratio of female to male labor force participation rate (%) (national estimate),SL.TLF.CACT.FM.NE.ZS,0,25,0
Dominica,"Unemployment, youth female (% of female labor force ages 15-24) (national estimate)",SL.UEM.1524.FE.NE.ZS,0,25,0
Dominica,Wanted fertility rate (births per woman),SP.DYN.WFRT,0,25,0
Dominica,"Women making their own informed decisions regarding sexual relations, contraceptive use and reproductive health care (% of women age 15-49)",SG.DMK.SRCR.FN.ZS,0,25,0
Dominica,Women's share of population ages 15+ living with HIV (%),SH.DYN.AIDS.FE.ZS,0,25,0
Dominica,"Contraceptive prevalence, any method (% of married women ages 15-49)",SP.DYN.CONU.ZS,0,25,0
Dominica,Coverage of social insurance programs (% of population),per_si_allsi.cov_pop_tot,0,25,0
Dominica,Coverage of social safety net programs (% of population),per_sa_allsa.cov_pop_tot,0,25,0
Dominica,Demand for family planning satisfied by modern methods (% of married women with demand for family planning),SH.FPL.SATM.ZS,0,25,0
Dominica,Diabetes prevalence (% of population ages 20 to 79),SH.STA.DIAB.ZS,0,25,0
Dominica,"Life expectancy at birth, total (years)",SP.DYN.LE00.IN,0,25,0
Dominica,"Life expectancy at birth, female (years)",SP.DYN.LE00.FE.IN,0,25,0
Dominica,"Life expectancy at birth, male (years)",SP.DYN.LE00.MA.IN,0,25,0
Dominica,"Nurses and midwives (per 1,000 people)",SH.MED.NUMW.P3,0,25,0
Dominica,Prevalence of anemia among women of reproductive age (% of women ages 15-49),SH.ANM.ALLW.ZS,0,25,0
Dominica,Prevalence of anemia among pregnant women (%),SH.PRG.ANEM,0,25,0
Dominica,"Prevalence of HIV, female (% ages 15-24)",SH.HIV.1524.FE.ZS,0,25,0
Dominica,"Prevalence of HIV, male (% ages 15-24)",SH.HIV.1524.MA.ZS,0,25,0
Dominica,"Prevalence of HIV, total (% of population ages 15-49)",SH.DYN.AIDS.ZS,0,25,0
Dominican Republic,Adjusted net national income (current US$),NY.ADJ.NNTY.CD,0,25,0
Dominican Republic,"Adolescent fertility rate (births per 1,000 women ages 15-19)",SP.ADO.TFRT,0,25,0
Dominican Republic,Gross savings (% of GDP),NY.GNS.ICTR.ZS,0,25,0
Dominican Republic,"Inflation, consumer prices (annual %)",FP.CPI.TOTL.ZG,0,25,0
Dominican Republic,"Labor force participation rate, female (% of female population ages 15+) (national estimate)",SL.TLF.CACT.FE.NE.ZS,0,25,0
Dominican Republic,"Population, female",SP.POP.TOTL.FE.IN,0,25,0
Dominican Republic,"Population, female (% of total population)",SP.POP.TOTL.FE.ZS,0,25,0
Dominican Republic,"Population, male",SP.POP.TOTL.MA.IN,0,25,0
Dominican Republic,"Population, male (% of total population)",SP.POP.TOTL.MA.ZS,0,25,0
Dominican Republic,Ratio of female to male labor force participation rate (%) (national estimate),SL.TLF.CACT.FM.NE.ZS,0,25,0
Dominican Republic,"Unemployment, youth female (% of female labor force ages 15-24) (national estimate)",SL.UEM.1524.FE.NE.ZS,0,25,0
Dominican Republic,Wanted fertility rate (births per woman),SP.DYN.WFRT,0,25,0
Dominican Republic,"Women making their own informed decisions regarding sexual relations, contraceptive use and reproductive health care (% of women age 15-49)",SG.DMK.SRCR.FN.ZS,0,25,0
Dominican Republic,Women's share of population ages 15+ living with HIV (%),SH.DYN.AIDS.FE.ZS,0,25,0
Dominican Republic,"Contraceptive prevalence, any method (% of married women ages 15-49)",SP.DYN.CONU.ZS,0,25,0
Dominican Republic,Coverage of social insurance programs (% of population),per_si_allsi.cov_pop_tot,0,25,0
Dominican Republic,Coverage of social safety net programs (% of population),per_sa_allsa.cov_pop_tot,0,25,0
Dominican Republic,Demand for family planning satisfied by modern methods (% of married women with demand for family planning),SH.FPL.SATM.ZS,0,25,0
Dominican Republic,Diabetes prevalence (% of population ages 20 to 79),SH.STA.DIAB.ZS,0,25,0
Dominican Republic,"Life expectancy at birth, total (years)",SP.DYN.LE00.IN,0,25,0
Dominican Republic,"Life expectancy at birth, female (years)",SP.DYN.LE00.FE.IN,0,25,0
Dominican Republic,"Life expectancy at birth, male (years)",SP.DYN.LE00.MA.IN,0,25,0
Dominican Republic,"Nurses and midwives (per 1,000 people)",SH.MED.NUMW.P3,0,25,0
Dominican Republic,Prevalence of anemia among women of reproductive age (% of women ages 15-49),SH.ANM.ALLW.ZS,0,25,0
Dominican Republic,Prevalence of anemia among pregnant women (%),SH.PRG.ANEM,0,25,0
Dominican Republic,"Prevalence of HIV, female (% ages 15-24)",SH.HIV.1524.FE.ZS,0,25,0
Dominican Republic,"Prevalence of HIV, male (% ages 15-24)",SH.HIV.1524.MA.ZS,0,25,0
Dominican Republic,"Prevalence of HIV, total (% of population ages 15-49)",SH.DYN.AIDS.ZS,0,25,0
Ecuador,Adjusted net national income (current US$),NY.ADJ.NNTY.CD,0,25,0
Ecuador,"Adolescent fertility rate (births per 1,000 women ages 15-19)",SP.ADO.TFRT,0,25,0
Ecuador,Gross savings (% of GDP),NY.GNS.ICTR.ZS,0,25,0
Ecuador,"Inflation, consumer prices (annual %)",FP.CPI.TOTL.ZG,0,25,0
Ecuador,"Labor force participation rate, female (% of female population ages 15+) (national estimate)",SL.TLF.CACT.FE.NE.ZS,0,25,0
Ecuador,"Population, female",SP.POP.TOTL.FE.IN,0,25,0
Ecuador,"Population, female (% of total population)",SP.POP.TOTL.FE.ZS,0,25,0
Ecuador,"Population, male",SP.POP.TOTL.MA.IN,0,25,0
Ecuador,"Population, male (% of total population)",SP.POP.TOTL.MA.ZS,0,25,0
Ecuador,Ratio of female to male labor force participation rate (%) (national estimate),SL.TLF.CACT.FM.NE.ZS,0,25,0
Ecuador,"Unemployment, youth female (% of female labor force ages 15-24) (national estimate)",SL.UEM.1524.FE.NE.ZS,0,25,0
Ecuador,Wanted fertility rate (births per woman),SP.DYN.WFRT,0,25,0
Ecuador,"Women making their own informed decisions regarding sexual relations, contraceptive use and reproductive health care (% of women age 15-49)",SG.DMK.SRCR.FN.ZS,0,25,0
Ecuador,Women's share of population ages 15+ living with HIV (%),SH.DYN.AIDS.FE.ZS,0,25,0
Ecuador,"Contraceptive prevalence, any method (% of married women ages 15-49)",SP.DYN.CONU.ZS,0,25,0
Ecuador,Coverage of social insurance programs (% of population),per_si_allsi.cov_pop_tot,0,25,0
Ecuador,Coverage of social safety net programs (% of population),per_sa_allsa.cov_pop_tot,0,25,0
Ecuador,Demand for family planning satisfied by modern methods (% of married women with demand for family planning),SH.FPL.SATM.ZS,0,25,0
Ecuador,Diabetes prevalence (% of population ages 20 to 79),SH.STA.DIAB.ZS,0,25,0
Ecuador,"Life expectancy at birth, total (years)",SP.DYN.LE00.IN,0,25,0
Ecuador,"Life expectancy at birth, female (years)",SP.DYN.LE00.FE.IN,0,25,0
Ecuador,"Life expectancy at birth, male (years)",SP.DYN.LE00.MA.IN,0,25,0
Ecuador,"Nurses and midwives (per 1,000 people)",SH.MED.NUMW.P3,0,25,0
Ecuador,Prevalence of anemia among women of reproductive age (% of women ages 15-49),SH.ANM.ALLW.ZS,0,25,0
Ecuador,Prevalence of anemia among pregnant women (%),SH.PRG.ANEM,0,25,0
Ecuador,"Prevalence of HIV, female (% ages 15-24)",SH.HIV.1524.FE.ZS,0,25,0
Ecuador,"Prevalence of HIV, male (% ages 15-24)",SH.HIV.1524.MA.ZS,0,25,0
Ecuador,"Prevalence of HIV, total (% of population ages 15-49)",SH.DYN.AIDS.ZS,0,25,0
"Egypt, Arab Rep.",Adjusted net national income (current US$),NY.ADJ.NNTY.CD,0,25,0
"Egypt, Arab Rep.","Adolescent fertility rate (births per 1,000 women ages 15-19)",SP.ADO.TFRT,0,25,0
"Egypt, Arab Rep.",Gross savings (% of GDP),NY.GNS.ICTR.ZS,0,25,0
"Egypt, Arab Rep.","Inflation, consumer prices (annual %)",FP.CPI.TOTL.ZG,0,25,0
"Egypt, Arab Rep.","Labor force participation rate, female (% of female population ages 15+) (national estimate)",SL.TLF.CACT.FE.NE.ZS,0,25,0
"Egypt, Arab Rep.","Population, female",SP.POP.TOTL.FE.IN,0,25,0
"Egypt, Arab Rep.","Population, female (% of total population)",SP.POP.TOTL.FE.ZS,0,25,0
"Egypt, Arab Rep.","Population, male",SP.POP.TOTL.MA.IN,0,25,0
"Egypt, Arab Rep.","Population, male (% of total population)",SP.POP.TOTL.MA.ZS,0,25,0
"Egypt, Arab Rep.",Ratio of female to male labor force participation rate (%) (national estimate),SL.TLF.CACT.FM.NE.ZS,0,25,0
"Egypt, Arab Rep.","Unemployment, youth female (% of female labor force ages 15-24) (national estimate)",SL.UEM.1524.FE.NE.ZS,0,25,0
"Egypt, Arab Rep.",Wanted fertility rate (births per woman),SP.DYN.WFRT,0,25,0
"Egypt, Arab Rep.","Women making their own informed decisions regarding sexual relations, contraceptive use and reproductive health care (% of women age 15-49)",SG.DMK.SRCR.FN.ZS,0,25,0
"Egypt, Arab Rep.",Women's share of population ages 15+ living with HIV (%),SH.DYN.AIDS.FE.ZS,0,25,0
"Egypt, Arab Rep.","Contraceptive prevalence, any method (% of married women ages 15-49)",SP.DYN.CONU.ZS,0,25,0
"Egypt, Arab Rep.",Coverage of social insurance programs (% of population),per_si_allsi.cov_pop_tot,0,25,0
"Egypt, Arab Rep.",Coverage of social safety net programs (% of population),per_sa_allsa.cov_pop_tot,0,25,0
"Egypt, Arab Rep.",Demand for family planning satisfied by modern methods (% of married women with demand for family planning),SH.FPL.SATM.ZS,0,25,0
"Egypt, Arab Rep.",Diabetes prevalence (% of population ages 20 to 79),SH.STA.DIAB.ZS,0,25,0
"Egypt, Arab Rep.","Life expectancy at birth, total (years)",SP.DYN.LE00.IN,0,25,0
"Egypt, Arab Rep.","Life expectancy at birth, female (years)",SP.DYN.LE00.FE.IN,0,25,0
"Egypt, Arab Rep.","Life expectancy at birth, male (years)",SP.DYN.LE00.MA.IN,0,25,0
"Egypt, Arab Rep.","Nurses and midwives (per 1,000 people)",SH.MED.NUMW.P3,0,25,0
"Egypt, Arab Rep.",Prevalence of anemia among women of reproductive age (% of women ages 15-49),SH.ANM.ALLW.ZS,0,25,0
"Egypt, Arab Rep.",Prevalence of anemia among pregnant women (%),SH.PRG.ANEM,0,25,0
"Egypt, Arab Rep.","Prevalence of HIV, female (% ages 15-24)",SH.HIV.1524.FE.ZS,0,25,0
"Egypt, Arab Rep.","Prevalence of HIV, male (% ages 15-24)",SH.HIV.1524.MA.ZS,0,25,0
"Egypt, Arab Rep.","Prevalence of HIV, total (% of population ages 15-49)",SH.DYN.AIDS.ZS,0,25,0
El Salvador,Adjusted net national income (current US$),NY.ADJ.NNTY.CD,0,25,0
El Salvador,"Adolescent fertility rate (births per 1,000 women ages 15-19)",SP.ADO.TFRT,0,25,0
El Salvador,Gross savings (% of GDP),NY.GNS.ICTR.ZS,0,25,0
El Salvador,"Inflation, consumer prices (annual %)",FP.CPI.TOTL.ZG,0,25,0
El Salvador,"Labor force participation rate, female (% of female population ages 15+) (national estimate)",SL.TLF.CACT.FE.NE.ZS,0,25,0
El Salvador,"Population, female",SP.POP.TOTL.FE.IN,0,25,0
El Salvador,"Population, female (% of total population)",SP.POP.TOTL.FE.ZS,0,25,0
El Salvador,"Population, male",SP.POP.TOTL.MA.IN,0,25,0
El Salvador,"Population, male (% of total population)",SP.POP.TOTL.MA.ZS,0,25,0
El Salvador,Ratio of female to male labor force participation rate (%) (national estimate),SL.TLF.CACT.FM.NE.ZS,0,25,0
El Salvador,"Unemployment, youth female (% of female labor force ages 15-24) (national estimate)",SL.UEM.1524.FE.NE.ZS,0,25,0
El Salvador,Wanted fertility rate (births per woman),SP.DYN.WFRT,0,25,0
El Salvador,"Women making their own informed decisions regarding sexual relations, contraceptive use and reproductive health care (% of women age 15-49)",SG.DMK.SRCR.FN.ZS,0,25,0
El Salvador,Women's share of population ages 15+ living with HIV (%),SH.DYN.AIDS.FE.ZS,0,25,0
El Salvador,"Contraceptive prevalence, any method (% of married women ages 15-49)",SP.DYN.CONU.ZS,0,25,0
El Salvador,Coverage of social insurance programs (% of population),per_si_allsi.cov_pop_tot,0,25,0
El Salvador,Coverage of social safety net programs (% of population),per_sa_allsa.cov_pop_tot,0,25,0
El Salvador,Demand for family planning satisfied by modern methods (% of married women with demand for family planning),SH.FPL.SATM.ZS,0,25,0
El Salvador,Diabetes prevalence (% of population ages 20 to 79),SH.STA.DIAB.ZS,0,25,0
El Salvador,"Life expectancy at birth, total (years)",SP.DYN.LE00.IN,0,25,0
El Salvador,"Life expectancy at birth, female (years)",SP.DYN.LE00.FE.IN,0,25,0
El Salvador,"Life expectancy at birth, male (years)",SP.DYN.LE00.MA.IN,0,25,0
El Salvador,"Nurses and midwives (per 1,000 people)",SH.MED.NUMW.P3,0,25,0
El Salvador,Prevalence of anemia among women of reproductive age (% of women ages 15-49),SH.ANM.ALLW.ZS,0,25,0
El Salvador,Prevalence of anemia among pregnant women (%),SH.PRG.ANEM,0,25,0
El Salvador,"Prevalence of HIV, female (% ages 15-24)",SH.HIV.1524.FE.ZS,0,25,0
El Salvador,"Prevalence of HIV, male (% ages 15-24)",SH.HIV.1524.MA.ZS,0,25,0
El Salvador,"Prevalence of HIV, total (% of population ages 15-49)",SH.DYN.AIDS.ZS,0,25,0
Equatorial Guinea,Adjusted net national income (current US$),NY.ADJ.NNTY.CD,0,25,0
Equatorial Guinea,"Adolescent fertility rate (births per 1,000 women ages 15-19)",SP.ADO.TFRT,0,25,0
Equatorial Guinea,Gross savings (% of GDP),NY.GNS.ICTR.ZS,0,25,0
Equatorial Guinea,"Inflation, consumer prices (annual %)",FP.CPI.TOTL.ZG,0,25,0
Equatorial Guinea,"Labor force participation rate, female (% of female population ages 15+) (national estimate)",SL.TLF.CACT.FE.NE.ZS,0,25,0
Equatorial Guinea,"Population, female",SP.POP.TOTL.FE.IN,0,25,0
Equatorial Guinea,"Population, female (% of total population)",SP.POP.TOTL.FE.ZS,0,25,0
Equatorial Guinea,"Population, male",SP.POP.TOTL.MA.IN,0,25,0
Equatorial Guinea,"Population, male (% of total population)",SP.POP.TOTL.MA.ZS,0,25,0
Equatorial Guinea,Ratio of female to male labor force participation rate (%) (national estimate),SL.TLF.CACT.FM.NE.ZS,0,25,0
Equatorial Guinea,"Unemployment, youth female (% of female labor force ages 15-24) (national estimate)",SL.UEM.1524.FE.NE.ZS,0,25,0
Equatorial Guinea,Wanted fertility rate (births per woman),SP.DYN.WFRT,0,25,0
Equatorial Guinea,"Women making their own informed decisions regarding sexual relations, contraceptive use and reproductive health care (% of women age 15-49)",SG.DMK.SRCR.FN.ZS,0,25,0
Equatorial Guinea,Women's share of population ages 15+ living with HIV (%),SH.DYN.AIDS.FE.ZS,0,25,0
Equatorial Guinea,"Contraceptive prevalence, any method (% of married women ages 15-49)",SP.DYN.CONU.ZS,0,25,0
Equatorial Guinea,Coverage of social insurance programs (% of population),per_si_allsi.cov_pop_tot,0,25,0
Equatorial Guinea,Coverage of social safety net programs (% of population),per_sa_allsa.cov_pop_tot,0,25,0
Equatorial Guinea,Demand for family planning satisfied by modern methods (% of married women with demand for family planning),SH.FPL.SATM.ZS,0,25,0
Equatorial Guinea,Diabetes prevalence (% of population ages 20 to 79),SH.STA.DIAB.ZS,0,25,0
Equatorial Guinea,"Life expectancy at birth, total (years)",SP.DYN.LE00.IN,0,25,0
Equatorial Guinea,"Life expectancy at birth, female (years)",SP.DYN.LE00.FE.IN,0,25,0
Equatorial Guinea,"Life expectancy at birth, male (years)",SP.DYN.LE00.MA.IN,0,25,0
Equatorial Guinea,"Nurses and midwives (per 1,000 people)",SH.MED.NUMW.P3,0,25,0
Equatorial Guinea,Prevalence of anemia among women of reproductive age (% of women ages 15-49),SH.ANM.ALLW.ZS,0,25,0
Equatorial Guinea,Prevalence of anemia among pregnant women (%),SH.PRG.ANEM,0,25,0
Equatorial Guinea,"Prevalence of HIV, female (% ages 15-24)",SH.HIV.1524.FE.ZS,0,25,0
Equatorial Guinea,"Prevalence of HIV, male (% ages 15-24)",SH.HIV.1524.MA.ZS,0,25,0
Equatorial Guinea,"Prevalence of HIV, total (% of population ages 15-49)",SH.DYN.AIDS.ZS,0,25,0
Eritrea,Adjusted net national income (current US$),NY.ADJ.NNTY.CD,0,25,0
Eritrea,"Adolescent fertility rate (births per 1,000 women ages 15-19)",SP.ADO.TFRT,0,25,0
Eritrea,Gross savings (% of GDP),NY.GNS.ICTR.ZS,0,25,0
Eritrea,"Inflation, consumer prices (annual %)",FP.CPI.TOTL.ZG,0,25,0
Eritrea,"Labor force participation rate, female (% of female population ages 15+) (national estimate)",SL.TLF.CACT.FE.NE.ZS,0,25,0
Eritrea,"Population, female",SP.POP.TOTL.FE.IN,0,25,0
Eritrea,"Population, female (% of total population)",SP.POP.TOTL.FE.ZS,0,25,0
Eritrea,"Population, male",SP.POP.TOTL.MA.IN,0,25,0
Eritrea,"Population, male (% of total population)",SP.POP.TOTL.MA.ZS,0,25,0
Eritrea,Ratio of female to male labor force participation rate (%) (national estimate),SL.TLF.CACT.FM.NE.ZS,0,25,0
Eritrea,"Unemployment, youth female (% of female labor force ages 15-24) (national estimate)",SL.UEM.1524.FE.NE.ZS,0,25,0
Eritrea,Wanted fertility rate (births per woman),SP.DYN.WFRT,0,25,0
Eritrea,"Women making their own informed decisions regarding sexual relations, contraceptive use and reproductive health care (% of women age 15-49)",SG.DMK.SRCR.FN.ZS,0,25,0
Eritrea,Women's share of population ages 15+ living with HIV (%),SH.DYN.AIDS.FE.ZS,0,25,0
Eritrea,"Contraceptive prevalence, any method (% of married women ages 15-49)",SP.DYN.CONU.ZS,0,25,0
Eritrea,Coverage of social insurance programs (% of population),per_si_allsi.cov_pop_tot,0,25,0
Eritrea,Coverage of social safety net programs (% of population),per_sa_allsa.cov_pop_tot,0,25,0
Eritrea,Demand for family planning satisfied by modern methods (% of married women with demand for family planning),SH.FPL.SATM.ZS,0,25,0
Eritrea,Diabetes prevalence (% of population ages 20 to 79),SH.STA.DIAB.ZS,0,25,0
Eritrea,"Life expectancy at birth, total (years)",SP.DYN.LE00.IN,0,25,0
Eritrea,"Life expectancy at birth, female (years)",SP.DYN.LE00.FE.IN,0,25,0
Eritrea,"Life expectancy at birth, male (years)",SP.DYN.LE00.MA.IN,0,25,0
Eritrea,"Nurses and midwives (per 1,000 people)",SH.MED.NUMW.P3,0,25,0
Eritrea,Prevalence of anemia among women of reproductive age (% of women ages 15-49),SH.ANM.ALLW.ZS,0,25,0
Eritrea,Prevalence of anemia among pregnant women (%),SH.PRG.ANEM,0,25,0
Eritrea,"Prevalence of HIV, female (% ages 15-24)",SH.HIV.1524.FE.ZS,0,25,0
Eritrea,"Prevalence of HIV, male (% ages 15-24)",SH.HIV.1524.MA.ZS,0,25,0
Eritrea,"Prevalence of HIV, total (% of population ages 15-49)",SH.DYN.AIDS.ZS,0,25,0
Estonia,Adjusted net national income (current US$),NY.ADJ.NNTY.CD,0,25,0
Estonia,"Adolescent fertility rate (births per 1,000 women ages 15-19)",SP.ADO.TFRT,0,25,0
Estonia,Gross savings (% of GDP),NY.GNS.ICTR.ZS,0,25,0
Estonia,"Inflation, consumer prices (annual %)",FP.CPI.TOTL.ZG,0,25,0
Estonia,"Labor force participation rate, female (% of female population ages 15+) (national estimate)",SL.TLF.CACT.FE.NE.ZS,0,25,0
Estonia,"Population, female",SP.POP.TOTL.FE.IN,0,25,0
Estonia,"Population, female (% of total population)",SP.POP.TOTL.FE.ZS,0,25,0
Estonia,"Population, male",SP.POP.TOTL.MA.IN,0,25,0
Estonia,"Population, male (% of total population)",SP.POP.TOTL.MA.ZS,0,25,0
Estonia,Ratio of female to male labor force participation rate (%) (national estimate),SL.TLF.CACT.FM.NE.ZS,0,25,0
Estonia,"Unemployment, youth female (% of female labor force ages 15-24) (national estimate)",SL.UEM.1524.FE.NE.ZS,0,25,0
Estonia,Wanted fertility rate (births per woman),SP.DYN.WFRT,0,25,0
Estonia,"Women making their own informed decisions regarding sexual relations, contraceptive use and reproductive health care (% of women age 15-49)",SG.DMK.SRCR.FN.ZS,0,25,0
Estonia,Women's share of population ages 15+ living with HIV (%),SH.DYN.AIDS.FE.ZS,0,25,0
Estonia,"Contraceptive prevalence, any method (% of married women ages 15-49)",SP.DYN.CONU.ZS,0,25,0
Estonia,Coverage of social insurance programs (% of population),per_si_allsi.cov_pop_tot,0,25,0
Estonia,Coverage of social safety net programs (% of population),per_sa_allsa.cov_pop_tot,0,25,0
Estonia,Demand for family planning satisfied by modern methods (% of married women with demand for family planning),SH.FPL.SATM.ZS,0,25,0
Estonia,Diabetes prevalence (% of population ages 20 to 79),SH.STA.DIAB.ZS,0,25,0
Estonia,"Life expectancy at birth, total (years)",SP.DYN.LE00.IN,0,25,0
Estonia,"Life expectancy at birth, female (years)",SP.DYN.LE00.FE.IN,0,25,0
Estonia,"Life expectancy at birth, male (years)",SP.DYN.LE00.MA.IN,0,25,0
Estonia,"Nurses and midwives (per 1,000 people)",SH.MED.NUMW.P3,0,25,0
Estonia,Prevalence of anemia among women of reproductive age (% of women ages 15-49),SH.ANM.ALLW.ZS,0,25,0
Estonia,Prevalence of anemia among pregnant women (%),SH.PRG.ANEM,0,25,0
Estonia,"Prevalence of HIV, female (% ages 15-24)",SH.HIV.1524.FE.ZS,0,25,0
Estonia,"Prevalence of HIV, male (% ages 15-24)",SH.HIV.1524.MA.ZS,0,25,0
Estonia,"Prevalence of HIV, total (% of population ages 15-49)",SH.DYN.AIDS.ZS,0,25,0
Eswatini,Adjusted net national income (current US$),NY.ADJ.NNTY.CD,0,25,0
Eswatini,"Adolescent fertility rate (births per 1,000 women ages 15-19)",SP.ADO.TFRT,0,25,0
Eswatini,Gross savings (% of GDP),NY.GNS.ICTR.ZS,0,25,0
Eswatini,"Inflation, consumer prices (annual %)",FP.CPI.TOTL.ZG,0,25,0
Eswatini,"Labor force participation rate, female (% of female population ages 15+) (national estimate)",SL.TLF.CACT.FE.NE.ZS,0,25,0
Eswatini,"Population, female",SP.POP.TOTL.FE.IN,0,25,0
Eswatini,"Population, female (% of total population)",SP.POP.TOTL.FE.ZS,0,25,0
Eswatini,"Population, male",SP.POP.TOTL.MA.IN,0,25,0
Eswatini,"Population, male (% of total population)",SP.POP.TOTL.MA.ZS,0,25,0
Eswatini,Ratio of female to male labor force participation rate (%) (national estimate),SL.TLF.CACT.FM.NE.ZS,0,25,0
Eswatini,"Unemployment, youth female (% of female labor force ages 15-24) (national estimate)",SL.UEM.1524.FE.NE.ZS,0,25,0
Eswatini,Wanted fertility rate (births per woman),SP.DYN.WFRT,0,25,0
Eswatini,"Women making their own informed decisions regarding sexual relations, contraceptive use and reproductive health care (% of women age 15-49)",SG.DMK.SRCR.FN.ZS,0,25,0
Eswatini,Women's share of population ages 15+ living with HIV (%),SH.DYN.AIDS.FE.ZS,0,25,0
Eswatini,"Contraceptive prevalence, any method (% of married women ages 15-49)",SP.DYN.CONU.ZS,0,25,0
Eswatini,Coverage of social insurance programs (% of population),per_si_allsi.cov_pop_tot,0,25,0
Eswatini,Coverage of social safety net programs (% of population),per_sa_allsa.cov_pop_tot,0,25,0
Eswatini,Demand for family planning satisfied by modern methods (% of married women with demand for family planning),SH.FPL.SATM.ZS,0,25,0
Eswatini,Diabetes prevalence (% of population ages 20 to 79),SH.STA.DIAB.ZS,0,25,0
Eswatini,"Life expectancy at birth, total (years)",SP.DYN.LE00.IN,0,25,0
Eswatini,"Life expectancy at birth, female (years)",SP.DYN.LE00.FE.IN,0,25,0
Eswatini,"Life expectancy at birth, male (years)",SP.DYN.LE00.MA.IN,0,25,0
Eswatini,"Nurses and midwives (per 1,000 people)",SH.MED.NUMW.P3,0,25,0
Eswatini,Prevalence of anemia among women of reproductive age (% of women ages 15-49),SH.ANM.ALLW.ZS,0,25,0
Eswatini,Prevalence of anemia among pregnant women (%),SH.PRG.ANEM,0,25,0
Eswatini,"Prevalence of HIV, female (% ages 15-24)",SH.HIV.1524.FE.ZS,0,25,0
Eswatini,"Prevalence of HIV, male (% ages 15-24)",SH.HIV.1524.MA.ZS,0,25,0
Eswatini,"Prevalence of HIV, total (% of population ages 15-49)",SH.DYN.AIDS.ZS,0,25,0
Ethiopia,Adjusted net national income (current US$),NY.ADJ.NNTY.CD,0,25,0
Ethiopia,"Adolescent fertility rate (births per 1,000 women ages 15-19)",SP.ADO.TFRT,0,25,0
Ethiopia,Gross savings (% of GDP),NY.GNS.ICTR.ZS,0,25,0
Ethiopia,"Inflation, consumer prices (annual %)",FP.CPI.TOTL.ZG,0,25,0
Ethiopia,"Labor force participation rate, female (% of female population ages 15+) (national estimate)",SL.TLF.CACT.FE.NE.ZS,0,25,0
Ethiopia,"Population, female",SP.POP.TOTL.FE.IN,0,25,0
Ethiopia,"Population, female (% of total population)",SP.POP.TOTL.FE.ZS,0,25,0
Ethiopia,"Population, male",SP.POP.TOTL.MA.IN,0,25,0
Ethiopia,"Population, male (% of total population)",SP.POP.TOTL.MA.ZS,0,25,0
Ethiopia,Ratio of female to male labor force participation rate (%) (national estimate),SL.TLF.CACT.FM.NE.ZS,0,25,0
Ethiopia,"Unemployment, youth female (% of female labor force ages 15-24) (national estimate)",SL.UEM.1524.FE.NE.ZS,0,25,0
Ethiopia,Wanted fertility rate (births per woman),SP.DYN.WFRT,0,25,0
Ethiopia,"Women making their own informed decisions regarding sexual relations, contraceptive use and reproductive health care (% of women age 15-49)",SG.DMK.SRCR.FN.ZS,0,25,0
Ethiopia,Women's share of population ages 15+ living with HIV (%),SH.DYN.AIDS.FE.ZS,0,25,0
Ethiopia,"Contraceptive prevalence, any method (% of married women ages 15-49)",SP.DYN.CONU.ZS,0,25,0
Ethiopia,Coverage of social insurance programs (% of population),per_si_allsi.cov_pop_tot,0,25,0
Ethiopia,Coverage of social safety net programs (% of population),per_sa_allsa.cov_pop_tot,0,25,0
Ethiopia,Demand for family planning satisfied by modern methods (% of married women with demand for family planning),SH.FPL.SATM.ZS,0,25,0
Ethiopia,Diabetes prevalence (% of population ages 20 to 79),SH.STA.DIAB.ZS,0,25,0
Ethiopia,"Life expectancy at birth, total (years)",SP.DYN.LE00.IN,0,25,0
Ethiopia,"Life expectancy at birth, female (years)",SP.DYN.LE00.FE.IN,0,25,0
Ethiopia,"Life expectancy at birth, male (years)",SP.DYN.LE00.MA.IN,0,25,0
Ethiopia,"Nurses and midwives (per 1,000 people)",SH.MED.NUMW.P3,0,25,0
Ethiopia,Prevalence of anemia among women of reproductive age (% of women ages 15-49),SH.ANM.ALLW.ZS,0,25,0
Ethiopia,Prevalence of anemia among pregnant women (%),SH.PRG.ANEM,0,25,0
Ethiopia,"Prevalence of HIV, female (% ages 15-24)",SH.HIV.1524.FE.ZS,0,25,0
Ethiopia,"Prevalence of HIV, male (% ages 15-24)",SH.HIV.1524.MA.ZS,0,25,0
Ethiopia,"Prevalence of HIV, total (% of population ages 15-49)",SH.DYN.AIDS.ZS,0,25,0
Faroe Islands,Adjusted net national income (current US$),NY.ADJ.NNTY.CD,0,25,0
Faroe Islands,"Adolescent fertility rate (births per 1,000 women ages 15-19)",SP.ADO.TFRT,0,25,0
Faroe Islands,Gross savings (% of GDP),NY.GNS.ICTR.ZS,0,25,0
Faroe Islands,"Inflation, consumer prices (annual %)",FP.CPI.TOTL.ZG,0,25,0
Faroe Islands,"Labor force participation rate, female (% of female population ages 15+) (national estimate)",SL.TLF.CACT.FE.NE.ZS,0,25,0
Faroe Islands,"Population, female",SP.POP.TOTL.FE.IN,0,25,0
Faroe Islands,"Population, female (% of total population)",SP.POP.TOTL.FE.ZS,0,25,0
Faroe Islands,"Population, male",SP.POP.TOTL.MA.IN,0,25,0
Faroe Islands,"Population, male (% of total population)",SP.POP.TOTL.MA.ZS,0,25,0
Faroe Islands,Ratio of female to male labor force participation rate (%) (national estimate),SL.TLF.CACT.FM.NE.ZS,0,25,0
Faroe Islands,"Unemployment, youth female (% of female labor force ages 15-24) (national estimate)",SL.UEM.1524.FE.NE.ZS,0,25,0
Faroe Islands,Wanted fertility rate (births per woman),SP.DYN.WFRT,0,25,0
Faroe Islands,"Women making their own informed decisions regarding sexual relations, contraceptive use and reproductive health care (% of women age 15-49)",SG.DMK.SRCR.FN.ZS,0,25,0
Faroe Islands,Women's share of population ages 15+ living with HIV (%),SH.DYN.AIDS.FE.ZS,0,25,0
Faroe Islands,"Contraceptive prevalence, any method (% of married women ages 15-49)",SP.DYN.CONU.ZS,0,25,0
Faroe Islands,Coverage of social insurance programs (% of population),per_si_allsi.cov_pop_tot,0,25,0
Faroe Islands,Coverage of social safety net programs (% of population),per_sa_allsa.cov_pop_tot,0,25,0
Faroe Islands,Demand for family planning satisfied by modern methods (% of married women with demand for family planning),SH.FPL.SATM.ZS,0,25,0
Faroe Islands,Diabetes prevalence (% of population ages 20 to 79),SH.STA.DIAB.ZS,0,25,0
Faroe Islands,"Life expectancy at birth, total (years)",SP.DYN.LE00.IN,0,25,0
Faroe Islands,"Life expectancy at birth, female (years)",SP.DYN.LE00.FE.IN,0,25,0
Faroe Islands,"Life expectancy at birth, male (years)",SP.DYN.LE00.MA.IN,0,25,0
Faroe Islands,"Nurses and midwives (per 1,000 people)",SH.MED.NUMW.P3,0,25,0
Faroe Islands,Prevalence of anemia among women of reproductive age (% of women ages 15-49),SH.ANM.ALLW.ZS,0,25,0
Faroe Islands,Prevalence of anemia among pregnant women (%),SH.PRG.ANEM,0,25,0
Faroe Islands,"Prevalence of HIV, female (% ages 15-24)",SH.HIV.1524.FE.ZS,0,25,0
Faroe Islands,"Prevalence of HIV, male (% ages 15-24)",SH.HIV.1524.MA.ZS,0,25,0
Faroe Islands,"Prevalence of HIV, total (% of population ages 15-49)",SH.DYN.AIDS.ZS,0,25,0
Fiji,Adjusted net national income (current US$),NY.ADJ.NNTY.CD,0,25,0
Fiji,"Adolescent fertility rate (births per 1,000 women ages 15-19)",SP.ADO.TFRT,0,25,0
Fiji,Gross savings (% of GDP),NY.GNS.ICTR.ZS,0,25,0
Fiji,"Inflation, consumer prices (annual %)",FP.CPI.TOTL.ZG,0,25,0
Fiji,"Labor force participation rate, female (% of female population ages 15+) (national estimate)",SL.TLF.CACT.FE.NE.ZS,0,25,0
Fiji,"Population, female",SP.POP.TOTL.FE.IN,0,25,0
Fiji,"Population, female (% of total population)",SP.POP.TOTL.FE.ZS,0,25,0
Fiji,"Population, male",SP.POP.TOTL.MA.IN,0,25,0
Fiji,"Population, male (% of total population)",SP.POP.TOTL.MA.ZS,0,25,0
Fiji,Ratio of female to male labor force participation rate (%) (national estimate),SL.TLF.CACT.FM.NE.ZS,0,25,0
Fiji,"Unemployment, youth female (% of female labor force ages 15-24) (national estimate)",SL.UEM.1524.FE.NE.ZS,0,25,0
Fiji,Wanted fertility rate (births per woman),SP.DYN.WFRT,0,25,0
Fiji,"Women making their own informed decisions regarding sexual relations, contraceptive use and reproductive health care (% of women age 15-49)",SG.DMK.SRCR.FN.ZS,0,25,0
Fiji,Women's share of population ages 15+ living with HIV (%),SH.DYN.AIDS.FE.ZS,0,25,0
Fiji,"Contraceptive prevalence, any method (% of married women ages 15-49)",SP.DYN.CONU.ZS,0,25,0
Fiji,Coverage of social insurance programs (% of population),per_si_allsi.cov_pop_tot,0,25,0
Fiji,Coverage of social safety net programs (% of population),per_sa_allsa.cov_pop_tot,0,25,0
Fiji,Demand for family planning satisfied by modern methods (% of married women with demand for family planning),SH.FPL.SATM.ZS,0,25,0
Fiji,Diabetes prevalence (% of population ages 20 to 79),SH.STA.DIAB.ZS,0,25,0
Fiji,"Life expectancy at birth, total (years)",SP.DYN.LE00.IN,0,25,0
Fiji,"Life expectancy at birth, female (years)",SP.DYN.LE00.FE.IN,0,25,0
Fiji,"Life expectancy at birth, male (years)",SP.DYN.LE00.MA.IN,0,25,0
Fiji,"Nurses and midwives (per 1,000 people)",SH.MED.NUMW.P3,0,25,0
Fiji,Prevalence of anemia among women of reproductive age (% of women ages 15-49),SH.ANM.ALLW.ZS,0,25,0
Fiji,Prevalence of anemia among pregnant women (%),SH.PRG.ANEM,0,25,0
Fiji,"Prevalence of HIV, female (% ages 15-24)",SH.HIV.1524.FE.ZS,0,25,0
Fiji,"Prevalence of HIV, male (% ages 15-24)",SH.HIV.1524.MA.ZS,0,25,0
Fiji,"Prevalence of HIV, total (% of population ages 15-49)",SH.DYN.AIDS.ZS,0,25,0
Finland,Adjusted net national income (current US$),NY.ADJ.NNTY.CD,0,25,0
Finland,"Adolescent fertility rate (births per 1,000 women ages 15-19)",SP.ADO.TFRT,0,25,0
Finland,Gross savings (% of GDP),NY.GNS.ICTR.ZS,0,25,0
Finland,"Inflation, consumer prices (annual %)",FP.CPI.TOTL.ZG,0,25,0
Finland,"Labor force participation rate, female (% of female population ages 15+) (national estimate)",SL.TLF.CACT.FE.NE.ZS,0,25,0
Finland,"Population, female",SP.POP.TOTL.FE.IN,0,25,0
Finland,"Population, female (% of total population)",SP.POP.TOTL.FE.ZS,0,25,0
Finland,"Population, male",SP.POP.TOTL.MA.IN,0,25,0
Finland,"Population, male (% of total population)",SP.POP.TOTL.MA.ZS,0,25,0
Finland,Ratio of female to male labor force participation rate (%) (national estimate),SL.TLF.CACT.FM.NE.ZS,0,25,0
Finland,"Unemployment, youth female (% of female labor force ages 15-24) (national estimate)",SL.UEM.1524.FE.NE.ZS,0,25,0
Finland,Wanted fertility rate (births per woman),SP.DYN.WFRT,0,25,0
Finland,"Women making their own informed decisions regarding sexual relations, contraceptive use and reproductive health care (% of women age 15-49)",SG.DMK.SRCR.FN.ZS,0,25,0
Finland,Women's share of population ages 15+ living with HIV (%),SH.DYN.AIDS.FE.ZS,0,25,0
Finland,"Contraceptive prevalence, any method (% of married women ages 15-49)",SP.DYN.CONU.ZS,0,25,0
Finland,Coverage of social insurance programs (% of population),per_si_allsi.cov_pop_tot,0,25,0
Finland,Coverage of social safety net programs (% of population),per_sa_allsa.cov_pop_tot,0,25,0
Finland,Demand for family planning satisfied by modern methods (% of married women with demand for family planning),SH.FPL.SATM.ZS,0,25,0
Finland,Diabetes prevalence (% of population ages 20 to 79),SH.STA.DIAB.ZS,0,25,0
Finland,"Life expectancy at birth, total (years)",SP.DYN.LE00.IN,0,25,0
Finland,"Life expectancy at birth, female (years)",SP.DYN.LE00.FE.IN,0,25,0
Finland,"Life expectancy at birth, male (years)",SP.DYN.LE00.MA.IN,0,25,0
Finland,"Nurses and midwives (per 1,000 people)",SH.MED.NUMW.P3,0,25,0
Finland,Prevalence of anemia among women of reproductive age (% of women ages 15-49),SH.ANM.ALLW.ZS,0,25,0
Finland,Prevalence of anemia among pregnant women (%),SH.PRG.ANEM,0,25,0
Finland,"Prevalence of HIV, female (% ages 15-24)",SH.HIV.1524.FE.ZS,0,25,0
Finland,"Prevalence of HIV, male (% ages 15-24)",SH.HIV.1524.MA.ZS,0,25,0
Finland,"Prevalence of HIV, total (% of population ages 15-49)",SH.DYN.AIDS.ZS,0,25,0
France,Adjusted net national income (current US$),NY.ADJ.NNTY.CD,0,25,0
France,"Adolescent fertility rate (births per 1,000 women ages 15-19)",SP.ADO.TFRT,0,25,0
France,Gross savings (% of GDP),NY.GNS.ICTR.ZS,0,25,0
France,"Inflation, consumer prices (annual %)",FP.CPI.TOTL.ZG,0,25,0
France,"Labor force participation rate, female (% of female population ages 15+) (national estimate)",SL.TLF.CACT.FE.NE.ZS,0,25,0
France,"Population, female",SP.POP.TOTL.FE.IN,0,25,0
France,"Population, female (% of total population)",SP.POP.TOTL.FE.ZS,0,25,0
France,"Population, male",SP.POP.TOTL.MA.IN,0,25,0
France,"Population, male (% of total population)",SP.POP.TOTL.MA.ZS,0,25,0
France,Ratio of female to male labor force participation rate (%) (national estimate),SL.TLF.CACT.FM.NE.ZS,0,25,0
France,"Unemployment, youth female (% of female labor force ages 15-24) (national estimate)",SL.UEM.1524.FE.NE.ZS,0,25,0
France,Wanted fertility rate (births per woman),SP.DYN.WFRT,0,25,0
France,"Women making their own informed decisions regarding sexual relations, contraceptive use and reproductive health care (% of women age 15-49)",SG.DMK.SRCR.FN.ZS,0,25,0
France,Women's share of population ages 15+ living with HIV (%),SH.DYN.AIDS.FE.ZS,0,25,0
France,"Contraceptive prevalence, any method (% of married women ages 15-49)",SP.DYN.CONU.ZS,0,25,0
France,Coverage of social insurance programs (% of population),per_si_allsi.cov_pop_tot,0,25,0
France,Coverage of social safety net programs (% of population),per_sa_allsa.cov_pop_tot,0,25,0
France,Demand for family planning satisfied by modern methods (% of married women with demand for family planning),SH.FPL.SATM.ZS,0,25,0
France,Diabetes prevalence (% of population ages 20 to 79),SH.STA.DIAB.ZS,0,25,0
France,"Life expectancy at birth, total (years)",SP.DYN.LE00.IN,0,25,0
France,"Life expectancy at birth, female (years)",SP.DYN.LE00.FE.IN,0,25,0
France,"Life expectancy at birth, male (years)",SP.DYN.LE00.MA.IN,0,25,0
France,"Nurses and midwives (per 1,000 people)",SH.MED.NUMW.P3,0,25,0
France,Prevalence of anemia among women of reproductive age (% of women ages 15-49),SH.ANM.ALLW.ZS,0,25,0
France,Prevalence of anemia among pregnant women (%),SH.PRG.ANEM,0,25,0
France,"Prevalence of HIV, female (% ages 15-24)",SH.HIV.1524.FE.ZS,0,25,0
France,"Prevalence of HIV, male (% ages 15-24)",SH.HIV.1524.MA.ZS,0,25,0
France,"Prevalence of HIV, total (% of population ages 15-49)",SH.DYN.AIDS.ZS,0,25,0
French Polynesia,Adjusted net national income (current US$),NY.ADJ.NNTY.CD,0,25,0
French Polynesia,"Adolescent fertility rate (births per 1,000 women ages 15-19)",SP.ADO.TFRT,0,25,0
French Polynesia,Gross savings (% of GDP),NY.GNS.ICTR.ZS,0,25,0
French Polynesia,"Inflation, consumer prices (annual %)",FP.CPI.TOTL.ZG,0,25,0
French Polynesia,"Labor force participation rate, female (% of female population ages 15+) (national estimate)",SL.TLF.CACT.FE.NE.ZS,0,25,0
French Polynesia,"Population, female",SP.POP.TOTL.FE.IN,0,25,0
French Polynesia,"Population, female (% of total population)",SP.POP.TOTL.FE.ZS,0,25,0
French Polynesia,"Population, male",SP.POP.TOTL.MA.IN,0,25,0
French Polynesia,"Population, male (% of total population)",SP.POP.TOTL.MA.ZS,0,25,0
French Polynesia,Ratio of female to male labor force participation rate (%) (national estimate),SL.TLF.CACT.FM.NE.ZS,0,25,0
French Polynesia,"Unemployment, youth female (% of female labor force ages 15-24) (national estimate)",SL.UEM.1524.FE.NE.ZS,0,25,0
French Polynesia,Wanted fertility rate (births per woman),SP.DYN.WFRT,0,25,0
French Polynesia,"Women making their own informed decisions regarding sexual relations, contraceptive use and reproductive health care (% of women age 15-49)",SG.DMK.SRCR.FN.ZS,0,25,0
French Polynesia,Women's share of population ages 15+ living with HIV (%),SH.DYN.AIDS.FE.ZS,0,25,0
French Polynesia,"Contraceptive prevalence, any method (% of married women ages 15-49)",SP.DYN.CONU.ZS,0,25,0
French Polynesia,Coverage of social insurance programs (% of population),per_si_allsi.cov_pop_tot,0,25,0
French Polynesia,Coverage of social safety net programs (% of population),per_sa_allsa.cov_pop_tot,0,25,0
French Polynesia,Demand for family planning satisfied by modern methods (% of married women with demand for family planning),SH.FPL.SATM.ZS,0,25,0
French Polynesia,Diabetes prevalence (% of population ages 20 to 79),SH.STA.DIAB.ZS,0,25,0
French Polynesia,"Life expectancy at birth, total (years)",SP.DYN.LE00.IN,0,25,0
French Polynesia,"Life expectancy at birth, female (years)",SP.DYN.LE00.FE.IN,0,25,0
French Polynesia,"Life expectancy at birth, male (years)",SP.DYN.LE00.MA.IN,0,25,0
French Polynesia,"Nurses and midwives (per 1,000 people)",SH.MED.NUMW.P3,0,25,0
French Polynesia,Prevalence of anemia among women of reproductive age (% of women ages 15-49),SH.ANM.ALLW.ZS,0,25,0
French Polynesia,Prevalence of anemia among pregnant women (%),SH.PRG.ANEM,0,25,0
French Polynesia,"Prevalence of HIV, female (% ages 15-24)",SH.HIV.1524.FE.ZS,0,25,0
French Polynesia,"Prevalence of HIV, male (% ages 15-24)",SH.HIV.1524.MA.ZS,0,25,0
French Polynesia,"Prevalence of HIV, total (% of population ages 15-49)",SH.DYN.AIDS.ZS,0,25,0
Gabon,Adjusted net national income (current US$),NY.ADJ.NNTY.CD,0,25,0
Gabon,"Adolescent fertility rate (births per 1,000 women ages 15-19)",SP.ADO.TFRT,0,25,0
Gabon,Gross savings (% of GDP),NY.GNS.ICTR.ZS,0,25,0
Gabon,"Inflation, consumer prices (annual %)",FP.CPI.TOTL.ZG,0,25,0
Gabon,"Labor force participation rate, female (% of female population ages 15+) (national estimate)",SL.TLF.CACT.FE.NE.ZS,0,25,0
Gabon,"Population, female",SP.POP.TOTL.FE.IN,0,25,0
Gabon,"Population, female (% of total population)",SP.POP.TOTL.FE.ZS,0,25,0
Gabon,"Population, male",SP.POP.TOTL.MA.IN,0,25,0
Gabon,"Population, male (% of total population)",SP.POP.TOTL.MA.ZS,0,25,0
Gabon,Ratio of female to male labor force participation rate (%) (national estimate),SL.TLF.CACT.FM.NE.ZS,0,25,0
Gabon,"Unemployment, youth female (% of female labor force ages 15-24) (national estimate)",SL.UEM.1524.FE.NE.ZS,0,25,0
Gabon,Wanted fertility rate (births per woman),SP.DYN.WFRT,0,25,0
Gabon,"Women making their own informed decisions regarding sexual relations, contraceptive use and reproductive health care (% of women age 15-49)",SG.DMK.SRCR.FN.ZS,0,25,0
Gabon,Women's share of population ages 15+ living with HIV (%),SH.DYN.AIDS.FE.ZS,0,25,0
Gabon,"Contraceptive prevalence, any method (% of married women ages 15-49)",SP.DYN.CONU.ZS,0,25,0
Gabon,Coverage of social insurance programs (% of population),per_si_allsi.cov_pop_tot,0,25,0
Gabon,Coverage of social safety net programs (% of population),per_sa_allsa.cov_pop_tot,0,25,0
Gabon,Demand for family planning satisfied by modern methods (% of married women with demand for family planning),SH.FPL.SATM.ZS,0,25,0
Gabon,Diabetes prevalence (% of population ages 20 to 79),SH.STA.DIAB.ZS,0,25,0
Gabon,"Life expectancy at birth, total (years)",SP.DYN.LE00.IN,0,25,0
Gabon,"Life expectancy at birth, female (years)",SP.DYN.LE00.FE.IN,0,25,0
Gabon,"Life expectancy at birth, male (years)",SP.DYN.LE00.MA.IN,0,25,0
Gabon,"Nurses and midwives (per 1,000 people)",SH.MED.NUMW.P3,0,25,0
Gabon,Prevalence of anemia among women of reproductive age (% of women ages 15-49),SH.ANM.ALLW.ZS,0,25,0
Gabon,Prevalence of anemia among pregnant women (%),SH.PRG.ANEM,0,25,0
Gabon,"Prevalence of HIV, female (% ages 15-24)",SH.HIV.1524.FE.ZS,0,25,0
Gabon,"Prevalence of HIV, male (% ages 15-24)",SH.HIV.1524.MA.ZS,0,25,0
Gabon,"Prevalence of HIV, total (% of population ages 15-49)",SH.DYN.AIDS.ZS,0,25,0
"Gambia, The",Adjusted net national income (current US$),NY.ADJ.NNTY.CD,0,25,0
"Gambia, The","Adolescent fertility rate (births per 1,000 women ages 15-19)",SP.ADO.TFRT,0,25,0
"Gambia, The",Gross savings (% of GDP),NY.GNS.ICTR.ZS,0,25,0
"Gambia, The","Inflation, consumer prices (annual %)",FP.CPI.TOTL.ZG,0,25,0
"Gambia, The","Labor force participation rate, female (% of female population ages 15+) (national estimate)",SL.TLF.CACT.FE.NE.ZS,0,25,0
"Gambia, The","Population, female",SP.POP.TOTL.FE.IN,0,25,0
"Gambia, The","Population, female (% of total population)",SP.POP.TOTL.FE.ZS,0,25,0
"Gambia, The","Population, male",SP.POP.TOTL.MA.IN,0,25,0
"Gambia, The","Population, male (% of total population)",SP.POP.TOTL.MA.ZS,0,25,0
"Gambia, The",Ratio of female to male labor force participation rate (%) (national estimate),SL.TLF.CACT.FM.NE.ZS,0,25,0
"Gambia, The","Unemployment, youth female (% of female labor force ages 15-24) (national estimate)",SL.UEM.1524.FE.NE.ZS,0,25,0
"Gambia, The",Wanted fertility rate (births per woman),SP.DYN.WFRT,0,25,0
"Gambia, The","Women making their own informed decisions regarding sexual relations, contraceptive use and reproductive health care (% of women age 15-49)",SG.DMK.SRCR.FN.ZS,0,25,0
"Gambia, The",Women's share of population ages 15+ living with HIV (%),SH.DYN.AIDS.FE.ZS,0,25,0
"Gambia, The","Contraceptive prevalence, any method (% of married women ages 15-49)",SP.DYN.CONU.ZS,0,25,0
"Gambia, The",Coverage of social insurance programs (% of population),per_si_allsi.cov_pop_tot,0,25,0
"Gambia, The",Coverage of social safety net programs (% of population),per_sa_allsa.cov_pop_tot,0,25,0
"Gambia, The",Demand for family planning satisfied by modern methods (% of married women with demand for family planning),SH.FPL.SATM.ZS,0,25,0
"Gambia, The",Diabetes prevalence (% of population ages 20 to 79),SH.STA.DIAB.ZS,0,25,0
"Gambia, The","Life expectancy at birth, total (years)",SP.DYN.LE00.IN,0,25,0
"Gambia, The","Life expectancy at birth, female (years)",SP.DYN.LE00.FE.IN,0,25,0
"Gambia, The","Life expectancy at birth, male (years)",SP.DYN.LE00.MA.IN,0,25,0
"Gambia, The","Nurses and midwives (per 1,000 people)",SH.MED.NUMW.P3,0,25,0
"Gambia, The",Prevalence of anemia among women of reproductive age (% of women ages 15-49),SH.ANM.ALLW.ZS,0,25,0
"Gambia, The",Prevalence of anemia among pregnant women (%),SH.PRG.ANEM,0,25,0
"Gambia, The","Prevalence of HIV, female (% ages 15-24)",SH.HIV.1524.FE.ZS,0,25,0
"Gambia, The","Prevalence of HIV, male (% ages 15-24)",SH.HIV.1524.MA.ZS,0,25,0
"Gambia, The","Prevalence of HIV, total (% of population ages 15-49)",SH.DYN.AIDS.ZS,0,25,0
Georgia,Adjusted net national income (current US$),NY.ADJ.NNTY.CD,0,25,0
Georgia,"Adolescent fertility rate (births per 1,000 women ages 15-19)",SP.ADO.TFRT,0,25,0
Georgia,Gross savings (% of GDP),NY.GNS.ICTR.ZS,0,25,0
Georgia,"Inflation, consumer prices (annual %)",FP.CPI.TOTL.ZG,0,25,0
Georgia,"Labor force participation rate, female (% of female population ages 15+) (national estimate)",SL.TLF.CACT.FE.NE.ZS,0,25,0
Georgia,"Population, female",SP.POP.TOTL.FE.IN,0,25,0
Georgia,"Population, female (% of total population)",SP.POP.TOTL.FE.ZS,0,25,0
Georgia,"Population, male",SP.POP.TOTL.MA.IN,0,25,0
Georgia,"Population, male (% of total population)",SP.POP.TOTL.MA.ZS,0,25,0
Georgia,Ratio of female to male labor force participation rate (%) (national estimate),SL.TLF.CACT.FM.NE.ZS,0,25,0
Georgia,"Unemployment, youth female (% of female labor force ages 15-24) (national estimate)",SL.UEM.1524.FE.NE.ZS,0,25,0
Georgia,Wanted fertility rate (births per woman),SP.DYN.WFRT,0,25,0
Georgia,"Women making their own informed decisions regarding sexual relations, contraceptive use and reproductive health care (% of women age 15-49)",SG.DMK.SRCR.FN.ZS,0,25,0
Georgia,Women's share of population ages 15+ living with HIV (%),SH.DYN.AIDS.FE.ZS,0,25,0
Georgia,"Contraceptive prevalence, any method (% of married women ages 15-49)",SP.DYN.CONU.ZS,0,25,0
Georgia,Coverage of social insurance programs (% of population),per_si_allsi.cov_pop_tot,0,25,0
Georgia,Coverage of social safety net programs (% of population),per_sa_allsa.cov_pop_tot,0,25,0
Georgia,Demand for family planning satisfied by modern methods (% of married women with demand for family planning),SH.FPL.SATM.ZS,0,25,0
Georgia,Diabetes prevalence (% of population ages 20 to 79),SH.STA.DIAB.ZS,0,25,0
Georgia,"Life expectancy at birth, total (years)",SP.DYN.LE00.IN,0,25,0
Georgia,"Life expectancy at birth, female (years)",SP.DYN.LE00.FE.IN,0,25,0
Georgia,"Life expectancy at birth, male (years)",SP.DYN.LE00.MA.IN,0,25,0
Georgia,"Nurses and midwives (per 1,000 people)",SH.MED.NUMW.P3,0,25,0
Georgia,Prevalence of anemia among women of reproductive age (% of women ages 15-49),SH.ANM.ALLW.ZS,0,25,0
Georgia,Prevalence of anemia among pregnant women (%),SH.PRG.ANEM,0,25,0
Georgia,"Prevalence of HIV, female (% ages 15-24)",SH.HIV.1524.FE.ZS,0,25,0
Georgia,"Prevalence of HIV, male (% ages 15-24)",SH.HIV.1524.MA.ZS,0,25,0
Georgia,"Prevalence of HIV, total (% of population ages 15-49)",SH.DYN.AIDS.ZS,0,25,0
Germany,Adjusted net national income (current US$),NY.ADJ.NNTY.CD,0,25,0
Germany,"Adolescent fertility rate (births per 1,000 women ages 15-19)",SP.ADO.TFRT,0,25,0
Germany,Gross savings (% of GDP),NY.GNS.ICTR.ZS,0,25,0
Germany,"Inflation, consumer prices (annual %)",FP.CPI.TOTL.ZG,0,25,0
Germany,"Labor force participation rate, female (% of female population ages 15+) (national estimate)",SL.TLF.CACT.FE.NE.ZS,0,25,0
Germany,"Population, female",SP.POP.TOTL.FE.IN,0,25,0
Germany,"Population, female (% of total population)",SP.POP.TOTL.FE.ZS,0,25,0
Germany,"Population, male",SP.POP.TOTL.MA.IN,0,25,0
Germany,"Population, male (% of total population)",SP.POP.TOTL.MA.ZS,0,25,0
Germany,Ratio of female to male labor force participation rate (%) (national estimate),SL.TLF.CACT.FM.NE.ZS,0,25,0
Germany,"Unemployment, youth female (% of female labor force ages 15-24) (national estimate)",SL.UEM.1524.FE.NE.ZS,0,25,0
Germany,Wanted fertility rate (births per woman),SP.DYN.WFRT,0,25,0
Germany,"Women making their own informed decisions regarding sexual relations, contraceptive use and reproductive health care (% of women age 15-49)",SG.DMK.SRCR.FN.ZS,0,25,0
Germany,Women's share of population ages 15+ living with HIV (%),SH.DYN.AIDS.FE.ZS,0,25,0
Germany,"Contraceptive prevalence, any method (% of married women ages 15-49)",SP.DYN.CONU.ZS,0,25,0
Germany,Coverage of social insurance programs (% of population),per_si_allsi.cov_pop_tot,0,25,0
Germany,Coverage of social safety net programs (% of population),per_sa_allsa.cov_pop_tot,0,25,0
Germany,Demand for family planning satisfied by modern methods (% of married women with demand for family planning),SH.FPL.SATM.ZS,0,25,0
Germany,Diabetes prevalence (% of population ages 20 to 79),SH.STA.DIAB.ZS,0,25,0
Germany,"Life expectancy at birth, total (years)",SP.DYN.LE00.IN,0,25,0
Germany,"Life expectancy at birth, female (years)",SP.DYN.LE00.FE.IN,0,25,0
Germany,"Life expectancy at birth, male (years)",SP.DYN.LE00.MA.IN,0,25,0
Germany,"Nurses and midwives (per 1,000 people)",SH.MED.NUMW.P3,0,25,0
Germany,Prevalence of anemia among women of reproductive age (% of women ages 15-49),SH.ANM.ALLW.ZS,0,25,0
Germany,Prevalence of anemia among pregnant women (%),SH.PRG.ANEM,0,25,0
Germany,"Prevalence of HIV, female (% ages 15-24)",SH.HIV.1524.FE.ZS,0,25,0
Germany,"Prevalence of HIV, male (% ages 15-24)",SH.HIV.1524.MA.ZS,0,25,0
Germany,"Prevalence of HIV, total (% of population ages 15-49)",SH.DYN.AIDS.ZS,0,25,0
Ghana,Adjusted net national income (current US$),NY.ADJ.NNTY.CD,0,25,0
Ghana,"Adolescent fertility rate (births per 1,000 women ages 15-19)",SP.ADO.TFRT,0,25,0
Ghana,Gross savings (% of GDP),NY.GNS.ICTR.ZS,0,25,0
Ghana,"Inflation, consumer prices (annual %)",FP.CPI.TOTL.ZG,0,25,0
Ghana,"Labor force participation rate, female (% of female population ages 15+) (national estimate)",SL.TLF.CACT.FE.NE.ZS,0,25,0
Ghana,"Population, female",SP.POP.TOTL.FE.IN,0,25,0
Ghana,"Population, female (% of total population)",SP.POP.TOTL.FE.ZS,0,25,0
Ghana,"Population, male",SP.POP.TOTL.MA.IN,0,25,0
Ghana,"Population, male (% of total population)",SP.POP.TOTL.MA.ZS,0,25,0
Ghana,Ratio of female to male labor force participation rate (%) (national estimate),SL.TLF.CACT.FM.NE.ZS,0,25,0
Ghana,"Unemployment, youth female (% of female labor force ages 15-24) (national estimate)",SL.UEM.1524.FE.NE.ZS,0,25,0
Ghana,Wanted fertility rate (births per woman),SP.DYN.WFRT,0,25,0
Ghana,"Women making their own informed decisions regarding sexual relations, contraceptive use and reproductive health care (% of women age 15-49)",SG.DMK.SRCR.FN.ZS,0,25,0
Ghana,Women's share of population ages 15+ living with HIV (%),SH.DYN.AIDS.FE.ZS,0,25,0
Ghana,"Contraceptive prevalence, any method (% of married women ages 15-49)",SP.DYN.CONU.ZS,0,25,0
Ghana,Coverage of social insurance programs (% of population),per_si_allsi.cov_pop_tot,0,25,0
Ghana,Coverage of social safety net programs (% of population),per_sa_allsa.cov_pop_tot,0,25,0
Ghana,Demand for family planning satisfied by modern methods (% of married women with demand for family planning),SH.FPL.SATM.ZS,0,25,0
Ghana,Diabetes prevalence (% of population ages 20 to 79),SH.STA.DIAB.ZS,0,25,0
Ghana,"Life expectancy at birth, total (years)",SP.DYN.LE00.IN,0,25,0
Ghana,"Life expectancy at birth, female (years)",SP.DYN.LE00.FE.IN,0,25,0
Ghana,"Life expectancy at birth, male (years)",SP.DYN.LE00.MA.IN,0,25,0
Ghana,"Nurses and midwives (per 1,000 people)",SH.MED.NUMW.P3,0,25,0
Ghana,Prevalence of anemia among women of reproductive age (% of women ages 15-49),SH.ANM.ALLW.ZS,0,25,0
Ghana,Prevalence of anemia among pregnant women (%),SH.PRG.ANEM,0,25,0
Ghana,"Prevalence of HIV, female (% ages 15-24)",SH.HIV.1524.FE.ZS,0,25,0
Ghana,"Prevalence of HIV, male (% ages 15-24)",SH.HIV.1524.MA.ZS,0,25,0
Ghana,"Prevalence of HIV, total (% of population ages 15-49)",SH.DYN.AIDS.ZS,0,25,0
Gibraltar,Adjusted net national income (current US$),NY.ADJ.NNTY.CD,0,25,0
Gibraltar,"Adolescent fertility rate (births per 1,000 women ages 15-19)",SP.ADO.TFRT,0,25,0
Gibraltar,Gross savings (% of GDP),NY.GNS.ICTR.ZS,0,25,0
Gibraltar,"Inflation, consumer prices (annual %)",FP.CPI.TOTL.ZG,0,25,0
Gibraltar,"Labor force participation rate, female (% of female population ages 15+) (national estimate)",SL.TLF.CACT.FE.NE.ZS,0,25,0
Gibraltar,"Population, female",SP.POP.TOTL.FE.IN,0,25,0
Gibraltar,"Population, female (% of total population)",SP.POP.TOTL.FE.ZS,0,25,0
Gibraltar,"Population, male",SP.POP.TOTL.MA.IN,0,25,0
Gibraltar,"Population, male (% of total population)",SP.POP.TOTL.MA.ZS,0,25,0
Gibraltar,Ratio of female to male labor force participation rate (%) (national estimate),SL.TLF.CACT.FM.NE.ZS,0,25,0
Gibraltar,"Unemployment, youth female (% of female labor force ages 15-24) (national estimate)",SL.UEM.1524.FE.NE.ZS,0,25,0
Gibraltar,Wanted fertility rate (births per woman),SP.DYN.WFRT,0,25,0
Gibraltar,"Women making their own informed decisions regarding sexual relations, contraceptive use and reproductive health care (% of women age 15-49)",SG.DMK.SRCR.FN.ZS,0,25,0
Gibraltar,Women's share of population ages 15+ living with HIV (%),SH.DYN.AIDS.FE.ZS,0,25,0
Gibraltar,"Contraceptive prevalence, any method (% of married women ages 15-49)",SP.DYN.CONU.ZS,0,25,0
Gibraltar,Coverage of social insurance programs (% of population),per_si_allsi.cov_pop_tot,0,25,0
Gibraltar,Coverage of social safety net programs (% of population),per_sa_allsa.cov_pop_tot,0,25,0
Gibraltar,Demand for family planning satisfied by modern methods (% of married women with demand for family planning),SH.FPL.SATM.ZS,0,25,0
Gibraltar,Diabetes prevalence (% of population ages 20 to 79),SH.STA.DIAB.ZS,0,25,0
Gibraltar,"Life expectancy at birth, total (years)",SP.DYN.LE00.IN,0,25,0
Gibraltar,"Life expectancy at birth, female (years)",SP.DYN.LE00.FE.IN,0,25,0
Gibraltar,"Life expectancy at birth, male (years)",SP.DYN.LE00.MA.IN,0,25,0
Gibraltar,"Nurses and midwives (per 1,000 people)",SH.MED.NUMW.P3,0,25,0
Gibraltar,Prevalence of anemia among women of reproductive age (% of women ages 15-49),SH.ANM.ALLW.ZS,0,25,0
Gibraltar,Prevalence of anemia among pregnant women (%),SH.PRG.ANEM,0,25,0
Gibraltar,"Prevalence of HIV, female (% ages 15-24)",SH.HIV.1524.FE.ZS,0,25,0
Gibraltar,"Prevalence of HIV, male (% ages 15-24)",SH.HIV.1524.MA.ZS,0,25,0
Gibraltar,"Prevalence of HIV, total (% of population ages 15-49)",SH.DYN.AIDS.ZS,0,25,0
Greece,Adjusted net national income (current US$),NY.ADJ.NNTY.CD,0,25,0
Greece,"Adolescent fertility rate (births per 1,000 women ages 15-19)",SP.ADO.TFRT,0,25,0
Greece,Gross savings (% of GDP),NY.GNS.ICTR.ZS,0,25,0
Greece,"Inflation, consumer prices (annual %)",FP.CPI.TOTL.ZG,0,25,0
Greece,"Labor force participation rate, female (% of female population ages 15+) (national estimate)",SL.TLF.CACT.FE.NE.ZS,0,25,0
Greece,"Population, female",SP.POP.TOTL.FE.IN,0,25,0
Greece,"Population, female (% of total population)",SP.POP.TOTL.FE.ZS,0,25,0
Greece,"Population, male",SP.POP.TOTL.MA.IN,0,25,0
Greece,"Population, male (% of total population)",SP.POP.TOTL.MA.ZS,0,25,0
Greece,Ratio of female to male labor force participation rate (%) (national estimate),SL.TLF.CACT.FM.NE.ZS,0,25,0
Greece,"Unemployment, youth female (% of female labor force ages 15-24) (national estimate)",SL.UEM.1524.FE.NE.ZS,0,25,0
Greece,Wanted fertility rate (births per woman),SP.DYN.WFRT,0,25,0
Greece,"Women making their own informed decisions regarding sexual relations, contraceptive use and reproductive health care (% of women age 15-49)",SG.DMK.SRCR.FN.ZS,0,25,0
Greece,Women's share of population ages 15+ living with HIV (%),SH.DYN.AIDS.FE.ZS,0,25,0
Greece,"Contraceptive prevalence, any method (% of married women ages 15-49)",SP.DYN.CONU.ZS,0,25,0
Greece,Coverage of social insurance programs (% of population),per_si_allsi.cov_pop_tot,0,25,0
Greece,Coverage of social safety net programs (% of population),per_sa_allsa.cov_pop_tot,0,25,0
Greece,Demand for family planning satisfied by modern methods (% of married women with demand for family planning),SH.FPL.SATM.ZS,0,25,0
Greece,Diabetes prevalence (% of population ages 20 to 79),SH.STA.DIAB.ZS,0,25,0
Greece,"Life expectancy at birth, total (years)",SP.DYN.LE00.IN,0,25,0
Greece,"Life expectancy at birth, female (years)",SP.DYN.LE00.FE.IN,0,25,0
Greece,"Life expectancy at birth, male (years)",SP.DYN.LE00.MA.IN,0,25,0
Greece,"Nurses and midwives (per 1,000 people)",SH.MED.NUMW.P3,0,25,0
Greece,Prevalence of anemia among women of reproductive age (% of women ages 15-49),SH.ANM.ALLW.ZS,0,25,0
Greece,Prevalence of anemia among pregnant women (%),SH.PRG.ANEM,0,25,0
Greece,"Prevalence of HIV, female (% ages 15-24)",SH.HIV.1524.FE.ZS,0,25,0
Greece,"Prevalence of HIV, male (% ages 15-24)",SH.HIV.1524.MA.ZS,0,25,0
Greece,"Prevalence of HIV, total (% of population ages 15-49)",SH.DYN.AIDS.ZS,0,25,0
Greenland,Adjusted net national income (current US$),NY.ADJ.NNTY.CD,0,25,0
Greenland,"Adolescent fertility rate (births per 1,000 women ages 15-19)",SP.ADO.TFRT,0,25,0
Greenland,Gross savings (% of GDP),NY.GNS.ICTR.ZS,0,25,0
Greenland,"Inflation, consumer prices (annual %)",FP.CPI.TOTL.ZG,0,25,0
Greenland,"Labor force participation rate, female (% of female population ages 15+) (national estimate)",SL.TLF.CACT.FE.NE.ZS,0,25,0
Greenland,"Population, female",SP.POP.TOTL.FE.IN,0,25,0
Greenland,"Population, female (% of total population)",SP.POP.TOTL.FE.ZS,0,25,0
Greenland,"Population, male",SP.POP.TOTL.MA.IN,0,25,0
Greenland,"Population, male (% of total population)",SP.POP.TOTL.MA.ZS,0,25,0
Greenland,Ratio of female to male labor force participation rate (%) (national estimate),SL.TLF.CACT.FM.NE.ZS,0,25,0
Greenland,"Unemployment, youth female (% of female labor force ages 15-24) (national estimate)",SL.UEM.1524.FE.NE.ZS,0,25,0
Greenland,Wanted fertility rate (births per woman),SP.DYN.WFRT,0,25,0
Greenland,"Women making their own informed decisions regarding sexual relations, contraceptive use and reproductive health care (% of women age 15-49)",SG.DMK.SRCR.FN.ZS,0,25,0
Greenland,Women's share of population ages 15+ living with HIV (%),SH.DYN.AIDS.FE.ZS,0,25,0
Greenland,"Contraceptive prevalence, any method (% of married women ages 15-49)",SP.DYN.CONU.ZS,0,25,0
Greenland,Coverage of social insurance programs (% of population),per_si_allsi.cov_pop_tot,0,25,0
Greenland,Coverage of social safety net programs (% of population),per_sa_allsa.cov_pop_tot,0,25,0
Greenland,Demand for family planning satisfied by modern methods (% of married women with demand for family planning),SH.FPL.SATM.ZS,0,25,0
Greenland,Diabetes prevalence (% of population ages 20 to 79),SH.STA.DIAB.ZS,0,25,0
Greenland,"Life expectancy at birth, total (years)",SP.DYN.LE00.IN,0,25,0
Greenland,"Life expectancy at birth, female (years)",SP.DYN.LE00.FE.IN,0,25,0
Greenland,"Life expectancy at birth, male (years)",SP.DYN.LE00.MA.IN,0,25,0
Greenland,"Nurses and midwives (per 1,000 people)",SH.MED.NUMW.P3,0,25,0
Greenland,Prevalence of anemia among women of reproductive age (% of women ages 15-49),SH.ANM.ALLW.ZS,0,25,0
Greenland,Prevalence of anemia among pregnant women (%),SH.PRG.ANEM,0,25,0
Greenland,"Prevalence of HIV, female (% ages 15-24)",SH.HIV.1524.FE.ZS,0,25,0
Greenland,"Prevalence of HIV, male (% ages 15-24)",SH.HIV.1524.MA.ZS,0,25,0
Greenland,"Prevalence of HIV, total (% of population ages 15-49)",SH.DYN.AIDS.ZS,0,25,0
Grenada,Adjusted net national income (current US$),NY.ADJ.NNTY.CD,0,25,0
Grenada,"Adolescent fertility rate (births per 1,000 women ages 15-19)",SP.ADO.TFRT,0,25,0
Grenada,Gross savings (% of GDP),NY.GNS.ICTR.ZS,0,25,0
Grenada,"Inflation, consumer prices (annual %)",FP.CPI.TOTL.ZG,0,25,0
Grenada,"Labor force participation rate, female (% of female population ages 15+) (national estimate)",SL.TLF.CACT.FE.NE.ZS,0,25,0
Grenada,"Population, female",SP.POP.TOTL.FE.IN,0,25,0
Grenada,"Population, female (% of total population)",SP.POP.TOTL.FE.ZS,0,25,0
Grenada,"Population, male",SP.POP.TOTL.MA.IN,0,25,0
Grenada,"Population, male (% of total population)",SP.POP.TOTL.MA.ZS,0,25,0
Grenada,Ratio of female to male labor force participation rate (%) (national estimate),SL.TLF.CACT.FM.NE.ZS,0,25,0
Grenada,"Unemployment, youth female (% of female labor force ages 15-24) (national estimate)",SL.UEM.1524.FE.NE.ZS,0,25,0
Grenada,Wanted fertility rate (births per woman),SP.DYN.WFRT,0,25,0
Grenada,"Women making their own informed decisions regarding sexual relations, contraceptive use and reproductive health care (% of women age 15-49)",SG.DMK.SRCR.FN.ZS,0,25,0
Grenada,Women's share of population ages 15+ living with HIV (%),SH.DYN.AIDS.FE.ZS,0,25,0
Grenada,"Contraceptive prevalence, any method (% of married women ages 15-49)",SP.DYN.CONU.ZS,0,25,0
Grenada,Coverage of social insurance programs (% of population),per_si_allsi.cov_pop_tot,0,25,0
Grenada,Coverage of social safety net programs (% of population),per_sa_allsa.cov_pop_tot,0,25,0
Grenada,Demand for family planning satisfied by modern methods (% of married women with demand for family planning),SH.FPL.SATM.ZS,0,25,0
Grenada,Diabetes prevalence (% of population ages 20 to 79),SH.STA.DIAB.ZS,0,25,0
Grenada,"Life expectancy at birth, total (years)",SP.DYN.LE00.IN,0,25,0
Grenada,"Life expectancy at birth, female (years)",SP.DYN.LE00.FE.IN,0,25,0
Grenada,"Life expectancy at birth, male (years)",SP.DYN.LE00.MA.IN,0,25,0
Grenada,"Nurses and midwives (per 1,000 people)",SH.MED.NUMW.P3,0,25,0
Grenada,Prevalence of anemia among women of reproductive age (% of women ages 15-49),SH.ANM.ALLW.ZS,0,25,0
Grenada,Prevalence of anemia among pregnant women (%),SH.PRG.ANEM,0,25,0
Grenada,"Prevalence of HIV, female (% ages 15-24)",SH.HIV.1524.FE.ZS,0,25,0
Grenada,"Prevalence of HIV, male (% ages 15-24)",SH.HIV.1524.MA.ZS,0,25,0
Grenada,"Prevalence of HIV, total (% of population ages 15-49)",SH.DYN.AIDS.ZS,0,25,0
Guam,Adjusted net national income (current US$),NY.ADJ.NNTY.CD,0,25,0
Guam,"Adolescent fertility rate (births per 1,000 women ages 15-19)",SP.ADO.TFRT,0,25,0
Guam,Gross savings (% of GDP),NY.GNS.ICTR.ZS,0,25,0
Guam,"Inflation, consumer prices (annual %)",FP.CPI.TOTL.ZG,0,25,0
Guam,"Labor force participation rate, female (% of female population ages 15+) (national estimate)",SL.TLF.CACT.FE.NE.ZS,0,25,0
Guam,"Population, female",SP.POP.TOTL.FE.IN,0,25,0
Guam,"Population, female (% of total population)",SP.POP.TOTL.FE.ZS,0,25,0
Guam,"Population, male",SP.POP.TOTL.MA.IN,0,25,0
Guam,"Population, male (% of total population)",SP.POP.TOTL.MA.ZS,0,25,0
Guam,Ratio of female to male labor force participation rate (%) (national estimate),SL.TLF.CACT.FM.NE.ZS,0,25,0
Guam,"Unemployment, youth female (% of female labor force ages 15-24) (national estimate)",SL.UEM.1524.FE.NE.ZS,0,25,0
Guam,Wanted fertility rate (births per woman),SP.DYN.WFRT,0,25,0
Guam,"Women making their own informed decisions regarding sexual relations, contraceptive use and reproductive health care (% of women age 15-49)",SG.DMK.SRCR.FN.ZS,0,25,0
Guam,Women's share of population ages 15+ living with HIV (%),SH.DYN.AIDS.FE.ZS,0,25,0
Guam,"Contraceptive prevalence, any method (% of married women ages 15-49)",SP.DYN.CONU.ZS,0,25,0
Guam,Coverage of social insurance programs (% of population),per_si_allsi.cov_pop_tot,0,25,0
Guam,Coverage of social safety net programs (% of population),per_sa_allsa.cov_pop_tot,0,25,0
Guam,Demand for family planning satisfied by modern methods (% of married women with demand for family planning),SH.FPL.SATM.ZS,0,25,0
Guam,Diabetes prevalence (% of population ages 20 to 79),SH.STA.DIAB.ZS,0,25,0
Guam,"Life expectancy at birth, total (years)",SP.DYN.LE00.IN,0,25,0
Guam,"Life expectancy at birth, female (years)",SP.DYN.LE00.FE.IN,0,25,0
Guam,"Life expectancy at birth, male (years)",SP.DYN.LE00.MA.IN,0,25,0
Guam,"Nurses and midwives (per 1,000 people)",SH.MED.NUMW.P3,0,25,0
Guam,Prevalence of anemia among women of reproductive age (% of women ages 15-49),SH.ANM.ALLW.ZS,0,25,0
Guam,Prevalence of anemia among pregnant women (%),SH.PRG.ANEM,0,25,0
Guam,"Prevalence of HIV, female (% ages 15-24)",SH.HIV.1524.FE.ZS,0,25,0
Guam,"Prevalence of HIV, male (% ages 15-24)",SH.HIV.1524.MA.ZS,0,25,0
Guam,"Prevalence of HIV, total (% of population ages 15-49)",SH.DYN.AIDS.ZS,0,25,0
Guatemala,Adjusted net national income (current US$),NY.ADJ.NNTY.CD,0,25,0
Guatemala,"Adolescent fertility rate (births per 1,000 women ages 15-19)",SP.ADO.TFRT,0,25,0
Guatemala,Gross savings (% of GDP),NY.GNS.ICTR.ZS,0,25,0
Guatemala,"Inflation, consumer prices (annual %)",FP.CPI.TOTL.ZG,0,25,0
Guatemala,"Labor force participation rate, female (% of female population ages 15+) (national estimate)",SL.TLF.CACT.FE.NE.ZS,0,25,0
Guatemala,"Population, female",SP.POP.TOTL.FE.IN,0,25,0
Guatemala,"Population, female (% of total population)",SP.POP.TOTL.FE.ZS,0,25,0
Guatemala,"Population, male",SP.POP.TOTL.MA.IN,0,25,0
Guatemala,"Population, male (% of total population)",SP.POP.TOTL.MA.ZS,0,25,0
Guatemala,Ratio of female to male labor force participation rate (%) (national estimate),SL.TLF.CACT.FM.NE.ZS,0,25,0
Guatemala,"Unemployment, youth female (% of female labor force ages 15-24) (national estimate)",SL.UEM.1524.FE.NE.ZS,0,25,0
Guatemala,Wanted fertility rate (births per woman),SP.DYN.WFRT,0,25,0
Guatemala,"Women making their own informed decisions regarding sexual relations, contraceptive use and reproductive health care (% of women age 15-49)",SG.DMK.SRCR.FN.ZS,0,25,0
Guatemala,Women's share of population ages 15+ living with HIV (%),SH.DYN.AIDS.FE.ZS,0,25,0
Guatemala,"Contraceptive prevalence, any method (% of married women ages 15-49)",SP.DYN.CONU.ZS,0,25,0
Guatemala,Coverage of social insurance programs (% of population),per_si_allsi.cov_pop_tot,0,25,0
Guatemala,Coverage of social safety net programs (% of population),per_sa_allsa.cov_pop_tot,0,25,0
Guatemala,Demand for family planning satisfied by modern methods (% of married women with demand for family planning),SH.FPL.SATM.ZS,0,25,0
Guatemala,Diabetes prevalence (% of population ages 20 to 79),SH.STA.DIAB.ZS,0,25,0
Guatemala,"Life expectancy at birth, total (years)",SP.DYN.LE00.IN,0,25,0
Guatemala,"Life expectancy at birth, female (years)",SP.DYN.LE00.FE.IN,0,25,0
Guatemala,"Life expectancy at birth, male (years)",SP.DYN.LE00.MA.IN,0,25,0
Guatemala,"Nurses and midwives (per 1,000 people)",SH.MED.NUMW.P3,0,25,0
Guatemala,Prevalence of anemia among women of reproductive age (% of women ages 15-49),SH.ANM.ALLW.ZS,0,25,0
Guatemala,Prevalence of anemia among pregnant women (%),SH.PRG.ANEM,0,25,0
Guatemala,"Prevalence of HIV, female (% ages 15-24)",SH.HIV.1524.FE.ZS,0,25,0
Guatemala,"Prevalence of HIV, male (% ages 15-24)",SH.HIV.1524.MA.ZS,0,25,0
Guatemala,"Prevalence of HIV, total (% of population ages 15-49)",SH.DYN.AIDS.ZS,0,25,0
Guinea,Adjusted net national income (current US$),NY.ADJ.NNTY.CD,0,25,0
Guinea,"Adolescent fertility rate (births per 1,000 women ages 15-19)",SP.ADO.TFRT,0,25,0
Guinea,Gross savings (% of GDP),NY.GNS.ICTR.ZS,0,25,0
Guinea,"Inflation, consumer prices (annual %)",FP.CPI.TOTL.ZG,0,25,0
Guinea,"Labor force participation rate, female (% of female population ages 15+) (national estimate)",SL.TLF.CACT.FE.NE.ZS,0,25,0
Guinea,"Population, female",SP.POP.TOTL.FE.IN,0,25,0
Guinea,"Population, female (% of total population)",SP.POP.TOTL.FE.ZS,0,25,0
Guinea,"Population, male",SP.POP.TOTL.MA.IN,0,25,0
Guinea,"Population, male (% of total population)",SP.POP.TOTL.MA.ZS,0,25,0
Guinea,Ratio of female to male labor force participation rate (%) (national estimate),SL.TLF.CACT.FM.NE.ZS,0,25,0
Guinea,"Unemployment, youth female (% of female labor force ages 15-24) (national estimate)",SL.UEM.1524.FE.NE.ZS,0,25,0
Guinea,Wanted fertility rate (births per woman),SP.DYN.WFRT,0,25,0
Guinea,"Women making their own informed decisions regarding sexual relations, contraceptive use and reproductive health care (% of women age 15-49)",SG.DMK.SRCR.FN.ZS,0,25,0
Guinea,Women's share of population ages 15+ living with HIV (%),SH.DYN.AIDS.FE.ZS,0,25,0
Guinea,"Contraceptive prevalence, any method (% of married women ages 15-49)",SP.DYN.CONU.ZS,0,25,0
Guinea,Coverage of social insurance programs (% of population),per_si_allsi.cov_pop_tot,0,25,0
Guinea,Coverage of social safety net programs (% of population),per_sa_allsa.cov_pop_tot,0,25,0
Guinea,Demand for family planning satisfied by modern methods (% of married women with demand for family planning),SH.FPL.SATM.ZS,0,25,0
Guinea,Diabetes prevalence (% of population ages 20 to 79),SH.STA.DIAB.ZS,0,25,0
Guinea,"Life expectancy at birth, total (years)",SP.DYN.LE00.IN,0,25,0
Guinea,"Life expectancy at birth, female (years)",SP.DYN.LE00.FE.IN,0,25,0
Guinea,"Life expectancy at birth, male (years)",SP.DYN.LE00.MA.IN,0,25,0
Guinea,"Nurses and midwives (per 1,000 people)",SH.MED.NUMW.P3,0,25,0
Guinea,Prevalence of anemia among women of reproductive age (% of women ages 15-49),SH.ANM.ALLW.ZS,0,25,0
Guinea,Prevalence of anemia among pregnant women (%),SH.PRG.ANEM,0,25,0
Guinea,"Prevalence of HIV, female (% ages 15-24)",SH.HIV.1524.FE.ZS,0,25,0
Guinea,"Prevalence of HIV, male (% ages 15-24)",SH.HIV.1524.MA.ZS,0,25,0
Guinea,"Prevalence of HIV, total (% of population ages 15-49)",SH.DYN.AIDS.ZS,0,25,0
Guinea-Bissau,Adjusted net national income (current US$),NY.ADJ.NNTY.CD,0,25,0
Guinea-Bissau,"Adolescent fertility rate (births per 1,000 women ages 15-19)",SP.ADO.TFRT,0,25,0
Guinea-Bissau,Gross savings (% of GDP),NY.GNS.ICTR.ZS,0,25,0
Guinea-Bissau,"Inflation, consumer prices (annual %)",FP.CPI.TOTL.ZG,0,25,0
Guinea-Bissau,"Labor force participation rate, female (% of female population ages 15+) (national estimate)",SL.TLF.CACT.FE.NE.ZS,0,25,0
Guinea-Bissau,"Population, female",SP.POP.TOTL.FE.IN,0,25,0
Guinea-Bissau,"Population, female (% of total population)",SP.POP.TOTL.FE.ZS,0,25,0
Guinea-Bissau,"Population, male",SP.POP.TOTL.MA.IN,0,25,0
Guinea-Bissau,"Population, male (% of total population)",SP.POP.TOTL.MA.ZS,0,25,0
Guinea-Bissau,Ratio of female to male labor force participation rate (%) (national estimate),SL.TLF.CACT.FM.NE.ZS,0,25,0
Guinea-Bissau,"Unemployment, youth female (% of female labor force ages 15-24) (national estimate)",SL.UEM.1524.FE.NE.ZS,0,25,0
Guinea-Bissau,Wanted fertility rate (births per woman),SP.DYN.WFRT,0,25,0
Guinea-Bissau,"Women making their own informed decisions regarding sexual relations, contraceptive use and reproductive health care (% of women age 15-49)",SG.DMK.SRCR.FN.ZS,0,25,0
Guinea-Bissau,Women's share of population ages 15+ living with HIV (%),SH.DYN.AIDS.FE.ZS,0,25,0
Guinea-Bissau,"Contraceptive prevalence, any method (% of married women ages 15-49)",SP.DYN.CONU.ZS,0,25,0
Guinea-Bissau,Coverage of social insurance programs (% of population),per_si_allsi.cov_pop_tot,0,25,0
Guinea-Bissau,Coverage of social safety net programs (% of population),per_sa_allsa.cov_pop_tot,0,25,0
Guinea-Bissau,Demand for family planning satisfied by modern methods (% of married women with demand for family planning),SH.FPL.SATM.ZS,0,25,0
Guinea-Bissau,Diabetes prevalence (% of population ages 20 to 79),SH.STA.DIAB.ZS,0,25,0
Guinea-Bissau,"Life expectancy at birth, total (years)",SP.DYN.LE00.IN,0,25,0
Guinea-Bissau,"Life expectancy at birth, female (years)",SP.DYN.LE00.FE.IN,0,25,0
Guinea-Bissau,"Life expectancy at birth, male (years)",SP.DYN.LE00.MA.IN,0,25,0
Guinea-Bissau,"Nurses and midwives (per 1,000 people)",SH.MED.NUMW.P3,0,25,0
Guinea-Bissau,Prevalence of anemia among women of reproductive age (% of women ages 15-49),SH.ANM.ALLW.ZS,0,25,0
Guinea-Bissau,Prevalence of anemia among pregnant women (%),SH.PRG.ANEM,0,25,0
Guinea-Bissau,"Prevalence of HIV, female (% ages 15-24)",SH.HIV.1524.FE.ZS,0,25,0
Guinea-Bissau,"Prevalence of HIV, male (% ages 15-24)",SH.HIV.1524.MA.ZS,0,25,0
Guinea-Bissau,"Prevalence of HIV, total (% of population ages 15-49)",SH.DYN.AIDS.ZS,0,25,0
Guyana,Adjusted net national income (current US$),NY.ADJ.NNTY.CD,0,25,0
Guyana,"Adolescent fertility rate (births per 1,000 women ages 15-19)",SP.ADO.TFRT,0,25,0
Guyana,Gross savings (% of GDP),NY.GNS.ICTR.ZS,0,25,0
Guyana,"Inflation, consumer prices (annual %)",FP.CPI.TOTL.ZG,0,25,0
Guyana,"Labor force participation rate, female (% of female population ages 15+) (national estimate)",SL.TLF.CACT.FE.NE.ZS,0,25,0
Guyana,"Population, female",SP.POP.TOTL.FE.IN,0,25,0
Guyana,"Population, female (% of total population)",SP.POP.TOTL.FE.ZS,0,25,0
Guyana,"Population, male",SP.POP.TOTL.MA.IN,0,25,0
Guyana,"Population, male (% of total population)",SP.POP.TOTL.MA.ZS,0,25,0
Guyana,Ratio of female to male labor force participation rate (%) (national estimate),SL.TLF.CACT.FM.NE.ZS,0,25,0
Guyana,"Unemployment, youth female (% of female labor force ages 15-24) (national estimate)",SL.UEM.1524.FE.NE.ZS,0,25,0
Guyana,Wanted fertility rate (births per woman),SP.DYN.WFRT,0,25,0
Guyana,"Women making their own informed decisions regarding sexual relations, contraceptive use and reproductive health care (% of women age 15-49)",SG.DMK.SRCR.FN.ZS,0,25,0
Guyana,Women's share of population ages 15+ living with HIV (%),SH.DYN.AIDS.FE.ZS,0,25,0
Guyana,"Contraceptive prevalence, any method (% of married women ages 15-49)",SP.DYN.CONU.ZS,0,25,0
Guyana,Coverage of social insurance programs (% of population),per_si_allsi.cov_pop_tot,0,25,0
Guyana,Coverage of social safety net programs (% of population),per_sa_allsa.cov_pop_tot,0,25,0
Guyana,Demand for family planning satisfied by modern methods (% of married women with demand for family planning),SH.FPL.SATM.ZS,0,25,0
Guyana,Diabetes prevalence (% of population ages 20 to 79),SH.STA.DIAB.ZS,0,25,0
Guyana,"Life expectancy at birth, total (years)",SP.DYN.LE00.IN,0,25,0
Guyana,"Life expectancy at birth, female (years)",SP.DYN.LE00.FE.IN,0,25,0
Guyana,"Life expectancy at birth, male (years)",SP.DYN.LE00.MA.IN,0,25,0
Guyana,"Nurses and midwives (per 1,000 people)",SH.MED.NUMW.P3,0,25,0
Guyana,Prevalence of anemia among women of reproductive age (% of women ages 15-49),SH.ANM.ALLW.ZS,0,25,0
Guyana,Prevalence of anemia among pregnant women (%),SH.PRG.ANEM,0,25,0
Guyana,"Prevalence of HIV, female (% ages 15-24)",SH.HIV.1524.FE.ZS,0,25,0
Guyana,"Prevalence of HIV, male (% ages 15-24)",SH.HIV.1524.MA.ZS,0,25,0
Guyana,"Prevalence of HIV, total (% of population ages 15-49)",SH.DYN.AIDS.ZS,0,25,0
Haiti,Adjusted net national income (current US$),NY.ADJ.NNTY.CD,0,25,0
Haiti,"Adolescent fertility rate (births per 1,000 women ages 15-19)",SP.ADO.TFRT,0,25,0
Haiti,Gross savings (% of GDP),NY.GNS.ICTR.ZS,0,25,0
Haiti,"Inflation, consumer prices (annual %)",FP.CPI.TOTL.ZG,0,25,0
Haiti,"Labor force participation rate, female (% of female population ages 15+) (national estimate)",SL.TLF.CACT.FE.NE.ZS,0,25,0
Haiti,"Population, female",SP.POP.TOTL.FE.IN,0,25,0
Haiti,"Population, female (% of total population)",SP.POP.TOTL.FE.ZS,0,25,0
Haiti,"Population, male",SP.POP.TOTL.MA.IN,0,25,0
Haiti,"Population, male (% of total population)",SP.POP.TOTL.MA.ZS,0,25,0
Haiti,Ratio of female to male labor force participation rate (%) (national estimate),SL.TLF.CACT.FM.NE.ZS,0,25,0
Haiti,"Unemployment, youth female (% of female labor force ages 15-24) (national estimate)",SL.UEM.1524.FE.NE.ZS,0,25,0
Haiti,Wanted fertility rate (births per woman),SP.DYN.WFRT,0,25,0
Haiti,"Women making their own informed decisions regarding sexual relations, contraceptive use and reproductive health care (% of women age 15-49)",SG.DMK.SRCR.FN.ZS,0,25,0
Haiti,Women's share of population ages 15+ living with HIV (%),SH.DYN.AIDS.FE.ZS,0,25,0
Haiti,"Contraceptive prevalence, any method (% of married women ages 15-49)",SP.DYN.CONU.ZS,0,25,0
Haiti,Coverage of social insurance programs (% of population),per_si_allsi.cov_pop_tot,0,25,0
Haiti,Coverage of social safety net programs (% of population),per_sa_allsa.cov_pop_tot,0,25,0
Haiti,Demand for family planning satisfied by modern methods (% of married women with demand for family planning),SH.FPL.SATM.ZS,0,25,0
Haiti,Diabetes prevalence (% of population ages 20 to 79),SH.STA.DIAB.ZS,0,25,0
Haiti,"Life expectancy at birth, total (years)",SP.DYN.LE00.IN,0,25,0
Haiti,"Life expectancy at birth, female (years)",SP.DYN.LE00.FE.IN,0,25,0
Haiti,"Life expectancy at birth, male (years)",SP.DYN.LE00.MA.IN,0,25,0
Haiti,"Nurses and midwives (per 1,000 people)",SH.MED.NUMW.P3,0,25,0
Haiti,Prevalence of anemia among women of reproductive age (% of women ages 15-49),SH.ANM.ALLW.ZS,0,25,0
Haiti,Prevalence of anemia among pregnant women (%),SH.PRG.ANEM,0,25,0
Haiti,"Prevalence of HIV, female (% ages 15-24)",SH.HIV.1524.FE.ZS,0,25,0
Haiti,"Prevalence of HIV, male (% ages 15-24)",SH.HIV.1524.MA.ZS,0,25,0
Haiti,"Prevalence of HIV, total (% of population ages 15-49)",SH.DYN.AIDS.ZS,0,25,0
Honduras,Adjusted net national income (current US$),NY.ADJ.NNTY.CD,0,25,0
Honduras,"Adolescent fertility rate (births per 1,000 women ages 15-19)",SP.ADO.TFRT,0,25,0
Honduras,Gross savings (% of GDP),NY.GNS.ICTR.ZS,0,25,0
Honduras,"Inflation, consumer prices (annual %)",FP.CPI.TOTL.ZG,0,25,0
Honduras,"Labor force participation rate, female (% of female population ages 15+) (national estimate)",SL.TLF.CACT.FE.NE.ZS,0,25,0
Honduras,"Population, female",SP.POP.TOTL.FE.IN,0,25,0
Honduras,"Population, female (% of total population)",SP.POP.TOTL.FE.ZS,0,25,0
Honduras,"Population, male",SP.POP.TOTL.MA.IN,0,25,0
Honduras,"Population, male (% of total population)",SP.POP.TOTL.MA.ZS,0,25,0
Honduras,Ratio of female to male labor force participation rate (%) (national estimate),SL.TLF.CACT.FM.NE.ZS,0,25,0
Honduras,"Unemployment, youth female (% of female labor force ages 15-24) (national estimate)",SL.UEM.1524.FE.NE.ZS,0,25,0
Honduras,Wanted fertility rate (births per woman),SP.DYN.WFRT,0,25,0
Honduras,"Women making their own informed decisions regarding sexual relations, contraceptive use and reproductive health care (% of women age 15-49)",SG.DMK.SRCR.FN.ZS,0,25,0
Honduras,Women's share of population ages 15+ living with HIV (%),SH.DYN.AIDS.FE.ZS,0,25,0
Honduras,"Contraceptive prevalence, any method (% of married women ages 15-49)",SP.DYN.CONU.ZS,0,25,0
Honduras,Coverage of social insurance programs (% of population),per_si_allsi.cov_pop_tot,0,25,0
Honduras,Coverage of social safety net programs (% of population),per_sa_allsa.cov_pop_tot,0,25,0
Honduras,Demand for family planning satisfied by modern methods (% of married women with demand for family planning),SH.FPL.SATM.ZS,0,25,0
Honduras,Diabetes prevalence (% of population ages 20 to 79),SH.STA.DIAB.ZS,0,25,0
Honduras,"Life expectancy at birth, total (years)",SP.DYN.LE00.IN,0,25,0
Honduras,"Life expectancy at birth, female (years)",SP.DYN.LE00.FE.IN,0,25,0
Honduras,"Life expectancy at birth, male (years)",SP.DYN.LE00.MA.IN,0,25,0
Honduras,"Nurses and midwives (per 1,000 people)",SH.MED.NUMW.P3,0,25,0
Honduras,Prevalence of anemia among women of reproductive age (% of women ages 15-49),SH.ANM.ALLW.ZS,0,25,0
Honduras,Prevalence of anemia among pregnant women (%),SH.PRG.ANEM,0,25,0
Honduras,"Prevalence of HIV, female (% ages 15-24)",SH.HIV.1524.FE.ZS,0,25,0
Honduras,"Prevalence of HIV, male (% ages 15-24)",SH.HIV.1524.MA.ZS,0,25,0
Honduras,"Prevalence of HIV, total (% of population ages 15-49)",SH.DYN.AIDS.ZS,0,25,0
"Hong Kong SAR, China",Adjusted net national income (current US$),NY.ADJ.NNTY.CD,0,25,0
"Hong Kong SAR, China","Adolescent fertility rate (births per 1,000 women ages 15-19)",SP.ADO.TFRT,0,25,0
"Hong Kong SAR, China",Gross savings (% of GDP),NY.GNS.ICTR.ZS,0,25,0
"Hong Kong SAR, China","Inflation, consumer prices (annual %)",FP.CPI.TOTL.ZG,0,25,0
"Hong Kong SAR, China","Labor force participation rate, female (% of female population ages 15+) (national estimate)",SL.TLF.CACT.FE.NE.ZS,0,25,0
"Hong Kong SAR, China","Population, female",SP.POP.TOTL.FE.IN,0,25,0
"Hong Kong SAR, China","Population, female (% of total population)",SP.POP.TOTL.FE.ZS,0,25,0
"Hong Kong SAR, China","Population, male",SP.POP.TOTL.MA.IN,0,25,0
"Hong Kong SAR, China","Population, male (% of total population)",SP.POP.TOTL.MA.ZS,0,25,0
"Hong Kong SAR, China",Ratio of female to male labor force participation rate (%) (national estimate),SL.TLF.CACT.FM.NE.ZS,0,25,0
"Hong Kong SAR, China","Unemployment, youth female (% of female labor force ages 15-24) (national estimate)",SL.UEM.1524.FE.NE.ZS,0,25,0
"Hong Kong SAR, China",Wanted fertility rate (births per woman),SP.DYN.WFRT,0,25,0
"Hong Kong SAR, China","Women making their own informed decisions regarding sexual relations, contraceptive use and reproductive health care (% of women age 15-49)",SG.DMK.SRCR.FN.ZS,0,25,0
"Hong Kong SAR, China",Women's share of population ages 15+ living with HIV (%),SH.DYN.AIDS.FE.ZS,0,25,0
"Hong Kong SAR, China","Contraceptive prevalence, any method (% of married women ages 15-49)",SP.DYN.CONU.ZS,0,25,0
"Hong Kong SAR, China",Coverage of social insurance programs (% of population),per_si_allsi.cov_pop_tot,0,25,0
"Hong Kong SAR, China",Coverage of social safety net programs (% of population),per_sa_allsa.cov_pop_tot,0,25,0
"Hong Kong SAR, China",Demand for family planning satisfied by modern methods (% of married women with demand for family planning),SH.FPL.SATM.ZS,0,25,0
"Hong Kong SAR, China",Diabetes prevalence (% of population ages 20 to 79),SH.STA.DIAB.ZS,0,25,0
"Hong Kong SAR, China","Life expectancy at birth, total (years)",SP.DYN.LE00.IN,0,25,0
"Hong Kong SAR, China","Life expectancy at birth, female (years)",SP.DYN.LE00.FE.IN,0,25,0
"Hong Kong SAR, China","Life expectancy at birth, male (years)",SP.DYN.LE00.MA.IN,0,25,0
"Hong Kong SAR, China","Nurses and midwives (per 1,000 people)",SH.MED.NUMW.P3,0,25,0
"Hong Kong SAR, China",Prevalence of anemia among women of reproductive age (% of women ages 15-49),SH.ANM.ALLW.ZS,0,25,0
"Hong Kong SAR, China",Prevalence of anemia among pregnant women (%),SH.PRG.ANEM,0,25,0
"Hong Kong SAR, China","Prevalence of HIV, female (% ages 15-24)",SH.HIV.1524.FE.ZS,0,25,0
"Hong Kong SAR, China","Prevalence of HIV, male (% ages 15-24)",SH.HIV.1524.MA.ZS,0,25,0
"Hong Kong SAR, China","Prevalence of HIV, total (% of population ages 15-49)",SH.DYN.AIDS.ZS,0,25,0
Hungary,Adjusted net national income (current US$),NY.ADJ.NNTY.CD,0,25,0
Hungary,"Adolescent fertility rate (births per 1,000 women ages 15-19)",SP.ADO.TFRT,0,25,0
Hungary,Gross savings (% of GDP),NY.GNS.ICTR.ZS,0,25,0
Hungary,"Inflation, consumer prices (annual %)",FP.CPI.TOTL.ZG,0,25,0
Hungary,"Labor force participation rate, female (% of female population ages 15+) (national estimate)",SL.TLF.CACT.FE.NE.ZS,0,25,0
Hungary,"Population, female",SP.POP.TOTL.FE.IN,0,25,0
Hungary,"Population, female (% of total population)",SP.POP.TOTL.FE.ZS,0,25,0
Hungary,"Population, male",SP.POP.TOTL.MA.IN,0,25,0
Hungary,"Population, male (% of total population)",SP.POP.TOTL.MA.ZS,0,25,0
Hungary,Ratio of female to male labor force participation rate (%) (national estimate),SL.TLF.CACT.FM.NE.ZS,0,25,0
Hungary,"Unemployment, youth female (% of female labor force ages 15-24) (national estimate)",SL.UEM.1524.FE.NE.ZS,0,25,0
Hungary,Wanted fertility rate (births per woman),SP.DYN.WFRT,0,25,0
Hungary,"Women making their own informed decisions regarding sexual relations, contraceptive use and reproductive health care (% of women age 15-49)",SG.DMK.SRCR.FN.ZS,0,25,0
Hungary,Women's share of population ages 15+ living with HIV (%),SH.DYN.AIDS.FE.ZS,0,25,0
Hungary,"Contraceptive prevalence, any method (% of married women ages 15-49)",SP.DYN.CONU.ZS,0,25,0
Hungary,Coverage of social insurance programs (% of population),per_si_allsi.cov_pop_tot,0,25,0
Hungary,Coverage of social safety net programs (% of population),per_sa_allsa.cov_pop_tot,0,25,0
Hungary,Demand for family planning satisfied by modern methods (% of married women with demand for family planning),SH.FPL.SATM.ZS,0,25,0
Hungary,Diabetes prevalence (% of population ages 20 to 79),SH.STA.DIAB.ZS,0,25,0
Hungary,"Life expectancy at birth, total (years)",SP.DYN.LE00.IN,0,25,0
Hungary,"Life expectancy at birth, female (years)",SP.DYN.LE00.FE.IN,0,25,0
Hungary,"Life expectancy at birth, male (years)",SP.DYN.LE00.MA.IN,0,25,0
Hungary,"Nurses and midwives (per 1,000 people)",SH.MED.NUMW.P3,0,25,0
Hungary,Prevalence of anemia among women of reproductive age (% of women ages 15-49),SH.ANM.ALLW.ZS,0,25,0
Hungary,Prevalence of anemia among pregnant women (%),SH.PRG.ANEM,0,25,0
Hungary,"Prevalence of HIV, female (% ages 15-24)",SH.HIV.1524.FE.ZS,0,25,0
Hungary,"Prevalence of HIV, male (% ages 15-24)",SH.HIV.1524.MA.ZS,0,25,0
Hungary,"Prevalence of HIV, total (% of population ages 15-49)",SH.DYN.AIDS.ZS,0,25,0
Iceland,Adjusted net national income (current US$),NY.ADJ.NNTY.CD,0,25,0
Iceland,"Adolescent fertility rate (births per 1,000 women ages 15-19)",SP.ADO.TFRT,0,25,0
Iceland,Gross savings (% of GDP),NY.GNS.ICTR.ZS,0,25,0
Iceland,"Inflation, consumer prices (annual %)",FP.CPI.TOTL.ZG,0,25,0
Iceland,"Labor force participation rate, female (% of female population ages 15+) (national estimate)",SL.TLF.CACT.FE.NE.ZS,0,25,0
Iceland,"Population, female",SP.POP.TOTL.FE.IN,0,25,0
Iceland,"Population, female (% of total population)",SP.POP.TOTL.FE.ZS,0,25,0
Iceland,"Population, male",SP.POP.TOTL.MA.IN,0,25,0
Iceland,"Population, male (% of total population)",SP.POP.TOTL.MA.ZS,0,25,0
Iceland,Ratio of female to male labor force participation rate (%) (national estimate),SL.TLF.CACT.FM.NE.ZS,0,25,0
Iceland,"Unemployment, youth female (% of female labor force ages 15-24) (national estimate)",SL.UEM.1524.FE.NE.ZS,0,25,0
Iceland,Wanted fertility rate (births per woman),SP.DYN.WFRT,0,25,0
Iceland,"Women making their own informed decisions regarding sexual relations, contraceptive use and reproductive health care (% of women age 15-49)",SG.DMK.SRCR.FN.ZS,0,25,0
Iceland,Women's share of population ages 15+ living with HIV (%),SH.DYN.AIDS.FE.ZS,0,25,0
Iceland,"Contraceptive prevalence, any method (% of married women ages 15-49)",SP.DYN.CONU.ZS,0,25,0
Iceland,Coverage of social insurance programs (% of population),per_si_allsi.cov_pop_tot,0,25,0
Iceland,Coverage of social safety net programs (% of population),per_sa_allsa.cov_pop_tot,0,25,0
Iceland,Demand for family planning satisfied by modern methods (% of married women with demand for family planning),SH.FPL.SATM.ZS,0,25,0
Iceland,Diabetes prevalence (% of population ages 20 to 79),SH.STA.DIAB.ZS,0,25,0
Iceland,"Life expectancy at birth, total (years)",SP.DYN.LE00.IN,0,25,0
Iceland,"Life expectancy at birth, female (years)",SP.DYN.LE00.FE.IN,0,25,0
Iceland,"Life expectancy at birth, male (years)",SP.DYN.LE00.MA.IN,0,25,0
Iceland,"Nurses and midwives (per 1,000 people)",SH.MED.NUMW.P3,0,25,0
Iceland,Prevalence of anemia among women of reproductive age (% of women ages 15-49),SH.ANM.ALLW.ZS,0,25,0
Iceland,Prevalence of anemia among pregnant women (%),SH.PRG.ANEM,0,25,0
Iceland,"Prevalence of HIV, female (% ages 15-24)",SH.HIV.1524.FE.ZS,0,25,0
Iceland,"Prevalence of HIV, male (% ages 15-24)",SH.HIV.1524.MA.ZS,0,25,0
Iceland,"Prevalence of HIV, total (% of population ages 15-49)",SH.DYN.AIDS.ZS,0,25,0
India,Adjusted net national income (current US$),NY.ADJ.NNTY.CD,0,25,0
India,"Adolescent fertility rate (births per 1,000 women ages 15-19)",SP.ADO.TFRT,0,25,0
India,Gross savings (% of GDP),NY.GNS.ICTR.ZS,0,25,0
India,"Inflation, consumer prices (annual %)",FP.CPI.TOTL.ZG,0,25,0
India,"Labor force participation rate, female (% of female population ages 15+) (national estimate)",SL.TLF.CACT.FE.NE.ZS,0,25,0
India,"Population, female",SP.POP.TOTL.FE.IN,0,25,0
India,"Population, female (% of total population)",SP.POP.TOTL.FE.ZS,0,25,0
India,"Population, male",SP.POP.TOTL.MA.IN,0,25,0
India,"Population, male (% of total population)",SP.POP.TOTL.MA.ZS,0,25,0
India,Ratio of female to male labor force participation rate (%) (national estimate),SL.TLF.CACT.FM.NE.ZS,0,25,0
India,"Unemployment, youth female (% of female labor force ages 15-24) (national estimate)",SL.UEM.1524.FE.NE.ZS,0,25,0
India,Wanted fertility rate (births per woman),SP.DYN.WFRT,0,25,0
India,"Women making their own informed decisions regarding sexual relations, contraceptive use and reproductive health care (% of women age 15-49)",SG.DMK.SRCR.FN.ZS,0,25,0
India,Women's share of population ages 15+ living with HIV (%),SH.DYN.AIDS.FE.ZS,0,25,0
India,"Contraceptive prevalence, any method (% of married women ages 15-49)",SP.DYN.CONU.ZS,0,25,0
India,Coverage of social insurance programs (% of population),per_si_allsi.cov_pop_tot,0,25,0
India,Coverage of social safety net programs (% of population),per_sa_allsa.cov_pop_tot,0,25,0
India,Demand for family planning satisfied by modern methods (% of married women with demand for family planning),SH.FPL.SATM.ZS,0,25,0
India,Diabetes prevalence (% of population ages 20 to 79),SH.STA.DIAB.ZS,0,25,0
India,"Life expectancy at birth, total (years)",SP.DYN.LE00.IN,0,25,0
India,"Life expectancy at birth, female (years)",SP.DYN.LE00.FE.IN,0,25,0
India,"Life expectancy at birth, male (years)",SP.DYN.LE00.MA.IN,0,25,0
India,"Nurses and midwives (per 1,000 people)",SH.MED.NUMW.P3,0,25,0
India,Prevalence of anemia among women of reproductive age (% of women ages 15-49),SH.ANM.ALLW.ZS,0,25,0
India,Prevalence of anemia among pregnant women (%),SH.PRG.ANEM,0,25,0
India,"Prevalence of HIV, female (% ages 15-24)",SH.HIV.1524.FE.ZS,0,25,0
India,"Prevalence of HIV, male (% ages 15-24)",SH.HIV.1524.MA.ZS,0,25,0
India,"Prevalence of HIV, total (% of population ages 15-49)",SH.DYN.AIDS.ZS,0,25,0
Indonesia,Adjusted net national income (current US$),NY.ADJ.NNTY.CD,0,25,0
Indonesia,"Adolescent fertility rate (births per 1,000 women ages 15-19)",SP.ADO.TFRT,0,25,0
Indonesia,Gross savings (% of GDP),NY.GNS.ICTR.ZS,0,25,0
Indonesia,"Inflation, consumer prices (annual %)",FP.CPI.TOTL.ZG,0,25,0
Indonesia,"Labor force participation rate, female (% of female population ages 15+) (national estimate)",SL.TLF.CACT.FE.NE.ZS,0,25,0
Indonesia,"Population, female",SP.POP.TOTL.FE.IN,0,25,0
Indonesia,"Population, female (% of total population)",SP.POP.TOTL.FE.ZS,0,25,0
Indonesia,"Population, male",SP.POP.TOTL.MA.IN,0,25,0
Indonesia,"Population, male (% of total population)",SP.POP.TOTL.MA.ZS,0,25,0
Indonesia,Ratio of female to male labor force participation rate (%) (national estimate),SL.TLF.CACT.FM.NE.ZS,0,25,0
Indonesia,"Unemployment, youth female (% of female labor force ages 15-24) (national estimate)",SL.UEM.1524.FE.NE.ZS,0,25,0
Indonesia,Wanted fertility rate (births per woman),SP.DYN.WFRT,0,25,0
Indonesia,"Women making their own informed decisions regarding sexual relations, contraceptive use and reproductive health care (% of women age 15-49)",SG.DMK.SRCR.FN.ZS,0,25,0
Indonesia,Women's share of population ages 15+ living with HIV (%),SH.DYN.AIDS.FE.ZS,0,25,0
Indonesia,"Contraceptive prevalence, any method (% of married women ages 15-49)",SP.DYN.CONU.ZS,0,25,0
Indonesia,Coverage of social insurance programs (% of population),per_si_allsi.cov_pop_tot,0,25,0
Indonesia,Coverage of social safety net programs (% of population),per_sa_allsa.cov_pop_tot,0,25,0
Indonesia,Demand for family planning satisfied by modern methods (% of married women with demand for family planning),SH.FPL.SATM.ZS,0,25,0
Indonesia,Diabetes prevalence (% of population ages 20 to 79),SH.STA.DIAB.ZS,0,25,0
Indonesia,"Life expectancy at birth, total (years)",SP.DYN.LE00.IN,0,25,0
Indonesia,"Life expectancy at birth, female (years)",SP.DYN.LE00.FE.IN,0,25,0
Indonesia,"Life expectancy at birth, male (years)",SP.DYN.LE00.MA.IN,0,25,0
Indonesia,"Nurses and midwives (per 1,000 people)",SH.MED.NUMW.P3,0,25,0
Indonesia,Prevalence of anemia among women of reproductive age (% of women ages 15-49),SH.ANM.ALLW.ZS,0,25,0
Indonesia,Prevalence of anemia among pregnant women (%),SH.PRG.ANEM,0,25,0
Indonesia,"Prevalence of HIV, female (% ages 15-24)",SH.HIV.1524.FE.ZS,0,25,0
Indonesia,"Prevalence of HIV, male (% ages 15-24)",SH.HIV.1524.MA.ZS,0,25,0
Indonesia,"Prevalence of HIV, total (% of population ages 15-49)",SH.DYN.AIDS.ZS,0,25,0
"Iran, Islamic Rep.",Adjusted net national income (current US$),NY.ADJ.NNTY.CD,0,25,0
"Iran, Islamic Rep.","Adolescent fertility rate (births per 1,000 women ages 15-19)",SP.ADO.TFRT,0,25,0
"Iran, Islamic Rep.",Gross savings (% of GDP),NY.GNS.ICTR.ZS,0,25,0
"Iran, Islamic Rep.","Inflation, consumer prices (annual %)",FP.CPI.TOTL.ZG,0,25,0
"Iran, Islamic Rep.","Labor force participation rate, female (% of female population ages 15+) (national estimate)",SL.TLF.CACT.FE.NE.ZS,0,25,0
"Iran, Islamic Rep.","Population, female",SP.POP.TOTL.FE.IN,0,25,0
"Iran, Islamic Rep.","Population, female (% of total population)",SP.POP.TOTL.FE.ZS,0,25,0
"Iran, Islamic Rep.","Population, male",SP.POP.TOTL.MA.IN,0,25,0
"Iran, Islamic Rep.","Population, male (% of total population)",SP.POP.TOTL.MA.ZS,0,25,0
"Iran, Islamic Rep.",Ratio of female to male labor force participation rate (%) (national estimate),SL.TLF.CACT.FM.NE.ZS,0,25,0
"Iran, Islamic Rep.","Unemployment, youth female (% of female labor force ages 15-24) (national estimate)",SL.UEM.1524.FE.NE.ZS,0,25,0
"Iran, Islamic Rep.",Wanted fertility rate (births per woman),SP.DYN.WFRT,0,25,0
"Iran, Islamic Rep.","Women making their own informed decisions regarding sexual relations, contraceptive use and reproductive health care (% of women age 15-49)",SG.DMK.SRCR.FN.ZS,0,25,0
"Iran, Islamic Rep.",Women's share of population ages 15+ living with HIV (%),SH.DYN.AIDS.FE.ZS,0,25,0
"Iran, Islamic Rep.","Contraceptive prevalence, any method (% of married women ages 15-49)",SP.DYN.CONU.ZS,0,25,0
"Iran, Islamic Rep.",Coverage of social insurance programs (% of population),per_si_allsi.cov_pop_tot,0,25,0
"Iran, Islamic Rep.",Coverage of social safety net programs (% of population),per_sa_allsa.cov_pop_tot,0,25,0
"Iran, Islamic Rep.",Demand for family planning satisfied by modern methods (% of married women with demand for family planning),SH.FPL.SATM.ZS,0,25,0
"Iran, Islamic Rep.",Diabetes prevalence (% of population ages 20 to 79),SH.STA.DIAB.ZS,0,25,0
"Iran, Islamic Rep.","Life expectancy at birth, total (years)",SP.DYN.LE00.IN,0,25,0
"Iran, Islamic Rep.","Life expectancy at birth, female (years)",SP.DYN.LE00.FE.IN,0,25,0
"Iran, Islamic Rep.","Life expectancy at birth, male (years)",SP.DYN.LE00.MA.IN,0,25,0
"Iran, Islamic Rep.","Nurses and midwives (per 1,000 people)",SH.MED.NUMW.P3,0,25,0
"Iran, Islamic Rep.",Prevalence of anemia among women of reproductive age (% of women ages 15-49),SH.ANM.ALLW.ZS,0,25,0
"Iran, Islamic Rep.",Prevalence of anemia among pregnant women (%),SH.PRG.ANEM,0,25,0
"Iran, Islamic Rep.","Prevalence of HIV, female (% ages 15-24)",SH.HIV.1524.FE.ZS,0,25,0
"Iran, Islamic Rep.","Prevalence of HIV, male (% ages 15-24)",SH.HIV.1524.MA.ZS,0,25,0
"Iran, Islamic Rep.","Prevalence of HIV, total (% of population ages 15-49)",SH.DYN.AIDS.ZS,0,25,0
Iraq,Adjusted net national income (current US$),NY.ADJ.NNTY.CD,0,25,0
Iraq,"Adolescent fertility rate (births per 1,000 women ages 15-19)",SP.ADO.TFRT,0,25,0
Iraq,Gross savings (% of GDP),NY.GNS.ICTR.ZS,0,25,0
Iraq,"Inflation, consumer prices (annual %)",FP.CPI.TOTL.ZG,0,25,0
Iraq,"Labor force participation rate, female (% of female population ages 15+) (national estimate)",SL.TLF.CACT.FE.NE.ZS,0,25,0
Iraq,"Population, female",SP.POP.TOTL.FE.IN,0,25,0
Iraq,"Population, female (% of total population)",SP.POP.TOTL.FE.ZS,0,25,0
Iraq,"Population, male",SP.POP.TOTL.MA.IN,0,25,0
Iraq,"Population, male (% of total population)",SP.POP.TOTL.MA.ZS,0,25,0
Iraq,Ratio of female to male labor force participation rate (%) (national estimate),SL.TLF.CACT.FM.NE.ZS,0,25,0
Iraq,"Unemployment, youth female (% of female labor force ages 15-24) (national estimate)",SL.UEM.1524.FE.NE.ZS,0,25,0
Iraq,Wanted fertility rate (births per woman),SP.DYN.WFRT,0,25,0
Iraq,"Women making their own informed decisions regarding sexual relations, contraceptive use and reproductive health care (% of women age 15-49)",SG.DMK.SRCR.FN.ZS,0,25,0
Iraq,Women's share of population ages 15+ living with HIV (%),SH.DYN.AIDS.FE.ZS,0,25,0
Iraq,"Contraceptive prevalence, any method (% of married women ages 15-49)",SP.DYN.CONU.ZS,0,25,0
Iraq,Coverage of social insurance programs (% of population),per_si_allsi.cov_pop_tot,0,25,0
Iraq,Coverage of social safety net programs (% of population),per_sa_allsa.cov_pop_tot,0,25,0
Iraq,Demand for family planning satisfied by modern methods (% of married women with demand for family planning),SH.FPL.SATM.ZS,0,25,0
Iraq,Diabetes prevalence (% of population ages 20 to 79),SH.STA.DIAB.ZS,0,25,0
Iraq,"Life expectancy at birth, total (years)",SP.DYN.LE00.IN,0,25,0
Iraq,"Life expectancy at birth, female (years)",SP.DYN.LE00.FE.IN,0,25,0
Iraq,"Life expectancy at birth, male (years)",SP.DYN.LE00.MA.IN,0,25,0
Iraq,"Nurses and midwives (per 1,000 people)",SH.MED.NUMW.P3,0,25,0
Iraq,Prevalence of anemia among women of reproductive age (% of women ages 15-49),SH.ANM.ALLW.ZS,0,25,0
Iraq,Prevalence of anemia among pregnant women (%),SH.PRG.ANEM,0,25,0
Iraq,"Prevalence of HIV, female (% ages 15-24)",SH.HIV.1524.FE.ZS,0,25,0
Iraq,"Prevalence of HIV, male (% ages 15-24)",SH.HIV.1524.MA.ZS,0,25,0
Iraq,"Prevalence of HIV, total (% of population ages 15-49)",SH.DYN.AIDS.ZS,0,25,0
Ireland,Adjusted net national income (current US$),NY.ADJ.NNTY.CD,0,25,0
Ireland,"Adolescent fertility rate (births per 1,000 women ages 15-19)",SP.ADO.TFRT,0,25,0
Ireland,Gross savings (% of GDP),NY.GNS.ICTR.ZS,0,25,0
Ireland,"Inflation, consumer prices (annual %)",FP.CPI.TOTL.ZG,0,25,0
Ireland,"Labor force participation rate, female (% of female population ages 15+) (national estimate)",SL.TLF.CACT.FE.NE.ZS,0,25,0
Ireland,"Population, female",SP.POP.TOTL.FE.IN,0,25,0
Ireland,"Population, female (% of total population)",SP.POP.TOTL.FE.ZS,0,25,0
Ireland,"Population, male",SP.POP.TOTL.MA.IN,0,25,0
Ireland,"Population, male (% of total population)",SP.POP.TOTL.MA.ZS,0,25,0
Ireland,Ratio of female to male labor force participation rate (%) (national estimate),SL.TLF.CACT.FM.NE.ZS,0,25,0
Ireland,"Unemployment, youth female (% of female labor force ages 15-24) (national estimate)",SL.UEM.1524.FE.NE.ZS,0,25,0
Ireland,Wanted fertility rate (births per woman),SP.DYN.WFRT,0,25,0
Ireland,"Women making their own informed decisions regarding sexual relations, contraceptive use and reproductive health care (% of women age 15-49)",SG.DMK.SRCR.FN.ZS,0,25,0
Ireland,Women's share of population ages 15+ living with HIV (%),SH.DYN.AIDS.FE.ZS,0,25,0
Ireland,"Contraceptive prevalence, any method (% of married women ages 15-49)",SP.DYN.CONU.ZS,0,25,0
Ireland,Coverage of social insurance programs (% of population),per_si_allsi.cov_pop_tot,0,25,0
Ireland,Coverage of social safety net programs (% of population),per_sa_allsa.cov_pop_tot,0,25,0
Ireland,Demand for family planning satisfied by modern methods (% of married women with demand for family planning),SH.FPL.SATM.ZS,0,25,0
Ireland,Diabetes prevalence (% of population ages 20 to 79),SH.STA.DIAB.ZS,0,25,0
Ireland,"Life expectancy at birth, total (years)",SP.DYN.LE00.IN,0,25,0
Ireland,"Life expectancy at birth, female (years)",SP.DYN.LE00.FE.IN,0,25,0
Ireland,"Life expectancy at birth, male (years)",SP.DYN.LE00.MA.IN,0,25,0
Ireland,"Nurses and midwives (per 1,000 people)",SH.MED.NUMW.P3,0,25,0
Ireland,Prevalence of anemia among women of reproductive age (% of women ages 15-49),SH.ANM.ALLW.ZS,0,25,0
Ireland,Prevalence of anemia among pregnant women (%),SH.PRG.ANEM,0,25,0
Ireland,"Prevalence of HIV, female (% ages 15-24)",SH.HIV.1524.FE.ZS,0,25,0
Ireland,"Prevalence of HIV, male (% ages 15-24)",SH.HIV.1524.MA.ZS,0,25,0
Ireland,"Prevalence of HIV, total (% of population ages 15-49)",SH.DYN.AIDS.ZS,0,25,0
Isle of Man,Adjusted net national income (current US$),NY.ADJ.NNTY.CD,0,25,0
Isle of Man,"Adolescent fertility rate (births per 1,000 women ages 15-19)",SP.ADO.TFRT,0,25,0
Isle of Man,Gross savings (% of GDP),NY.GNS.ICTR.ZS,0,25,0
Isle of Man,"Inflation, consumer prices (annual %)",FP.CPI.TOTL.ZG,0,25,0
Isle of Man,"Labor force participation rate, female (% of female population ages 15+) (national estimate)",SL.TLF.CACT.FE.NE.ZS,0,25,0
Isle of Man,"Population, female",SP.POP.TOTL.FE.IN,0,25,0
Isle of Man,"Population, female (% of total population)",SP.POP.TOTL.FE.ZS,0,25,0
Isle of Man,"Population, male",SP.POP.TOTL.MA.IN,0,25,0
Isle of Man,"Population, male (% of total population)",SP.POP.TOTL.MA.ZS,0,25,0
Isle of Man,Ratio of female to male labor force participation rate (%) (national estimate),SL.TLF.CACT.FM.NE.ZS,0,25,0
Isle of Man,"Unemployment, youth female (% of female labor force ages 15-24) (national estimate)",SL.UEM.1524.FE.NE.ZS,0,25,0
Isle of Man,Wanted fertility rate (births per woman),SP.DYN.WFRT,0,25,0
Isle of Man,"Women making their own informed decisions regarding sexual relations, contraceptive use and reproductive health care (% of women age 15-49)",SG.DMK.SRCR.FN.ZS,0,25,0
Isle of Man,Women's share of population ages 15+ living with HIV (%),SH.DYN.AIDS.FE.ZS,0,25,0
Isle of Man,"Contraceptive prevalence, any method (% of married women ages 15-49)",SP.DYN.CONU.ZS,0,25,0
Isle of Man,Coverage of social insurance programs (% of population),per_si_allsi.cov_pop_tot,0,25,0
Isle of Man,Coverage of social safety net programs (% of population),per_sa_allsa.cov_pop_tot,0,25,0
Isle of Man,Demand for family planning satisfied by modern methods (% of married women with demand for family planning),SH.FPL.SATM.ZS,0,25,0
Isle of Man,Diabetes prevalence (% of population ages 20 to 79),SH.STA.DIAB.ZS,0,25,0
Isle of Man,"Life expectancy at birth, total (years)",SP.DYN.LE00.IN,0,25,0
Isle of Man,"Life expectancy at birth, female (years)",SP.DYN.LE00.FE.IN,0,25,0
Isle of Man,"Life expectancy at birth, male (years)",SP.DYN.LE00.MA.IN,0,25,0
Isle of Man,"Nurses and midwives (per 1,000 people)",SH.MED.NUMW.P3,0,25,0
Isle of Man,Prevalence of anemia among women of reproductive age (% of women ages 15-49),SH.ANM.ALLW.ZS,0,25,0
Isle of Man,Prevalence of anemia among pregnant women (%),SH.PRG.ANEM,0,25,0
Isle of Man,"Prevalence of HIV, female (% ages 15-24)",SH.HIV.1524.FE.ZS,0,25,0
Isle of Man,"Prevalence of HIV, male (% ages 15-24)",SH.HIV.1524.MA.ZS,0,25,0
Isle of Man,"Prevalence of HIV, total (% of population ages 15-49)",SH.DYN.AIDS.ZS,0,25,0
Israel,Adjusted net national income (current US$),NY.ADJ.NNTY.CD,0,25,0
Israel,"Adolescent fertility rate (births per 1,000 women ages 15-19)",SP.ADO.TFRT,0,25,0
Israel,Gross savings (% of GDP),NY.GNS.ICTR.ZS,0,25,0
Israel,"Inflation, consumer prices (annual %)",FP.CPI.TOTL.ZG,0,25,0
Israel,"Labor force participation rate, female (% of female population ages 15+) (national estimate)",SL.TLF.CACT.FE.NE.ZS,0,25,0
Israel,"Population, female",SP.POP.TOTL.FE.IN,0,25,0
Israel,"Population, female (% of total population)",SP.POP.TOTL.FE.ZS,0,25,0
Israel,"Population, male",SP.POP.TOTL.MA.IN,0,25,0
Israel,"Population, male (% of total population)",SP.POP.TOTL.MA.ZS,0,25,0
Israel,Ratio of female to male labor force participation rate (%) (national estimate),SL.TLF.CACT.FM.NE.ZS,0,25,0
Israel,"Unemployment, youth female (% of female labor force ages 15-24) (national estimate)",SL.UEM.1524.FE.NE.ZS,0,25,0
Israel,Wanted fertility rate (births per woman),SP.DYN.WFRT,0,25,0
Israel,"Women making their own informed decisions regarding sexual relations, contraceptive use and reproductive health care (% of women age 15-49)",SG.DMK.SRCR.FN.ZS,0,25,0
Israel,Women's share of population ages 15+ living with HIV (%),SH.DYN.AIDS.FE.ZS,0,25,0
Israel,"Contraceptive prevalence, any method (% of married women ages 15-49)",SP.DYN.CONU.ZS,0,25,0
Israel,Coverage of social insurance programs (% of population),per_si_allsi.cov_pop_tot,0,25,0
Israel,Coverage of social safety net programs (% of population),per_sa_allsa.cov_pop_tot,0,25,0
Israel,Demand for family planning satisfied by modern methods (% of married women with demand for family planning),SH.FPL.SATM.ZS,0,25,0
Israel,Diabetes prevalence (% of population ages 20 to 79),SH.STA.DIAB.ZS,0,25,0
Israel,"Life expectancy at birth, total (years)",SP.DYN.LE00.IN,0,25,0
Israel,"Life expectancy at birth, female (years)",SP.DYN.LE00.FE.IN,0,25,0
Israel,"Life expectancy at birth, male (years)",SP.DYN.LE00.MA.IN,0,25,0
Israel,"Nurses and midwives (per 1,000 people)",SH.MED.NUMW.P3,0,25,0
Israel,Prevalence of anemia among women of reproductive age (% of women ages 15-49),SH.ANM.ALLW.ZS,0,25,0
Israel,Prevalence of anemia among pregnant women (%),SH.PRG.ANEM,0,25,0
Israel,"Prevalence of HIV, female (% ages 15-24)",SH.HIV.1524.FE.ZS,0,25,0
Israel,"Prevalence of HIV, male (% ages 15-24)",SH.HIV.1524.MA.ZS,0,25,0
Israel,"Prevalence of HIV, total (% of population ages 15-49)",SH.DYN.AIDS.ZS,0,25,0
Italy,Adjusted net national income (current US$),NY.ADJ.NNTY.CD,0,25,0
Italy,"Adolescent fertility rate (births per 1,000 women ages 15-19)",SP.ADO.TFRT,0,25,0
Italy,Gross savings (% of GDP),NY.GNS.ICTR.ZS,0,25,0
Italy,"Inflation, consumer prices (annual %)",FP.CPI.TOTL.ZG,0,25,0
Italy,"Labor force participation rate, female (% of female population ages 15+) (national estimate)",SL.TLF.CACT.FE.NE.ZS,0,25,0
Italy,"Population, female",SP.POP.TOTL.FE.IN,0,25,0
Italy,"Population, female (% of total population)",SP.POP.TOTL.FE.ZS,0,25,0
Italy,"Population, male",SP.POP.TOTL.MA.IN,0,25,0
Italy,"Population, male (% of total population)",SP.POP.TOTL.MA.ZS,0,25,0
Italy,Ratio of female to male labor force participation rate (%) (national estimate),SL.TLF.CACT.FM.NE.ZS,0,25,0
Italy,"Unemployment, youth female (% of female labor force ages 15-24) (national estimate)",SL.UEM.1524.FE.NE.ZS,0,25,0
Italy,Wanted fertility rate (births per woman),SP.DYN.WFRT,0,25,0
Italy,"Women making their own informed decisions regarding sexual relations, contraceptive use and reproductive health care (% of women age 15-49)",SG.DMK.SRCR.FN.ZS,0,25,0
Italy,Women's share of population ages 15+ living with HIV (%),SH.DYN.AIDS.FE.ZS,0,25,0
Italy,"Contraceptive prevalence, any method (% of married women ages 15-49)",SP.DYN.CONU.ZS,0,25,0
Italy,Coverage of social insurance programs (% of population),per_si_allsi.cov_pop_tot,0,25,0
Italy,Coverage of social safety net programs (% of population),per_sa_allsa.cov_pop_tot,0,25,0
Italy,Demand for family planning satisfied by modern methods (% of married women with demand for family planning),SH.FPL.SATM.ZS,0,25,0
Italy,Diabetes prevalence (% of population ages 20 to 79),SH.STA.DIAB.ZS,0,25,0
Italy,"Life expectancy at birth, total (years)",SP.DYN.LE00.IN,0,25,0
Italy,"Life expectancy at birth, female (years)",SP.DYN.LE00.FE.IN,0,25,0
Italy,"Life expectancy at birth, male (years)",SP.DYN.LE00.MA.IN,0,25,0
Italy,"Nurses and midwives (per 1,000 people)",SH.MED.NUMW.P3,0,25,0
Italy,Prevalence of anemia among women of reproductive age (% of women ages 15-49),SH.ANM.ALLW.ZS,0,25,0
Italy,Prevalence of anemia among pregnant women (%),SH.PRG.ANEM,0,25,0
Italy,"Prevalence of HIV, female (% ages 15-24)",SH.HIV.1524.FE.ZS,0,25,0
Italy,"Prevalence of HIV, male (% ages 15-24)",SH.HIV.1524.MA.ZS,0,25,0
Italy,"Prevalence of HIV, total (% of population ages 15-49)",SH.DYN.AIDS.ZS,0,25,0
Jamaica,Adjusted net national income (current US$),NY.ADJ.NNTY.CD,0,25,0
Jamaica,"Adolescent fertility rate (births per 1,000 women ages 15-19)",SP.ADO.TFRT,0,25,0
Jamaica,Gross savings (% of GDP),NY.GNS.ICTR.ZS,0,25,0
Jamaica,"Inflation, consumer prices (annual %)",FP.CPI.TOTL.ZG,0,25,0
Jamaica,"Labor force participation rate, female (% of female population ages 15+) (national estimate)",SL.TLF.CACT.FE.NE.ZS,0,25,0
Jamaica,"Population, female",SP.POP.TOTL.FE.IN,0,25,0
Jamaica,"Population, female (% of total population)",SP.POP.TOTL.FE.ZS,0,25,0
Jamaica,"Population, male",SP.POP.TOTL.MA.IN,0,25,0
Jamaica,"Population, male (% of total population)",SP.POP.TOTL.MA.ZS,0,25,0
Jamaica,Ratio of female to male labor force participation rate (%) (national estimate),SL.TLF.CACT.FM.NE.ZS,0,25,0
Jamaica,"Unemployment, youth female (% of female labor force ages 15-24) (national estimate)",SL.UEM.1524.FE.NE.ZS,0,25,0
Jamaica,Wanted fertility rate (births per woman),SP.DYN.WFRT,0,25,0
Jamaica,"Women making their own informed decisions regarding sexual relations, contraceptive use and reproductive health care (% of women age 15-49)",SG.DMK.SRCR.FN.ZS,0,25,0
Jamaica,Women's share of population ages 15+ living with HIV (%),SH.DYN.AIDS.FE.ZS,0,25,0
Jamaica,"Contraceptive prevalence, any method (% of married women ages 15-49)",SP.DYN.CONU.ZS,0,25,0
Jamaica,Coverage of social insurance programs (% of population),per_si_allsi.cov_pop_tot,0,25,0
Jamaica,Coverage of social safety net programs (% of population),per_sa_allsa.cov_pop_tot,0,25,0
Jamaica,Demand for family planning satisfied by modern methods (% of married women with demand for family planning),SH.FPL.SATM.ZS,0,25,0
Jamaica,Diabetes prevalence (% of population ages 20 to 79),SH.STA.DIAB.ZS,0,25,0
Jamaica,"Life expectancy at birth, total (years)",SP.DYN.LE00.IN,0,25,0
Jamaica,"Life expectancy at birth, female (years)",SP.DYN.LE00.FE.IN,0,25,0
Jamaica,"Life expectancy at birth, male (years)",SP.DYN.LE00.MA.IN,0,25,0
Jamaica,"Nurses and midwives (per 1,000 people)",SH.MED.NUMW.P3,0,25,0
Jamaica,Prevalence of anemia among women of reproductive age (% of women ages 15-49),SH.ANM.ALLW.ZS,0,25,0
Jamaica,Prevalence of anemia among pregnant women (%),SH.PRG.ANEM,0,25,0
Jamaica,"Prevalence of HIV, female (% ages 15-24)",SH.HIV.1524.FE.ZS,0,25,0
Jamaica,"Prevalence of HIV, male (% ages 15-24)",SH.HIV.1524.MA.ZS,0,25,0
Jamaica,"Prevalence of HIV, total (% of population ages 15-49)",SH.DYN.AIDS.ZS,0,25,0
Japan,Adjusted net national income (current US$),NY.ADJ.NNTY.CD,0,25,0
Japan,"Adolescent fertility rate (births per 1,000 women ages 15-19)",SP.ADO.TFRT,0,25,0
Japan,Gross savings (% of GDP),NY.GNS.ICTR.ZS,0,25,0
Japan,"Inflation, consumer prices (annual %)",FP.CPI.TOTL.ZG,0,25,0
Japan,"Labor force participation rate, female (% of female population ages 15+) (national estimate)",SL.TLF.CACT.FE.NE.ZS,0,25,0
Japan,"Population, female",SP.POP.TOTL.FE.IN,0,25,0
Japan,"Population, female (% of total population)",SP.POP.TOTL.FE.ZS,0,25,0
Japan,"Population, male",SP.POP.TOTL.MA.IN,0,25,0
Japan,"Population, male (% of total population)",SP.POP.TOTL.MA.ZS,0,25,0
Japan,Ratio of female to male labor force participation rate (%) (national estimate),SL.TLF.CACT.FM.NE.ZS,0,25,0
Japan,"Unemployment, youth female (% of female labor force ages 15-24) (national estimate)",SL.UEM.1524.FE.NE.ZS,0,25,0
Japan,Wanted fertility rate (births per woman),SP.DYN.WFRT,0,25,0
Japan,"Women making their own informed decisions regarding sexual relations, contraceptive use and reproductive health care (% of women age 15-49)",SG.DMK.SRCR.FN.ZS,0,25,0
Japan,Women's share of population ages 15+ living with HIV (%),SH.DYN.AIDS.FE.ZS,0,25,0
Japan,"Contraceptive prevalence, any method (% of married women ages 15-49)",SP.DYN.CONU.ZS,0,25,0
Japan,Coverage of social insurance programs (% of population),per_si_allsi.cov_pop_tot,0,25,0
Japan,Coverage of social safety net programs (% of population),per_sa_allsa.cov_pop_tot,0,25,0
Japan,Demand for family planning satisfied by modern methods (% of married women with demand for family planning),SH.FPL.SATM.ZS,0,25,0
Japan,Diabetes prevalence (% of population ages 20 to 79),SH.STA.DIAB.ZS,0,25,0
Japan,"Life expectancy at birth, total (years)",SP.DYN.LE00.IN,0,25,0
Japan,"Life expectancy at birth, female (years)",SP.DYN.LE00.FE.IN,0,25,0
Japan,"Life expectancy at birth, male (years)",SP.DYN.LE00.MA.IN,0,25,0
Japan,"Nurses and midwives (per 1,000 people)",SH.MED.NUMW.P3,0,25,0
Japan,Prevalence of anemia among women of reproductive age (% of women ages 15-49),SH.ANM.ALLW.ZS,0,25,0
Japan,Prevalence of anemia among pregnant women (%),SH.PRG.ANEM,0,25,0
Japan,"Prevalence of HIV, female (% ages 15-24)",SH.HIV.1524.FE.ZS,0,25,0
Japan,"Prevalence of HIV, male (% ages 15-24)",SH.HIV.1524.MA.ZS,0,25,0
Japan,"Prevalence of HIV, total (% of population ages 15-49)",SH.DYN.AIDS.ZS,0,25,0
Jordan,Adjusted net national income (current US$),NY.ADJ.NNTY.CD,0,25,0
Jordan,"Adolescent fertility rate (births per 1,000 women ages 15-19)",SP.ADO.TFRT,0,25,0
Jordan,Gross savings (% of GDP),NY.GNS.ICTR.ZS,0,25,0
Jordan,"Inflation, consumer prices (annual %)",FP.CPI.TOTL.ZG,0,25,0
Jordan,"Labor force participation rate, female (% of female population ages 15+) (national estimate)",SL.TLF.CACT.FE.NE.ZS,0,25,0
Jordan,"Population, female",SP.POP.TOTL.FE.IN,0,25,0
Jordan,"Population, female (% of total population)",SP.POP.TOTL.FE.ZS,0,25,0
Jordan,"Population, male",SP.POP.TOTL.MA.IN,0,25,0
Jordan,"Population, male (% of total population)",SP.POP.TOTL.MA.ZS,0,25,0
Jordan,Ratio of female to male labor force participation rate (%) (national estimate),SL.TLF.CACT.FM.NE.ZS,0,25,0
Jordan,"Unemployment, youth female (% of female labor force ages 15-24) (national estimate)",SL.UEM.1524.FE.NE.ZS,0,25,0
Jordan,Wanted fertility rate (births per woman),SP.DYN.WFRT,0,25,0
Jordan,"Women making their own informed decisions regarding sexual relations, contraceptive use and reproductive health care (% of women age 15-49)",SG.DMK.SRCR.FN.ZS,0,25,0
Jordan,Women's share of population ages 15+ living with HIV (%),SH.DYN.AIDS.FE.ZS,0,25,0
Jordan,"Contraceptive prevalence, any method (% of married women ages 15-49)",SP.DYN.CONU.ZS,0,25,0
Jordan,Coverage of social insurance programs (% of population),per_si_allsi.cov_pop_tot,0,25,0
Jordan,Coverage of social safety net programs (% of population),per_sa_allsa.cov_pop_tot,0,25,0
Jordan,Demand for family planning satisfied by modern methods (% of married women with demand for family planning),SH.FPL.SATM.ZS,0,25,0
Jordan,Diabetes prevalence (% of population ages 20 to 79),SH.STA.DIAB.ZS,0,25,0
Jordan,"Life expectancy at birth, total (years)",SP.DYN.LE00.IN,0,25,0
Jordan,"Life expectancy at birth, female (years)",SP.DYN.LE00.FE.IN,0,25,0
Jordan,"Life expectancy at birth, male (years)",SP.DYN.LE00.MA.IN,0,25,0
Jordan,"Nurses and midwives (per 1,000 people)",SH.MED.NUMW.P3,0,25,0
Jordan,Prevalence of anemia among women of reproductive age (% of women ages 15-49),SH.ANM.ALLW.ZS,0,25,0
Jordan,Prevalence of anemia among pregnant women (%),SH.PRG.ANEM,0,25,0
Jordan,"Prevalence of HIV, female (% ages 15-24)",SH.HIV.1524.FE.ZS,0,25,0
Jordan,"Prevalence of HIV, male (% ages 15-24)",SH.HIV.1524.MA.ZS,0,25,0
Jordan,"Prevalence of HIV, total (% of population ages 15-49)",SH.DYN.AIDS.ZS,0,25,0
Kazakhstan,Adjusted net national income (current US$),NY.ADJ.NNTY.CD,0,25,0
Kazakhstan,"Adolescent fertility rate (births per 1,000 women ages 15-19)",SP.ADO.TFRT,0,25,0
Kazakhstan,Gross savings (% of GDP),NY.GNS.ICTR.ZS,0,25,0
Kazakhstan,"Inflation, consumer prices (annual %)",FP.CPI.TOTL.ZG,0,25,0
Kazakhstan,"Labor force participation rate, female (% of female population ages 15+) (national estimate)",SL.TLF.CACT.FE.NE.ZS,0,25,0
Kazakhstan,"Population, female",SP.POP.TOTL.FE.IN,0,25,0
Kazakhstan,"Population, female (% of total population)",SP.POP.TOTL.FE.ZS,0,25,0
Kazakhstan,"Population, male",SP.POP.TOTL.MA.IN,0,25,0
Kazakhstan,"Population, male (% of total population)",SP.POP.TOTL.MA.ZS,0,25,0
Kazakhstan,Ratio of female to male labor force participation rate (%) (national estimate),SL.TLF.CACT.FM.NE.ZS,0,25,0
Kazakhstan,"Unemployment, youth female (% of female labor force ages 15-24) (national estimate)",SL.UEM.1524.FE.NE.ZS,0,25,0
Kazakhstan,Wanted fertility rate (births per woman),SP.DYN.WFRT,0,25,0
Kazakhstan,"Women making their own informed decisions regarding sexual relations, contraceptive use and reproductive health care (% of women age 15-49)",SG.DMK.SRCR.FN.ZS,0,25,0
Kazakhstan,Women's share of population ages 15+ living with HIV (%),SH.DYN.AIDS.FE.ZS,0,25,0
Kazakhstan,"Contraceptive prevalence, any method (% of married women ages 15-49)",SP.DYN.CONU.ZS,0,25,0
Kazakhstan,Coverage of social insurance programs (% of population),per_si_allsi.cov_pop_tot,0,25,0
Kazakhstan,Coverage of social safety net programs (% of population),per_sa_allsa.cov_pop_tot,0,25,0
Kazakhstan,Demand for family planning satisfied by modern methods (% of married women with demand for family planning),SH.FPL.SATM.ZS,0,25,0
Kazakhstan,Diabetes prevalence (% of population ages 20 to 79),SH.STA.DIAB.ZS,0,25,0
Kazakhstan,"Life expectancy at birth, total (years)",SP.DYN.LE00.IN,0,25,0
Kazakhstan,"Life expectancy at birth, female (years)",SP.DYN.LE00.FE.IN,0,25,0
Kazakhstan,"Life expectancy at birth, male (years)",SP.DYN.LE00.MA.IN,0,25,0
Kazakhstan,"Nurses and midwives (per 1,000 people)",SH.MED.NUMW.P3,0,25,0
Kazakhstan,Prevalence of anemia among women of reproductive age (% of women ages 15-49),SH.ANM.ALLW.ZS,0,25,0
Kazakhstan,Prevalence of anemia among pregnant women (%),SH.PRG.ANEM,0,25,0
Kazakhstan,"Prevalence of HIV, female (% ages 15-24)",SH.HIV.1524.FE.ZS,0,25,0
Kazakhstan,"Prevalence of HIV, male (% ages 15-24)",SH.HIV.1524.MA.ZS,0,25,0
Kazakhstan,"Prevalence of HIV, total (% of population ages 15-49)",SH.DYN.AIDS.ZS,0,25,0
Kenya,Adjusted net national income (current US$),NY.ADJ.NNTY.CD,0,25,0
Kenya,"Adolescent fertility rate (births per 1,000 women ages 15-19)",SP.ADO.TFRT,0,25,0
Kenya,Gross savings (% of GDP),NY.GNS.ICTR.ZS,0,25,0
Kenya,"Inflation, consumer prices (annual %)",FP.CPI.TOTL.ZG,0,25,0
Kenya,"Labor force participation rate, female (% of female population ages 15+) (national estimate)",SL.TLF.CACT.FE.NE.ZS,0,25,0
Kenya,"Population, female",SP.POP.TOTL.FE.IN,0,25,0
Kenya,"Population, female (% of total population)",SP.POP.TOTL.FE.ZS,0,25,0
Kenya,"Population, male",SP.POP.TOTL.MA.IN,0,25,0
Kenya,"Population, male (% of total population)",SP.POP.TOTL.MA.ZS,0,25,0
Kenya,Ratio of female to male labor force participation rate (%) (national estimate),SL.TLF.CACT.FM.NE.ZS,0,25,0
Kenya,"Unemployment, youth female (% of female labor force ages 15-24) (national estimate)",SL.UEM.1524.FE.NE.ZS,0,25,0
Kenya,Wanted fertility rate (births per woman),SP.DYN.WFRT,0,25,0
Kenya,"Women making their own informed decisions regarding sexual relations, contraceptive use and reproductive health care (% of women age 15-49)",SG.DMK.SRCR.FN.ZS,0,25,0
Kenya,Women's share of population ages 15+ living with HIV (%),SH.DYN.AIDS.FE.ZS,0,25,0
Kenya,"Contraceptive prevalence, any method (% of married women ages 15-49)",SP.DYN.CONU.ZS,0,25,0
Kenya,Coverage of social insurance programs (% of population),per_si_allsi.cov_pop_tot,0,25,0
Kenya,Coverage of social safety net programs (% of population),per_sa_allsa.cov_pop_tot,0,25,0
Kenya,Demand for family planning satisfied by modern methods (% of married women with demand for family planning),SH.FPL.SATM.ZS,0,25,0
Kenya,Diabetes prevalence (% of population ages 20 to 79),SH.STA.DIAB.ZS,0,25,0
Kenya,"Life expectancy at birth, total (years)",SP.DYN.LE00.IN,0,25,0
Kenya,"Life expectancy at birth, female (years)",SP.DYN.LE00.FE.IN,0,25,0
Kenya,"Life expectancy at birth, male (years)",SP.DYN.LE00.MA.IN,0,25,0
Kenya,"Nurses and midwives (per 1,000 people)",SH.MED.NUMW.P3,0,25,0
Kenya,Prevalence of anemia among women of reproductive age (% of women ages 15-49),SH.ANM.ALLW.ZS,0,25,0
Kenya,Prevalence of anemia among pregnant women (%),SH.PRG.ANEM,0,25,0
Kenya,"Prevalence of HIV, female (% ages 15-24)",SH.HIV.1524.FE.ZS,0,25,0
Kenya,"Prevalence of HIV, male (% ages 15-24)",SH.HIV.1524.MA.ZS,0,25,0
Kenya,"Prevalence of HIV, total (% of population ages 15-49)",SH.DYN.AIDS.ZS,0,25,0
Kiribati,Adjusted net national income (current US$),NY.ADJ.NNTY.CD,0,25,0
Kiribati,"Adolescent fertility rate (births per 1,000 women ages 15-19)",SP.ADO.TFRT,0,25,0
Kiribati,Gross savings (% of GDP),NY.GNS.ICTR.ZS,0,25,0
Kiribati,"Inflation, consumer prices (annual %)",FP.CPI.TOTL.ZG,0,25,0
Kiribati,"Labor force participation rate, female (% of female population ages 15+) (national estimate)",SL.TLF.CACT.FE.NE.ZS,0,25,0
Kiribati,"Population, female",SP.POP.TOTL.FE.IN,0,25,0
Kiribati,"Population, female (% of total population)",SP.POP.TOTL.FE.ZS,0,25,0
Kiribati,"Population, male",SP.POP.TOTL.MA.IN,0,25,0
Kiribati,"Population, male (% of total population)",SP.POP.TOTL.MA.ZS,0,25,0
Kiribati,Ratio of female to male labor force participation rate (%) (national estimate),SL.TLF.CACT.FM.NE.ZS,0,25,0
Kiribati,"Unemployment, youth female (% of female labor force ages 15-24) (national estimate)",SL.UEM.1524.FE.NE.ZS,0,25,0
Kiribati,Wanted fertility rate (births per woman),SP.DYN.WFRT,0,25,0
Kiribati,"Women making their own informed decisions regarding sexual relations, contraceptive use and reproductive health care (% of women age 15-49)",SG.DMK.SRCR.FN.ZS,0,25,0
Kiribati,Women's share of population ages 15+ living with HIV (%),SH.DYN.AIDS.FE.ZS,0,25,0
Kiribati,"Contraceptive prevalence, any method (% of married women ages 15-49)",SP.DYN.CONU.ZS,0,25,0
Kiribati,Coverage of social insurance programs (% of population),per_si_allsi.cov_pop_tot,0,25,0
Kiribati,Coverage of social safety net programs (% of population),per_sa_allsa.cov_pop_tot,0,25,0
Kiribati,Demand for family planning satisfied by modern methods (% of married women with demand for family planning),SH.FPL.SATM.ZS,0,25,0
Kiribati,Diabetes prevalence (% of population ages 20 to 79),SH.STA.DIAB.ZS,0,25,0
Kiribati,"Life expectancy at birth, total (years)",SP.DYN.LE00.IN,0,25,0
Kiribati,"Life expectancy at birth, female (years)",SP.DYN.LE00.FE.IN,0,25,0
Kiribati,"Life expectancy at birth, male (years)",SP.DYN.LE00.MA.IN,0,25,0
Kiribati,"Nurses and midwives (per 1,000 people)",SH.MED.NUMW.P3,0,25,0
Kiribati,Prevalence of anemia among women of reproductive age (% of women ages 15-49),SH.ANM.ALLW.ZS,0,25,0
Kiribati,Prevalence of anemia among pregnant women (%),SH.PRG.ANEM,0,25,0
Kiribati,"Prevalence of HIV, female (% ages 15-24)",SH.HIV.1524.FE.ZS,0,25,0
Kiribati,"Prevalence of HIV, male (% ages 15-24)",SH.HIV.1524.MA.ZS,0,25,0
Kiribati,"Prevalence of HIV, total (% of population ages 15-49)",SH.DYN.AIDS.ZS,0,25,0
"Korea, Dem. People's Rep.",Adjusted net national income (current US$),NY.ADJ.NNTY.CD,0,25,0
"Korea, Dem. People's Rep.","Adolescent fertility rate (births per 1,000 women ages 15-19)",SP.ADO.TFRT,0,25,0
"Korea, Dem. People's Rep.",Gross savings (% of GDP),NY.GNS.ICTR.ZS,0,25,0
"Korea, Dem. People's Rep.","Inflation, consumer prices (annual %)",FP.CPI.TOTL.ZG,0,25,0
"Korea, Dem. People's Rep.","Labor force participation rate, female (% of female population ages 15+) (national estimate)",SL.TLF.CACT.FE.NE.ZS,0,25,0
"Korea, Dem. People's Rep.","Population, female",SP.POP.TOTL.FE.IN,0,25,0
"Korea, Dem. People's Rep.","Population, female (% of total population)",SP.POP.TOTL.FE.ZS,0,25,0
"Korea, Dem. People's Rep.","Population, male",SP.POP.TOTL.MA.IN,0,25,0
"Korea, Dem. People's Rep.","Population, male (% of total population)",SP.POP.TOTL.MA.ZS,0,25,0
"Korea, Dem. People's Rep.",Ratio of female to male labor force participation rate (%) (national estimate),SL.TLF.CACT.FM.NE.ZS,0,25,0
"Korea, Dem. People's Rep.","Unemployment, youth female (% of female labor force ages 15-24) (national estimate)",SL.UEM.1524.FE.NE.ZS,0,25,0
"Korea, Dem. People's Rep.",Wanted fertility rate (births per woman),SP.DYN.WFRT,0,25,0
"Korea, Dem. People's Rep.","Women making their own informed decisions regarding sexual relations, contraceptive use and reproductive health care (% of women age 15-49)",SG.DMK.SRCR.FN.ZS,0,25,0
"Korea, Dem. People's Rep.",Women's share of population ages 15+ living with HIV (%),SH.DYN.AIDS.FE.ZS,0,25,0
"Korea, Dem. People's Rep.","Contraceptive prevalence, any method (% of married women ages 15-49)",SP.DYN.CONU.ZS,0,25,0
"Korea, Dem. People's Rep.",Coverage of social insurance programs (% of population),per_si_allsi.cov_pop_tot,0,25,0
"Korea, Dem. People's Rep.",Coverage of social safety net programs (% of population),per_sa_allsa.cov_pop_tot,0,25,0
"Korea, Dem. People's Rep.",Demand for family planning satisfied by modern methods (% of married women with demand for family planning),SH.FPL.SATM.ZS,0,25,0
"Korea, Dem. People's Rep.",Diabetes prevalence (% of population ages 20 to 79),SH.STA.DIAB.ZS,0,25,0
"Korea, Dem. People's Rep.","Life expectancy at birth, total (years)",SP.DYN.LE00.IN,0,25,0
"Korea, Dem. People's Rep.","Life expectancy at birth, female (years)",SP.DYN.LE00.FE.IN,0,25,0
"Korea, Dem. People's Rep.","Life expectancy at birth, male (years)",SP.DYN.LE00.MA.IN,0,25,0
"Korea, Dem. People's Rep.","Nurses and midwives (per 1,000 people)",SH.MED.NUMW.P3,0,25,0
"Korea, Dem. People's Rep.",Prevalence of anemia among women of reproductive age (% of women ages 15-49),SH.ANM.ALLW.ZS,0,25,0
"Korea, Dem. People's Rep.",Prevalence of anemia among pregnant women (%),SH.PRG.ANEM,0,25,0
"Korea, Dem. People's Rep.","Prevalence of HIV, female (% ages 15-24)",SH.HIV.1524.FE.ZS,0,25,0
"Korea, Dem. People's Rep.","Prevalence of HIV, male (% ages 15-24)",SH.HIV.1524.MA.ZS,0,25,0
"Korea, Dem. People's Rep.","Prevalence of HIV, total (% of population ages 15-49)",SH.DYN.AIDS.ZS,0,25,0
"Korea, Rep.",Adjusted net national income (current US$),NY.ADJ.NNTY.CD,0,25,0
"Korea, Rep.","Adolescent fertility rate (births per 1,000 women ages 15-19)",SP.ADO.TFRT,0,25,0
"Korea, Rep.",Gross savings (% of GDP),NY.GNS.ICTR.ZS,0,25,0
"Korea, Rep.","Inflation, consumer prices (annual %)",FP.CPI.TOTL.ZG,0,25,0
"Korea, Rep.","Labor force participation rate, female (% of female population ages 15+) (national estimate)",SL.TLF.CACT.FE.NE.ZS,0,25,0
"Korea, Rep.","Population, female",SP.POP.TOTL.FE.IN,0,25,0
"Korea, Rep.","Population, female (% of total population)",SP.POP.TOTL.FE.ZS,0,25,0
"Korea, Rep.","Population, male",SP.POP.TOTL.MA.IN,0,25,0
"Korea, Rep.","Population, male (% of total population)",SP.POP.TOTL.MA.ZS,0,25,0
"Korea, Rep.",Ratio of female to male labor force participation rate (%) (national estimate),SL.TLF.CACT.FM.NE.ZS,0,25,0
"Korea, Rep.","Unemployment, youth female (% of female labor force ages 15-24) (national estimate)",SL.UEM.1524.FE.NE.ZS,0,25,0
"Korea, Rep.",Wanted fertility rate (births per woman),SP.DYN.WFRT,0,25,0
"Korea, Rep.","Women making their own informed decisions regarding sexual relations, contraceptive use and reproductive health care (% of women age 15-49)",SG.DMK.SRCR.FN.ZS,0,25,0
"Korea, Rep.",Women's share of population ages 15+ living with HIV (%),SH.DYN.AIDS.FE.ZS,0,25,0
"Korea, Rep.","Contraceptive prevalence, any method (% of married women ages 15-49)",SP.DYN.CONU.ZS,0,25,0
"Korea, Rep.",Coverage of social insurance programs (% of population),per_si_allsi.cov_pop_tot,0,25,0
"Korea, Rep.",Coverage of social safety net programs (% of population),per_sa_allsa.cov_pop_tot,0,25,0
"Korea, Rep.",Demand for family planning satisfied by modern methods (% of married women with demand for family planning),SH.FPL.SATM.ZS,0,25,0
"Korea, Rep.",Diabetes prevalence (% of population ages 20 to 79),SH.STA.DIAB.ZS,0,25,0
"Korea, Rep.","Life expectancy at birth, total (years)",SP.DYN.LE00.IN,0,25,0
"Korea, Rep.","Life expectancy at birth, female (years)",SP.DYN.LE00.FE.IN,0,25,0
"Korea, Rep.","Life expectancy at birth, male (years)",SP.DYN.LE00.MA.IN,0,25,0
"Korea, Rep.","Nurses and midwives (per 1,000 people)",SH.MED.NUMW.P3,0,25,0
"Korea, Rep.",Prevalence of anemia among women of reproductive age (% of women ages 15-49),SH.ANM.ALLW.ZS,0,25,0
"Korea, Rep.",Prevalence of anemia among pregnant women (%),SH.PRG.ANEM,0,25,0
"Korea, Rep.","Prevalence of HIV, female (% ages 15-24)",SH.HIV.1524.FE.ZS,0,25,0
"Korea, Rep.","Prevalence of HIV, male (% ages 15-24)",SH.HIV.1524.MA.ZS,0,25,0
"Korea, Rep.","Prevalence of HIV, total (% of population ages 15-49)",SH.DYN.AIDS.ZS,0,25,0
Kosovo,Adjusted net national income (current US$),NY.ADJ.NNTY.CD,0,25,0
Kosovo,"Adolescent fertility rate (births per 1,000 women ages 15-19)",SP.ADO.TFRT,0,25,0
Kosovo,Gross savings (% of GDP),NY.GNS.ICTR.ZS,0,25,0
Kosovo,"Inflation, consumer prices (annual %)",FP.CPI.TOTL.ZG,0,25,0
Kosovo,"Labor force participation rate, female (% of female population ages 15+) (national estimate)",SL.TLF.CACT.FE.NE.ZS,0,25,0
Kosovo,"Population, female",SP.POP.TOTL.FE.IN,0,25,0
Kosovo,"Population, female (% of total population)",SP.POP.TOTL.FE.ZS,0,25,0
Kosovo,"Population, male",SP.POP.TOTL.MA.IN,0,25,0
Kosovo,"Population, male (% of total population)",SP.POP.TOTL.MA.ZS,0,25,0
Kosovo,Ratio of female to male labor force participation rate (%) (national estimate),SL.TLF.CACT.FM.NE.ZS,0,25,0
Kosovo,"Unemployment, youth female (% of female labor force ages 15-24) (national estimate)",SL.UEM.1524.FE.NE.ZS,0,25,0
Kosovo,Wanted fertility rate (births per woman),SP.DYN.WFRT,0,25,0
Kosovo,"Women making their own informed decisions regarding sexual relations, contraceptive use and reproductive health care (% of women age 15-49)",SG.DMK.SRCR.FN.ZS,0,25,0
Kosovo,Women's share of population ages 15+ living with HIV (%),SH.DYN.AIDS.FE.ZS,0,25,0
Kosovo,"Contraceptive prevalence, any method (% of married women ages 15-49)",SP.DYN.CONU.ZS,0,25,0
Kosovo,Coverage of social insurance programs (% of population),per_si_allsi.cov_pop_tot,0,25,0
Kosovo,Coverage of social safety net programs (% of population),per_sa_allsa.cov_pop_tot,0,25,0
Kosovo,Demand for family planning satisfied by modern methods (% of married women with demand for family planning),SH.FPL.SATM.ZS,0,25,0
Kosovo,Diabetes prevalence (% of population ages 20 to 79),SH.STA.DIAB.ZS,0,25,0
Kosovo,"Life expectancy at birth, total (years)",SP.DYN.LE00.IN,0,25,0
Kosovo,"Life expectancy at birth, female (years)",SP.DYN.LE00.FE.IN,0,25,0
Kosovo,"Life expectancy at birth, male (years)",SP.DYN.LE00.MA.IN,0,25,0
Kosovo,"Nurses and midwives (per 1,000 people)",SH.MED.NUMW.P3,0,25,0
Kosovo,Prevalence of anemia among women of reproductive age (% of women ages 15-49),SH.ANM.ALLW.ZS,0,25,0
Kosovo,Prevalence of anemia among pregnant women (%),SH.PRG.ANEM,0,25,0
Kosovo,"Prevalence of HIV, female (% ages 15-24)",SH.HIV.1524.FE.ZS,0,25,0
Kosovo,"Prevalence of HIV, male (% ages 15-24)",SH.HIV.1524.MA.ZS,0,25,0
Kosovo,"Prevalence of HIV, total (% of population ages 15-49)",SH.DYN.AIDS.ZS,0,25,0
Kuwait,Adjusted net national income (current US$),NY.ADJ.NNTY.CD,0,25,0
Kuwait,"Adolescent fertility rate (births per 1,000 women ages 15-19)",SP.ADO.TFRT,0,25,0
Kuwait,Gross savings (% of GDP),NY.GNS.ICTR.ZS,0,25,0
Kuwait,"Inflation, consumer prices (annual %)",FP.CPI.TOTL.ZG,0,25,0
Kuwait,"Labor force participation rate, female (% of female population ages 15+) (national estimate)",SL.TLF.CACT.FE.NE.ZS,0,25,0
Kuwait,"Population, female",SP.POP.TOTL.FE.IN,0,25,0
Kuwait,"Population, female (% of total population)",SP.POP.TOTL.FE.ZS,0,25,0
Kuwait,"Population, male",SP.POP.TOTL.MA.IN,0,25,0
Kuwait,"Population, male (% of total population)",SP.POP.TOTL.MA.ZS,0,25,0
Kuwait,Ratio of female to male labor force participation rate (%) (national estimate),SL.TLF.CACT.FM.NE.ZS,0,25,0
Kuwait,"Unemployment, youth female (% of female labor force ages 15-24) (national estimate)",SL.UEM.1524.FE.NE.ZS,0,25,0
Kuwait,Wanted fertility rate (births per woman),SP.DYN.WFRT,0,25,0
Kuwait,"Women making their own informed decisions regarding sexual relations, contraceptive use and reproductive health care (% of women age 15-49)",SG.DMK.SRCR.FN.ZS,0,25,0
Kuwait,Women's share of population ages 15+ living with HIV (%),SH.DYN.AIDS.FE.ZS,0,25,0
Kuwait,"Contraceptive prevalence, any method (% of married women ages 15-49)",SP.DYN.CONU.ZS,0,25,0
Kuwait,Coverage of social insurance programs (% of population),per_si_allsi.cov_pop_tot,0,25,0
Kuwait,Coverage of social safety net programs (% of population),per_sa_allsa.cov_pop_tot,0,25,0
Kuwait,Demand for family planning satisfied by modern methods (% of married women with demand for family planning),SH.FPL.SATM.ZS,0,25,0
Kuwait,Diabetes prevalence (% of population ages 20 to 79),SH.STA.DIAB.ZS,0,25,0
Kuwait,"Life expectancy at birth, total (years)",SP.DYN.LE00.IN,0,25,0
Kuwait,"Life expectancy at birth, female (years)",SP.DYN.LE00.FE.IN,0,25,0
Kuwait,"Life expectancy at birth, male (years)",SP.DYN.LE00.MA.IN,0,25,0
Kuwait,"Nurses and midwives (per 1,000 people)",SH.MED.NUMW.P3,0,25,0
Kuwait,Prevalence of anemia among women of reproductive age (% of women ages 15-49),SH.ANM.ALLW.ZS,0,25,0
Kuwait,Prevalence of anemia among pregnant women (%),SH.PRG.ANEM,0,25,0
Kuwait,"Prevalence of HIV, female (% ages 15-24)",SH.HIV.1524.FE.ZS,0,25,0
Kuwait,"Prevalence of HIV, male (% ages 15-24)",SH.HIV.1524.MA.ZS,0,25,0
Kuwait,"Prevalence of HIV, total (% of population ages 15-49)",SH.DYN.AIDS.ZS,0,25,0
Kyrgyz Republic,Adjusted net national income (current US$),NY.ADJ.NNTY.CD,0,25,0
Kyrgyz Republic,"Adolescent fertility rate (births per 1,000 women ages 15-19)",SP.ADO.TFRT,0,25,0
Kyrgyz Republic,Gross savings (% of GDP),NY.GNS.ICTR.ZS,0,25,0
Kyrgyz Republic,"Inflation, consumer prices (annual %)",FP.CPI.TOTL.ZG,0,25,0
Kyrgyz Republic,"Labor force participation rate, female (% of female population ages 15+) (national estimate)",SL.TLF.CACT.FE.NE.ZS,0,25,0
Kyrgyz Republic,"Population, female",SP.POP.TOTL.FE.IN,0,25,0
Kyrgyz Republic,"Population, female (% of total population)",SP.POP.TOTL.FE.ZS,0,25,0
Kyrgyz Republic,"Population, male",SP.POP.TOTL.MA.IN,0,25,0
Kyrgyz Republic,"Population, male (% of total population)",SP.POP.TOTL.MA.ZS,0,25,0
Kyrgyz Republic,Ratio of female to male labor force participation rate (%) (national estimate),SL.TLF.CACT.FM.NE.ZS,0,25,0
Kyrgyz Republic,"Unemployment, youth female (% of female labor force ages 15-24) (national estimate)",SL.UEM.1524.FE.NE.ZS,0,25,0
Kyrgyz Republic,Wanted fertility rate (births per woman),SP.DYN.WFRT,0,25,0
Kyrgyz Republic,"Women making their own informed decisions regarding sexual relations, contraceptive use and reproductive health care (% of women age 15-49)",SG.DMK.SRCR.FN.ZS,0,25,0
Kyrgyz Republic,Women's share of population ages 15+ living with HIV (%),SH.DYN.AIDS.FE.ZS,0,25,0
Kyrgyz Republic,"Contraceptive prevalence, any method (% of married women ages 15-49)",SP.DYN.CONU.ZS,0,25,0
Kyrgyz Republic,Coverage of social insurance programs (% of population),per_si_allsi.cov_pop_tot,0,25,0
Kyrgyz Republic,Coverage of social safety net programs (% of population),per_sa_allsa.cov_pop_tot,0,25,0
Kyrgyz Republic,Demand for family planning satisfied by modern methods (% of married women with demand for family planning),SH.FPL.SATM.ZS,0,25,0
Kyrgyz Republic,Diabetes prevalence (% of population ages 20 to 79),SH.STA.DIAB.ZS,0,25,0
Kyrgyz Republic,"Life expectancy at birth, total (years)",SP.DYN.LE00.IN,0,25,0
Kyrgyz Republic,"Life expectancy at birth, female (years)",SP.DYN.LE00.FE.IN,0,25,0
Kyrgyz Republic,"Life expectancy at birth, male (years)",SP.DYN.LE00.MA.IN,0,25,0
Kyrgyz Republic,"Nurses and midwives (per 1,000 people)",SH.MED.NUMW.P3,0,25,0
Kyrgyz Republic,Prevalence of anemia among women of reproductive age (% of women ages 15-49),SH.ANM.ALLW.ZS,0,25,0
Kyrgyz Republic,Prevalence of anemia among pregnant women (%),SH.PRG.ANEM,0,25,0
Kyrgyz Republic,"Prevalence of HIV, female (% ages 15-24)",SH.HIV.1524.FE.ZS,0,25,0
Kyrgyz Republic,"Prevalence of HIV, male (% ages 15-24)",SH.HIV.1524.MA.ZS,0,25,0
Kyrgyz Republic,"Prevalence of HIV, total (% of population ages 15-49)",SH.DYN.AIDS.ZS,0,25,0
Lao PDR,Adjusted net national income (current US$),NY.ADJ.NNTY.CD,0,25,0
Lao PDR,"Adolescent fertility rate (births per 1,000 women ages 15-19)",SP.ADO.TFRT,0,25,0
Lao PDR,Gross savings (% of GDP),NY.GNS.ICTR.ZS,0,25,0
Lao PDR,"Inflation, consumer prices (annual %)",FP.CPI.TOTL.ZG,0,25,0
Lao PDR,"Labor force participation rate, female (% of female population ages 15+) (national estimate)",SL.TLF.CACT.FE.NE.ZS,0,25,0
Lao PDR,"Population, female",SP.POP.TOTL.FE.IN,0,25,0
Lao PDR,"Population, female (% of total population)",SP.POP.TOTL.FE.ZS,0,25,0
Lao PDR,"Population, male",SP.POP.TOTL.MA.IN,0,25,0
Lao PDR,"Population, male (% of total population)",SP.POP.TOTL.MA.ZS,0,25,0
Lao PDR,Ratio of female to male labor force participation rate (%) (national estimate),SL.TLF.CACT.FM.NE.ZS,0,25,0
Lao PDR,"Unemployment, youth female (% of female labor force ages 15-24) (national estimate)",SL.UEM.1524.FE.NE.ZS,0,25,0
Lao PDR,Wanted fertility rate (births per woman),SP.DYN.WFRT,0,25,0
Lao PDR,"Women making their own informed decisions regarding sexual relations, contraceptive use and reproductive health care (% of women age 15-49)",SG.DMK.SRCR.FN.ZS,0,25,0
Lao PDR,Women's share of population ages 15+ living with HIV (%),SH.DYN.AIDS.FE.ZS,0,25,0
Lao PDR,"Contraceptive prevalence, any method (% of married women ages 15-49)",SP.DYN.CONU.ZS,0,25,0
Lao PDR,Coverage of social insurance programs (% of population),per_si_allsi.cov_pop_tot,0,25,0
Lao PDR,Coverage of social safety net programs (% of population),per_sa_allsa.cov_pop_tot,0,25,0
Lao PDR,Demand for family planning satisfied by modern methods (% of married women with demand for family planning),SH.FPL.SATM.ZS,0,25,0
Lao PDR,Diabetes prevalence (% of population ages 20 to 79),SH.STA.DIAB.ZS,0,25,0
Lao PDR,"Life expectancy at birth, total (years)",SP.DYN.LE00.IN,0,25,0
Lao PDR,"Life expectancy at birth, female (years)",SP.DYN.LE00.FE.IN,0,25,0
Lao PDR,"Life expectancy at birth, male (years)",SP.DYN.LE00.MA.IN,0,25,0
Lao PDR,"Nurses and midwives (per 1,000 people)",SH.MED.NUMW.P3,0,25,0
Lao PDR,Prevalence of anemia among women of reproductive age (% of women ages 15-49),SH.ANM.ALLW.ZS,0,25,0
Lao PDR,Prevalence of anemia among pregnant women (%),SH.PRG.ANEM,0,25,0
Lao PDR,"Prevalence of HIV, female (% ages 15-24)",SH.HIV.1524.FE.ZS,0,25,0
Lao PDR,"Prevalence of HIV, male (% ages 15-24)",SH.HIV.1524.MA.ZS,0,25,0
Lao PDR,"Prevalence of HIV, total (% of population ages 15-49)",SH.DYN.AIDS.ZS,0,25,0
Latvia,Adjusted net national income (current US$),NY.ADJ.NNTY.CD,0,25,0
Latvia,"Adolescent fertility rate (births per 1,000 women ages 15-19)",SP.ADO.TFRT,0,25,0
Latvia,Gross savings (% of GDP),NY.GNS.ICTR.ZS,0,25,0
Latvia,"Inflation, consumer prices (annual %)",FP.CPI.TOTL.ZG,0,25,0
Latvia,"Labor force participation rate, female (% of female population ages 15+) (national estimate)",SL.TLF.CACT.FE.NE.ZS,0,25,0
Latvia,"Population, female",SP.POP.TOTL.FE.IN,0,25,0
Latvia,"Population, female (% of total population)",SP.POP.TOTL.FE.ZS,0,25,0
Latvia,"Population, male",SP.POP.TOTL.MA.IN,0,25,0
Latvia,"Population, male (% of total population)",SP.POP.TOTL.MA.ZS,0,25,0
Latvia,Ratio of female to male labor force participation rate (%) (national estimate),SL.TLF.CACT.FM.NE.ZS,0,25,0
Latvia,"Unemployment, youth female (% of female labor force ages 15-24) (national estimate)",SL.UEM.1524.FE.NE.ZS,0,25,0
Latvia,Wanted fertility rate (births per woman),SP.DYN.WFRT,0,25,0
Latvia,"Women making their own informed decisions regarding sexual relations, contraceptive use and reproductive health care (% of women age 15-49)",SG.DMK.SRCR.FN.ZS,0,25,0
Latvia,Women's share of population ages 15+ living with HIV (%),SH.DYN.AIDS.FE.ZS,0,25,0
Latvia,"Contraceptive prevalence, any method (% of married women ages 15-49)",SP.DYN.CONU.ZS,0,25,0
Latvia,Coverage of social insurance programs (% of population),per_si_allsi.cov_pop_tot,0,25,0
Latvia,Coverage of social safety net programs (% of population),per_sa_allsa.cov_pop_tot,0,25,0
Latvia,Demand for family planning satisfied by modern methods (% of married women with demand for family planning),SH.FPL.SATM.ZS,0,25,0
Latvia,Diabetes prevalence (% of population ages 20 to 79),SH.STA.DIAB.ZS,0,25,0
Latvia,"Life expectancy at birth, total (years)",SP.DYN.LE00.IN,0,25,0
Latvia,"Life expectancy at birth, female (years)",SP.DYN.LE00.FE.IN,0,25,0
Latvia,"Life expectancy at birth, male (years)",SP.DYN.LE00.MA.IN,0,25,0
Latvia,"Nurses and midwives (per 1,000 people)",SH.MED.NUMW.P3,0,25,0
Latvia,Prevalence of anemia among women of reproductive age (% of women ages 15-49),SH.ANM.ALLW.ZS,0,25,0
Latvia,Prevalence of anemia among pregnant women (%),SH.PRG.ANEM,0,25,0
Latvia,"Prevalence of HIV, female (% ages 15-24)",SH.HIV.1524.FE.ZS,0,25,0
Latvia,"Prevalence of HIV, male (% ages 15-24)",SH.HIV.1524.MA.ZS,0,25,0
Latvia,"Prevalence of HIV, total (% of population ages 15-49)",SH.DYN.AIDS.ZS,0,25,0
Lebanon,Adjusted net national income (current US$),NY.ADJ.NNTY.CD,0,25,0
Lebanon,"Adolescent fertility rate (births per 1,000 women ages 15-19)",SP.ADO.TFRT,0,25,0
Lebanon,Gross savings (% of GDP),NY.GNS.ICTR.ZS,0,25,0
Lebanon,"Inflation, consumer prices (annual %)",FP.CPI.TOTL.ZG,0,25,0
Lebanon,"Labor force participation rate, female (% of female population ages 15+) (national estimate)",SL.TLF.CACT.FE.NE.ZS,0,25,0
Lebanon,"Population, female",SP.POP.TOTL.FE.IN,0,25,0
Lebanon,"Population, female (% of total population)",SP.POP.TOTL.FE.ZS,0,25,0
Lebanon,"Population, male",SP.POP.TOTL.MA.IN,0,25,0
Lebanon,"Population, male (% of total population)",SP.POP.TOTL.MA.ZS,0,25,0
Lebanon,Ratio of female to male labor force participation rate (%) (national estimate),SL.TLF.CACT.FM.NE.ZS,0,25,0
Lebanon,"Unemployment, youth female (% of female labor force ages 15-24) (national estimate)",SL.UEM.1524.FE.NE.ZS,0,25,0
Lebanon,Wanted fertility rate (births per woman),SP.DYN.WFRT,0,25,0
Lebanon,"Women making their own informed decisions regarding sexual relations, contraceptive use and reproductive health care (% of women age 15-49)",SG.DMK.SRCR.FN.ZS,0,25,0
Lebanon,Women's share of population ages 15+ living with HIV (%),SH.DYN.AIDS.FE.ZS,0,25,0
Lebanon,"Contraceptive prevalence, any method (% of married women ages 15-49)",SP.DYN.CONU.ZS,0,25,0
Lebanon,Coverage of social insurance programs (% of population),per_si_allsi.cov_pop_tot,0,25,0
Lebanon,Coverage of social safety net programs (% of population),per_sa_allsa.cov_pop_tot,0,25,0
Lebanon,Demand for family planning satisfied by modern methods (% of married women with demand for family planning),SH.FPL.SATM.ZS,0,25,0
Lebanon,Diabetes prevalence (% of population ages 20 to 79),SH.STA.DIAB.ZS,0,25,0
Lebanon,"Life expectancy at birth, total (years)",SP.DYN.LE00.IN,0,25,0
Lebanon,"Life expectancy at birth, female (years)",SP.DYN.LE00.FE.IN,0,25,0
Lebanon,"Life expectancy at birth, male (years)",SP.DYN.LE00.MA.IN,0,25,0
Lebanon,"Nurses and midwives (per 1,000 people)",SH.MED.NUMW.P3,0,25,0
Lebanon,Prevalence of anemia among women of reproductive age (% of women ages 15-49),SH.ANM.ALLW.ZS,0,25,0
Lebanon,Prevalence of anemia among pregnant women (%),SH.PRG.ANEM,0,25,0
Lebanon,"Prevalence of HIV, female (% ages 15-24)",SH.HIV.1524.FE.ZS,0,25,0
Lebanon,"Prevalence of HIV, male (% ages 15-24)",SH.HIV.1524.MA.ZS,0,25,0
Lebanon,"Prevalence of HIV, total (% of population ages 15-49)",SH.DYN.AIDS.ZS,0,25,0
Lesotho,Adjusted net national income (current US$),NY.ADJ.NNTY.CD,0,25,0
Lesotho,"Adolescent fertility rate (births per 1,000 women ages 15-19)",SP.ADO.TFRT,0,25,0
Lesotho,Gross savings (% of GDP),NY.GNS.ICTR.ZS,0,25,0
Lesotho,"Inflation, consumer prices (annual %)",FP.CPI.TOTL.ZG,0,25,0
Lesotho,"Labor force participation rate, female (% of female population ages 15+) (national estimate)",SL.TLF.CACT.FE.NE.ZS,0,25,0
Lesotho,"Population, female",SP.POP.TOTL.FE.IN,0,25,0
Lesotho,"Population, female (% of total population)",SP.POP.TOTL.FE.ZS,0,25,0
Lesotho,"Population, male",SP.POP.TOTL.MA.IN,0,25,0
Lesotho,"Population, male (% of total population)",SP.POP.TOTL.MA.ZS,0,25,0
Lesotho,Ratio of female to male labor force participation rate (%) (national estimate),SL.TLF.CACT.FM.NE.ZS,0,25,0
Lesotho,"Unemployment, youth female (% of female labor force ages 15-24) (national estimate)",SL.UEM.1524.FE.NE.ZS,0,25,0
Lesotho,Wanted fertility rate (births per woman),SP.DYN.WFRT,0,25,0
Lesotho,"Women making their own informed decisions regarding sexual relations, contraceptive use and reproductive health care (% of women age 15-49)",SG.DMK.SRCR.FN.ZS,0,25,0
Lesotho,Women's share of population ages 15+ living with HIV (%),SH.DYN.AIDS.FE.ZS,0,25,0
Lesotho,"Contraceptive prevalence, any method (% of married women ages 15-49)",SP.DYN.CONU.ZS,0,25,0
Lesotho,Coverage of social insurance programs (% of population),per_si_allsi.cov_pop_tot,0,25,0
Lesotho,Coverage of social safety net programs (% of population),per_sa_allsa.cov_pop_tot,0,25,0
Lesotho,Demand for family planning satisfied by modern methods (% of married women with demand for family planning),SH.FPL.SATM.ZS,0,25,0
Lesotho,Diabetes prevalence (% of population ages 20 to 79),SH.STA.DIAB.ZS,0,25,0
Lesotho,"Life expectancy at birth, total (years)",SP.DYN.LE00.IN,0,25,0
Lesotho,"Life expectancy at birth, female (years)",SP.DYN.LE00.FE.IN,0,25,0
Lesotho,"Life expectancy at birth, male (years)",SP.DYN.LE00.MA.IN,0,25,0
Lesotho,"Nurses and midwives (per 1,000 people)",SH.MED.NUMW.P3,0,25,0
Lesotho,Prevalence of anemia among women of reproductive age (% of women ages 15-49),SH.ANM.ALLW.ZS,0,25,0
Lesotho,Prevalence of anemia among pregnant women (%),SH.PRG.ANEM,0,25,0
Lesotho,"Prevalence of HIV, female (% ages 15-24)",SH.HIV.1524.FE.ZS,0,25,0
Lesotho,"Prevalence of HIV, male (% ages 15-24)",SH.HIV.1524.MA.ZS,0,25,0
Lesotho,"Prevalence of HIV, total (% of population ages 15-49)",SH.DYN.AIDS.ZS,0,25,0
Liberia,Adjusted net national income (current US$),NY.ADJ.NNTY.CD,0,25,0
Liberia,"Adolescent fertility rate (births per 1,000 women ages 15-19)",SP.ADO.TFRT,0,25,0
Liberia,Gross savings (% of GDP),NY.GNS.ICTR.ZS,0,25,0
Liberia,"Inflation, consumer prices (annual %)",FP.CPI.TOTL.ZG,0,25,0
Liberia,"Labor force participation rate, female (% of female population ages 15+) (national estimate)",SL.TLF.CACT.FE.NE.ZS,0,25,0
Liberia,"Population, female",SP.POP.TOTL.FE.IN,0,25,0
Liberia,"Population, female (% of total population)",SP.POP.TOTL.FE.ZS,0,25,0
Liberia,"Population, male",SP.POP.TOTL.MA.IN,0,25,0
Liberia,"Population, male (% of total population)",SP.POP.TOTL.MA.ZS,0,25,0
Liberia,Ratio of female to male labor force participation rate (%) (national estimate),SL.TLF.CACT.FM.NE.ZS,0,25,0
Liberia,"Unemployment, youth female (% of female labor force ages 15-24) (national estimate)",SL.UEM.1524.FE.NE.ZS,0,25,0
Liberia,Wanted fertility rate (births per woman),SP.DYN.WFRT,0,25,0
Liberia,"Women making their own informed decisions regarding sexual relations, contraceptive use and reproductive health care (% of women age 15-49)",SG.DMK.SRCR.FN.ZS,0,25,0
Liberia,Women's share of population ages 15+ living with HIV (%),SH.DYN.AIDS.FE.ZS,0,25,0
Liberia,"Contraceptive prevalence, any method (% of married women ages 15-49)",SP.DYN.CONU.ZS,0,25,0
Liberia,Coverage of social insurance programs (% of population),per_si_allsi.cov_pop_tot,0,25,0
Liberia,Coverage of social safety net programs (% of population),per_sa_allsa.cov_pop_tot,0,25,0
Liberia,Demand for family planning satisfied by modern methods (% of married women with demand for family planning),SH.FPL.SATM.ZS,0,25,0
Liberia,Diabetes prevalence (% of population ages 20 to 79),SH.STA.DIAB.ZS,0,25,0
Liberia,"Life expectancy at birth, total (years)",SP.DYN.LE00.IN,0,25,0
Liberia,"Life expectancy at birth, female (years)",SP.DYN.LE00.FE.IN,0,25,0
Liberia,"Life expectancy at birth, male (years)",SP.DYN.LE00.MA.IN,0,25,0
Liberia,"Nurses and midwives (per 1,000 people)",SH.MED.NUMW.P3,0,25,0
Liberia,Prevalence of anemia among women of reproductive age (% of women ages 15-49),SH.ANM.ALLW.ZS,0,25,0
Liberia,Prevalence of anemia among pregnant women (%),SH.PRG.ANEM,0,25,0
Liberia,"Prevalence of HIV, female (% ages 15-24)",SH.HIV.1524.FE.ZS,0,25,0
Liberia,"Prevalence of HIV, male (% ages 15-24)",SH.HIV.1524.MA.ZS,0,25,0
Liberia,"Prevalence of HIV, total (% of population ages 15-49)",SH.DYN.AIDS.ZS,0,25,0
Libya,Adjusted net national income (current US$),NY.ADJ.NNTY.CD,0,25,0
Libya,"Adolescent fertility rate (births per 1,000 women ages 15-19)",SP.ADO.TFRT,0,25,0
Libya,Gross savings (% of GDP),NY.GNS.ICTR.ZS,0,25,0
Libya,"Inflation, consumer prices (annual %)",FP.CPI.TOTL.ZG,0,25,0
Libya,"Labor force participation rate, female (% of female population ages 15+) (national estimate)",SL.TLF.CACT.FE.NE.ZS,0,25,0
Libya,"Population, female",SP.POP.TOTL.FE.IN,0,25,0
Libya,"Population, female (% of total population)",SP.POP.TOTL.FE.ZS,0,25,0
Libya,"Population, male",SP.POP.TOTL.MA.IN,0,25,0
Libya,"Population, male (% of total population)",SP.POP.TOTL.MA.ZS,0,25,0
Libya,Ratio of female to male labor force participation rate (%) (national estimate),SL.TLF.CACT.FM.NE.ZS,0,25,0
Libya,"Unemployment, youth female (% of female labor force ages 15-24) (national estimate)",SL.UEM.1524.FE.NE.ZS,0,25,0
Libya,Wanted fertility rate (births per woman),SP.DYN.WFRT,0,25,0
Libya,"Women making their own informed decisions regarding sexual relations, contraceptive use and reproductive health care (% of women age 15-49)",SG.DMK.SRCR.FN.ZS,0,25,0
Libya,Women's share of population ages 15+ living with HIV (%),SH.DYN.AIDS.FE.ZS,0,25,0
Libya,"Contraceptive prevalence, any method (% of married women ages 15-49)",SP.DYN.CONU.ZS,0,25,0
Libya,Coverage of social insurance programs (% of population),per_si_allsi.cov_pop_tot,0,25,0
Libya,Coverage of social safety net programs (% of population),per_sa_allsa.cov_pop_tot,0,25,0
Libya,Demand for family planning satisfied by modern methods (% of married women with demand for family planning),SH.FPL.SATM.ZS,0,25,0
Libya,Diabetes prevalence (% of population ages 20 to 79),SH.STA.DIAB.ZS,0,25,0
Libya,"Life expectancy at birth, total (years)",SP.DYN.LE00.IN,0,25,0
Libya,"Life expectancy at birth, female (years)",SP.DYN.LE00.FE.IN,0,25,0
Libya,"Life expectancy at birth, male (years)",SP.DYN.LE00.MA.IN,0,25,0
Libya,"Nurses and midwives (per 1,000 people)",SH.MED.NUMW.P3,0,25,0
Libya,Prevalence of anemia among women of reproductive age (% of women ages 15-49),SH.ANM.ALLW.ZS,0,25,0
Libya,Prevalence of anemia among pregnant women (%),SH.PRG.ANEM,0,25,0
Libya,"Prevalence of HIV, female (% ages 15-24)",SH.HIV.1524.FE.ZS,0,25,0
Libya,"Prevalence of HIV, male (% ages 15-24)",SH.HIV.1524.MA.ZS,0,25,0
Libya,"Prevalence of HIV, total (% of population ages 15-49)",SH.DYN.AIDS.ZS,0,25,0
Liechtenstein,Adjusted net national income (current US$),NY.ADJ.NNTY.CD,0,25,0
Liechtenstein,"Adolescent fertility rate (births per 1,000 women ages 15-19)",SP.ADO.TFRT,0,25,0
Liechtenstein,Gross savings (% of GDP),NY.GNS.ICTR.ZS,0,25,0
Liechtenstein,"Inflation, consumer prices (annual %)",FP.CPI.TOTL.ZG,0,25,0
Liechtenstein,"Labor force participation rate, female (% of female population ages 15+) (national estimate)",SL.TLF.CACT.FE.NE.ZS,0,25,0
Liechtenstein,"Population, female",SP.POP.TOTL.FE.IN,0,25,0
Liechtenstein,"Population, female (% of total population)",SP.POP.TOTL.FE.ZS,0,25,0
Liechtenstein,"Population, male",SP.POP.TOTL.MA.IN,0,25,0
Liechtenstein,"Population, male (% of total population)",SP.POP.TOTL.MA.ZS,0,25,0
Liechtenstein,Ratio of female to male labor force participation rate (%) (national estimate),SL.TLF.CACT.FM.NE.ZS,0,25,0
Liechtenstein,"Unemployment, youth female (% of female labor force ages 15-24) (national estimate)",SL.UEM.1524.FE.NE.ZS,0,25,0
Liechtenstein,Wanted fertility rate (births per woman),SP.DYN.WFRT,0,25,0
Liechtenstein,"Women making their own informed decisions regarding sexual relations, contraceptive use and reproductive health care (% of women age 15-49)",SG.DMK.SRCR.FN.ZS,0,25,0
Liechtenstein,Women's share of population ages 15+ living with HIV (%),SH.DYN.AIDS.FE.ZS,0,25,0
Liechtenstein,"Contraceptive prevalence, any method (% of married women ages 15-49)",SP.DYN.CONU.ZS,0,25,0
Liechtenstein,Coverage of social insurance programs (% of population),per_si_allsi.cov_pop_tot,0,25,0
Liechtenstein,Coverage of social safety net programs (% of population),per_sa_allsa.cov_pop_tot,0,25,0
Liechtenstein,Demand for family planning satisfied by modern methods (% of married women with demand for family planning),SH.FPL.SATM.ZS,0,25,0
Liechtenstein,Diabetes prevalence (% of population ages 20 to 79),SH.STA.DIAB.ZS,0,25,0
Liechtenstein,"Life expectancy at birth, total (years)",SP.DYN.LE00.IN,0,25,0
Liechtenstein,"Life expectancy at birth, female (years)",SP.DYN.LE00.FE.IN,0,25,0
Liechtenstein,"Life expectancy at birth, male (years)",SP.DYN.LE00.MA.IN,0,25,0
Liechtenstein,"Nurses and midwives (per 1,000 people)",SH.MED.NUMW.P3,0,25,0
Liechtenstein,Prevalence of anemia among women of reproductive age (% of women ages 15-49),SH.ANM.ALLW.ZS,0,25,0
Liechtenstein,Prevalence of anemia among pregnant women (%),SH.PRG.ANEM,0,25,0
Liechtenstein,"Prevalence of HIV, female (% ages 15-24)",SH.HIV.1524.FE.ZS,0,25,0
Liechtenstein,"Prevalence of HIV, male (% ages 15-24)",SH.HIV.1524.MA.ZS,0,25,0
Liechtenstein,"Prevalence of HIV, total (% of population ages 15-49)",SH.DYN.AIDS.ZS,0,25,0
Lithuania,Adjusted net national income (current US$),NY.ADJ.NNTY.CD,0,25,0
Lithuania,"Adolescent fertility rate (births per 1,000 women ages 15-19)",SP.ADO.TFRT,0,25,0
Lithuania,Gross savings (% of GDP),NY.GNS.ICTR.ZS,0,25,0
Lithuania,"Inflation, consumer prices (annual %)",FP.CPI.TOTL.ZG,0,25,0
Lithuania,"Labor force participation rate, female (% of female population ages 15+) (national estimate)",SL.TLF.CACT.FE.NE.ZS,0,25,0
Lithuania,"Population, female",SP.POP.TOTL.FE.IN,0,25,0
Lithuania,"Population, female (% of total population)",SP.POP.TOTL.FE.ZS,0,25,0
Lithuania,"Population, male",SP.POP.TOTL.MA.IN,0,25,0
Lithuania,"Population, male (% of total population)",SP.POP.TOTL.MA.ZS,0,25,0
Lithuania,Ratio of female to male labor force participation rate (%) (national estimate),SL.TLF.CACT.FM.NE.ZS,0,25,0
Lithuania,"Unemployment, youth female (% of female labor force ages 15-24) (national estimate)",SL.UEM.1524.FE.NE.ZS,0,25,0
Lithuania,Wanted fertility rate (births per woman),SP.DYN.WFRT,0,25,0
Lithuania,"Women making their own informed decisions regarding sexual relations, contraceptive use and reproductive health care (% of women age 15-49)",SG.DMK.SRCR.FN.ZS,0,25,0
Lithuania,Women's share of population ages 15+ living with HIV (%),SH.DYN.AIDS.FE.ZS,0,25,0
Lithuania,"Contraceptive prevalence, any method (% of married women ages 15-49)",SP.DYN.CONU.ZS,0,25,0
Lithuania,Coverage of social insurance programs (% of population),per_si_allsi.cov_pop_tot,0,25,0
Lithuania,Coverage of social safety net programs (% of population),per_sa_allsa.cov_pop_tot,0,25,0
Lithuania,Demand for family planning satisfied by modern methods (% of married women with demand for family planning),SH.FPL.SATM.ZS,0,25,0
Lithuania,Diabetes prevalence (% of population ages 20 to 79),SH.STA.DIAB.ZS,0,25,0
Lithuania,"Life expectancy at birth, total (years)",SP.DYN.LE00.IN,0,25,0
Lithuania,"Life expectancy at birth, female (years)",SP.DYN.LE00.FE.IN,0,25,0
Lithuania,"Life expectancy at birth, male (years)",SP.DYN.LE00.MA.IN,0,25,0
Lithuania,"Nurses and midwives (per 1,000 people)",SH.MED.NUMW.P3,0,25,0
Lithuania,Prevalence of anemia among women of reproductive age (% of women ages 15-49),SH.ANM.ALLW.ZS,0,25,0
Lithuania,Prevalence of anemia among pregnant women (%),SH.PRG.ANEM,0,25,0
Lithuania,"Prevalence of HIV, female (% ages 15-24)",SH.HIV.1524.FE.ZS,0,25,0
Lithuania,"Prevalence of HIV, male (% ages 15-24)",SH.HIV.1524.MA.ZS,0,25,0
Lithuania,"Prevalence of HIV, total (% of population ages 15-49)",SH.DYN.AIDS.ZS,0,25,0
Luxembourg,Adjusted net national income (current US$),NY.ADJ.NNTY.CD,0,25,0
Luxembourg,"Adolescent fertility rate (births per 1,000 women ages 15-19)",SP.ADO.TFRT,0,25,0
Luxembourg,Gross savings (% of GDP),NY.GNS.ICTR.ZS,0,25,0
Luxembourg,"Inflation, consumer prices (annual %)",FP.CPI.TOTL.ZG,0,25,0
Luxembourg,"Labor force participation rate, female (% of female population ages 15+) (national estimate)",SL.TLF.CACT.FE.NE.ZS,0,25,0
Luxembourg,"Population, female",SP.POP.TOTL.FE.IN,0,25,0
Luxembourg,"Population, female (% of total population)",SP.POP.TOTL.FE.ZS,0,25,0
Luxembourg,"Population, male",SP.POP.TOTL.MA.IN,0,25,0
Luxembourg,"Population, male (% of total population)",SP.POP.TOTL.MA.ZS,0,25,0
Luxembourg,Ratio of female to male labor force participation rate (%) (national estimate),SL.TLF.CACT.FM.NE.ZS,0,25,0
Luxembourg,"Unemployment, youth female (% of female labor force ages 15-24) (national estimate)",SL.UEM.1524.FE.NE.ZS,0,25,0
Luxembourg,Wanted fertility rate (births per woman),SP.DYN.WFRT,0,25,0
Luxembourg,"Women making their own informed decisions regarding sexual relations, contraceptive use and reproductive health care (% of women age 15-49)",SG.DMK.SRCR.FN.ZS,0,25,0
Luxembourg,Women's share of population ages 15+ living with HIV (%),SH.DYN.AIDS.FE.ZS,0,25,0
Luxembourg,"Contraceptive prevalence, any method (% of married women ages 15-49)",SP.DYN.CONU.ZS,0,25,0
Luxembourg,Coverage of social insurance programs (% of population),per_si_allsi.cov_pop_tot,0,25,0
Luxembourg,Coverage of social safety net programs (% of population),per_sa_allsa.cov_pop_tot,0,25,0
Luxembourg,Demand for family planning satisfied by modern methods (% of married women with demand for family planning),SH.FPL.SATM.ZS,0,25,0
Luxembourg,Diabetes prevalence (% of population ages 20 to 79),SH.STA.DIAB.ZS,0,25,0
Luxembourg,"Life expectancy at birth, total (years)",SP.DYN.LE00.IN,0,25,0
Luxembourg,"Life expectancy at birth, female (years)",SP.DYN.LE00.FE.IN,0,25,0
Luxembourg,"Life expectancy at birth, male (years)",SP.DYN.LE00.MA.IN,0,25,0
Luxembourg,"Nurses and midwives (per 1,000 people)",SH.MED.NUMW.P3,0,25,0
Luxembourg,Prevalence of anemia among women of reproductive age (% of women ages 15-49),SH.ANM.ALLW.ZS,0,25,0
Luxembourg,Prevalence of anemia among pregnant women (%),SH.PRG.ANEM,0,25,0
Luxembourg,"Prevalence of HIV, female (% ages 15-24)",SH.HIV.1524.FE.ZS,0,25,0
Luxembourg,"Prevalence of HIV, male (% ages 15-24)",SH.HIV.1524.MA.ZS,0,25,0
Luxembourg,"Prevalence of HIV, total (% of population ages 15-49)",SH.DYN.AIDS.ZS,0,25,0
"Macao SAR, China",Adjusted net national income (current US$),NY.ADJ.NNTY.CD,0,25,0
"Macao SAR, China","Adolescent fertility rate (births per 1,000 women ages 15-19)",SP.ADO.TFRT,0,25,0
"Macao SAR, China",Gross savings (% of GDP),NY.GNS.ICTR.ZS,0,25,0
"Macao SAR, China","Inflation, consumer prices (annual %)",FP.CPI.TOTL.ZG,0,25,0
"Macao SAR, China","Labor force participation rate, female (% of female population ages 15+) (national estimate)",SL.TLF.CACT.FE.NE.ZS,0,25,0
"Macao SAR, China","Population, female",SP.POP.TOTL.FE.IN,0,25,0
"Macao SAR, China","Population, female (% of total population)",SP.POP.TOTL.FE.ZS,0,25,0
"Macao SAR, China","Population, male",SP.POP.TOTL.MA.IN,0,25,0
"Macao SAR, China","Population, male (% of total population)",SP.POP.TOTL.MA.ZS,0,25,0
"Macao SAR, China",Ratio of female to male labor force participation rate (%) (national estimate),SL.TLF.CACT.FM.NE.ZS,0,25,0
"Macao SAR, China","Unemployment, youth female (% of female labor force ages 15-24) (national estimate)",SL.UEM.1524.FE.NE.ZS,0,25,0
"Macao SAR, China",Wanted fertility rate (births per woman),SP.DYN.WFRT,0,25,0
"Macao SAR, China","Women making their own informed decisions regarding sexual relations, contraceptive use and reproductive health care (% of women age 15-49)",SG.DMK.SRCR.FN.ZS,0,25,0
"Macao SAR, China",Women's share of population ages 15+ living with HIV (%),SH.DYN.AIDS.FE.ZS,0,25,0
"Macao SAR, China","Contraceptive prevalence, any method (% of married women ages 15-49)",SP.DYN.CONU.ZS,0,25,0
"Macao SAR, China",Coverage of social insurance programs (% of population),per_si_allsi.cov_pop_tot,0,25,0
"Macao SAR, China",Coverage of social safety net programs (% of population),per_sa_allsa.cov_pop_tot,0,25,0
"Macao SAR, China",Demand for family planning satisfied by modern methods (% of married women with demand for family planning),SH.FPL.SATM.ZS,0,25,0
"Macao SAR, China",Diabetes prevalence (% of population ages 20 to 79),SH.STA.DIAB.ZS,0,25,0
"Macao SAR, China","Life expectancy at birth, total (years)",SP.DYN.LE00.IN,0,25,0
"Macao SAR, China","Life expectancy at birth, female (years)",SP.DYN.LE00.FE.IN,0,25,0
"Macao SAR, China","Life expectancy at birth, male (years)",SP.DYN.LE00.MA.IN,0,25,0
"Macao SAR, China","Nurses and midwives (per 1,000 people)",SH.MED.NUMW.P3,0,25,0
"Macao SAR, China",Prevalence of anemia among women of reproductive age (% of women ages 15-49),SH.ANM.ALLW.ZS,0,25,0
"Macao SAR, China",Prevalence of anemia among pregnant women (%),SH.PRG.ANEM,0,25,0
"Macao SAR, China","Prevalence of HIV, female (% ages 15-24)",SH.HIV.1524.FE.ZS,0,25,0
"Macao SAR, China","Prevalence of HIV, male (% ages 15-24)",SH.HIV.1524.MA.ZS,0,25,0
"Macao SAR, China","Prevalence of HIV, total (% of population ages 15-49)",SH.DYN.AIDS.ZS,0,25,0
Madagascar,Adjusted net national income (current US$),NY.ADJ.NNTY.CD,0,25,0
Madagascar,"Adolescent fertility rate (births per 1,000 women ages 15-19)",SP.ADO.TFRT,0,25,0
Madagascar,Gross savings (% of GDP),NY.GNS.ICTR.ZS,0,25,0
Madagascar,"Inflation, consumer prices (annual %)",FP.CPI.TOTL.ZG,0,25,0
Madagascar,"Labor force participation rate, female (% of female population ages 15+) (national estimate)",SL.TLF.CACT.FE.NE.ZS,0,25,0
Madagascar,"Population, female",SP.POP.TOTL.FE.IN,0,25,0
Madagascar,"Population, female (% of total population)",SP.POP.TOTL.FE.ZS,0,25,0
Madagascar,"Population, male",SP.POP.TOTL.MA.IN,0,25,0
Madagascar,"Population, male (% of total population)",SP.POP.TOTL.MA.ZS,0,25,0
Madagascar,Ratio of female to male labor force participation rate (%) (national estimate),SL.TLF.CACT.FM.NE.ZS,0,25,0
Madagascar,"Unemployment, youth female (% of female labor force ages 15-24) (national estimate)",SL.UEM.1524.FE.NE.ZS,0,25,0
Madagascar,Wanted fertility rate (births per woman),SP.DYN.WFRT,0,25,0
Madagascar,"Women making their own informed decisions regarding sexual relations, contraceptive use and reproductive health care (% of women age 15-49)",SG.DMK.SRCR.FN.ZS,0,25,0
Madagascar,Women's share of population ages 15+ living with HIV (%),SH.DYN.AIDS.FE.ZS,0,25,0
Madagascar,"Contraceptive prevalence, any method (% of married women ages 15-49)",SP.DYN.CONU.ZS,0,25,0
Madagascar,Coverage of social insurance programs (% of population),per_si_allsi.cov_pop_tot,0,25,0
Madagascar,Coverage of social safety net programs (% of population),per_sa_allsa.cov_pop_tot,0,25,0
Madagascar,Demand for family planning satisfied by modern methods (% of married women with demand for family planning),SH.FPL.SATM.ZS,0,25,0
Madagascar,Diabetes prevalence (% of population ages 20 to 79),SH.STA.DIAB.ZS,0,25,0
Madagascar,"Life expectancy at birth, total (years)",SP.DYN.LE00.IN,0,25,0
Madagascar,"Life expectancy at birth, female (years)",SP.DYN.LE00.FE.IN,0,25,0
Madagascar,"Life expectancy at birth, male (years)",SP.DYN.LE00.MA.IN,0,25,0
Madagascar,"Nurses and midwives (per 1,000 people)",SH.MED.NUMW.P3,0,25,0
Madagascar,Prevalence of anemia among women of reproductive age (% of women ages 15-49),SH.ANM.ALLW.ZS,0,25,0
Madagascar,Prevalence of anemia among pregnant women (%),SH.PRG.ANEM,0,25,0
Madagascar,"Prevalence of HIV, female (% ages 15-24)",SH.HIV.1524.FE.ZS,0,25,0
Madagascar,"Prevalence of HIV, male (% ages 15-24)",SH.HIV.1524.MA.ZS,0,25,0
Madagascar,"Prevalence of HIV, total (% of population ages 15-49)",SH.DYN.AIDS.ZS,0,25,0
Malawi,Adjusted net national income (current US$),NY.ADJ.NNTY.CD,0,25,0
Malawi,"Adolescent fertility rate (births per 1,000 women ages 15-19)",SP.ADO.TFRT,0,25,0
Malawi,Gross savings (% of GDP),NY.GNS.ICTR.ZS,0,25,0
Malawi,"Inflation, consumer prices (annual %)",FP.CPI.TOTL.ZG,0,25,0
Malawi,"Labor force participation rate, female (% of female population ages 15+) (national estimate)",SL.TLF.CACT.FE.NE.ZS,0,25,0
Malawi,"Population, female",SP.POP.TOTL.FE.IN,0,25,0
Malawi,"Population, female (% of total population)",SP.POP.TOTL.FE.ZS,0,25,0
Malawi,"Population, male",SP.POP.TOTL.MA.IN,0,25,0
Malawi,"Population, male (% of total population)",SP.POP.TOTL.MA.ZS,0,25,0
Malawi,Ratio of female to male labor force participation rate (%) (national estimate),SL.TLF.CACT.FM.NE.ZS,0,25,0
Malawi,"Unemployment, youth female (% of female labor force ages 15-24) (national estimate)",SL.UEM.1524.FE.NE.ZS,0,25,0
Malawi,Wanted fertility rate (births per woman),SP.DYN.WFRT,0,25,0
Malawi,"Women making their own informed decisions regarding sexual relations, contraceptive use and reproductive health care (% of women age 15-49)",SG.DMK.SRCR.FN.ZS,0,25,0
Malawi,Women's share of population ages 15+ living with HIV (%),SH.DYN.AIDS.FE.ZS,0,25,0
Malawi,"Contraceptive prevalence, any method (% of married women ages 15-49)",SP.DYN.CONU.ZS,0,25,0
Malawi,Coverage of social insurance programs (% of population),per_si_allsi.cov_pop_tot,0,25,0
Malawi,Coverage of social safety net programs (% of population),per_sa_allsa.cov_pop_tot,0,25,0
Malawi,Demand for family planning satisfied by modern methods (% of married women with demand for family planning),SH.FPL.SATM.ZS,0,25,0
Malawi,Diabetes prevalence (% of population ages 20 to 79),SH.STA.DIAB.ZS,0,25,0
Malawi,"Life expectancy at birth, total (years)",SP.DYN.LE00.IN,0,25,0
Malawi,"Life expectancy at birth, female (years)",SP.DYN.LE00.FE.IN,0,25,0
Malawi,"Life expectancy at birth, male (years)",SP.DYN.LE00.MA.IN,0,25,0
Malawi,"Nurses and midwives (per 1,000 people)",SH.MED.NUMW.P3,0,25,0
Malawi,Prevalence of anemia among women of reproductive age (% of women ages 15-49),SH.ANM.ALLW.ZS,0,25,0
Malawi,Prevalence of anemia among pregnant women (%),SH.PRG.ANEM,0,25,0
Malawi,"Prevalence of HIV, female (% ages 15-24)",SH.HIV.1524.FE.ZS,0,25,0
Malawi,"Prevalence of HIV, male (% ages 15-24)",SH.HIV.1524.MA.ZS,0,25,0
Malawi,"Prevalence of HIV, total (% of population ages 15-49)",SH.DYN.AIDS.ZS,0,25,0
Malaysia,Adjusted net national income (current US$),NY.ADJ.NNTY.CD,0,25,0
Malaysia,"Adolescent fertility rate (births per 1,000 women ages 15-19)",SP.ADO.TFRT,0,25,0
Malaysia,Gross savings (% of GDP),NY.GNS.ICTR.ZS,0,25,0
Malaysia,"Inflation, consumer prices (annual %)",FP.CPI.TOTL.ZG,0,25,0
Malaysia,"Labor force participation rate, female (% of female population ages 15+) (national estimate)",SL.TLF.CACT.FE.NE.ZS,0,25,0
Malaysia,"Population, female",SP.POP.TOTL.FE.IN,0,25,0
Malaysia,"Population, female (% of total population)",SP.POP.TOTL.FE.ZS,0,25,0
Malaysia,"Population, male",SP.POP.TOTL.MA.IN,0,25,0
Malaysia,"Population, male (% of total population)",SP.POP.TOTL.MA.ZS,0,25,0
Malaysia,Ratio of female to male labor force participation rate (%) (national estimate),SL.TLF.CACT.FM.NE.ZS,0,25,0
Malaysia,"Unemployment, youth female (% of female labor force ages 15-24) (national estimate)",SL.UEM.1524.FE.NE.ZS,0,25,0
Malaysia,Wanted fertility rate (births per woman),SP.DYN.WFRT,0,25,0
Malaysia,"Women making their own informed decisions regarding sexual relations, contraceptive use and reproductive health care (% of women age 15-49)",SG.DMK.SRCR.FN.ZS,0,25,0
Malaysia,Women's share of population ages 15+ living with HIV (%),SH.DYN.AIDS.FE.ZS,0,25,0
Malaysia,"Contraceptive prevalence, any method (% of married women ages 15-49)",SP.DYN.CONU.ZS,0,25,0
Malaysia,Coverage of social insurance programs (% of population),per_si_allsi.cov_pop_tot,0,25,0
Malaysia,Coverage of social safety net programs (% of population),per_sa_allsa.cov_pop_tot,0,25,0
Malaysia,Demand for family planning satisfied by modern methods (% of married women with demand for family planning),SH.FPL.SATM.ZS,0,25,0
Malaysia,Diabetes prevalence (% of population ages 20 to 79),SH.STA.DIAB.ZS,0,25,0
Malaysia,"Life expectancy at birth, total (years)",SP.DYN.LE00.IN,0,25,0
Malaysia,"Life expectancy at birth, female (years)",SP.DYN.LE00.FE.IN,0,25,0
Malaysia,"Life expectancy at birth, male (years)",SP.DYN.LE00.MA.IN,0,25,0
Malaysia,"Nurses and midwives (per 1,000 people)",SH.MED.NUMW.P3,0,25,0
Malaysia,Prevalence of anemia among women of reproductive age (% of women ages 15-49),SH.ANM.ALLW.ZS,0,25,0
Malaysia,Prevalence of anemia among pregnant women (%),SH.PRG.ANEM,0,25,0
Malaysia,"Prevalence of HIV, female (% ages 15-24)",SH.HIV.1524.FE.ZS,0,25,0
Malaysia,"Prevalence of HIV, male (% ages 15-24)",SH.HIV.1524.MA.ZS,0,25,0
Malaysia,"Prevalence of HIV, total (% of population ages 15-49)",SH.DYN.AIDS.ZS,0,25,0
Maldives,Adjusted net national income (current US$),NY.ADJ.NNTY.CD,0,25,0
Maldives,"Adolescent fertility rate (births per 1,000 women ages 15-19)",SP.ADO.TFRT,0,25,0
Maldives,Gross savings (% of GDP),NY.GNS.ICTR.ZS,0,25,0
Maldives,"Inflation, consumer prices (annual %)",FP.CPI.TOTL.ZG,0,25,0
Maldives,"Labor force participation rate, female (% of female population ages 15+) (national estimate)",SL.TLF.CACT.FE.NE.ZS,0,25,0
Maldives,"Population, female",SP.POP.TOTL.FE.IN,0,25,0
Maldives,"Population, female (% of total population)",SP.POP.TOTL.FE.ZS,0,25,0
Maldives,"Population, male",SP.POP.TOTL.MA.IN,0,25,0
Maldives,"Population, male (% of total population)",SP.POP.TOTL.MA.ZS,0,25,0
Maldives,Ratio of female to male labor force participation rate (%) (national estimate),SL.TLF.CACT.FM.NE.ZS,0,25,0
Maldives,"Unemployment, youth female (% of female labor force ages 15-24) (national estimate)",SL.UEM.1524.FE.NE.ZS,0,25,0
Maldives,Wanted fertility rate (births per woman),SP.DYN.WFRT,0,25,0
Maldives,"Women making their own informed decisions regarding sexual relations, contraceptive use and reproductive health care (% of women age 15-49)",SG.DMK.SRCR.FN.ZS,0,25,0
Maldives,Women's share of population ages 15+ living with HIV (%),SH.DYN.AIDS.FE.ZS,0,25,0
Maldives,"Contraceptive prevalence, any method (% of married women ages 15-49)",SP.DYN.CONU.ZS,0,25,0
Maldives,Coverage of social insurance programs (% of population),per_si_allsi.cov_pop_tot,0,25,0
Maldives,Coverage of social safety net programs (% of population),per_sa_allsa.cov_pop_tot,0,25,0
Maldives,Demand for family planning satisfied by modern methods (% of married women with demand for family planning),SH.FPL.SATM.ZS,0,25,0
Maldives,Diabetes prevalence (% of population ages 20 to 79),SH.STA.DIAB.ZS,0,25,0
Maldives,"Life expectancy at birth, total (years)",SP.DYN.LE00.IN,0,25,0
Maldives,"Life expectancy at birth, female (years)",SP.DYN.LE00.FE.IN,0,25,0
Maldives,"Life expectancy at birth, male (years)",SP.DYN.LE00.MA.IN,0,25,0
Maldives,"Nurses and midwives (per 1,000 people)",SH.MED.NUMW.P3,0,25,0
Maldives,Prevalence of anemia among women of reproductive age (% of women ages 15-49),SH.ANM.ALLW.ZS,0,25,0
Maldives,Prevalence of anemia among pregnant women (%),SH.PRG.ANEM,0,25,0
Maldives,"Prevalence of HIV, female (% ages 15-24)",SH.HIV.1524.FE.ZS,0,25,0
Maldives,"Prevalence of HIV, male (% ages 15-24)",SH.HIV.1524.MA.ZS,0,25,0
Maldives,"Prevalence of HIV, total (% of population ages 15-49)",SH.DYN.AIDS.ZS,0,25,0
Mali,Adjusted net national income (current US$),NY.ADJ.NNTY.CD,0,25,0
Mali,"Adolescent fertility rate (births per 1,000 women ages 15-19)",SP.ADO.TFRT,0,25,0
Mali,Gross savings (% of GDP),NY.GNS.ICTR.ZS,0,25,0
Mali,"Inflation, consumer prices (annual %)",FP.CPI.TOTL.ZG,0,25,0
Mali,"Labor force participation rate, female (% of female population ages 15+) (national estimate)",SL.TLF.CACT.FE.NE.ZS,0,25,0
Mali,"Population, female",SP.POP.TOTL.FE.IN,0,25,0
Mali,"Population, female (% of total population)",SP.POP.TOTL.FE.ZS,0,25,0
Mali,"Population, male",SP.POP.TOTL.MA.IN,0,25,0
Mali,"Population, male (% of total population)",SP.POP.TOTL.MA.ZS,0,25,0
Mali,Ratio of female to male labor force participation rate (%) (national estimate),SL.TLF.CACT.FM.NE.ZS,0,25,0
Mali,"Unemployment, youth female (% of female labor force ages 15-24) (national estimate)",SL.UEM.1524.FE.NE.ZS,0,25,0
Mali,Wanted fertility rate (births per woman),SP.DYN.WFRT,0,25,0
Mali,"Women making their own informed decisions regarding sexual relations, contraceptive use and reproductive health care (% of women age 15-49)",SG.DMK.SRCR.FN.ZS,0,25,0
Mali,Women's share of population ages 15+ living with HIV (%),SH.DYN.AIDS.FE.ZS,0,25,0
Mali,"Contraceptive prevalence, any method (% of married women ages 15-49)",SP.DYN.CONU.ZS,0,25,0
Mali,Coverage of social insurance programs (% of population),per_si_allsi.cov_pop_tot,0,25,0
Mali,Coverage of social safety net programs (% of population),per_sa_allsa.cov_pop_tot,0,25,0
Mali,Demand for family planning satisfied by modern methods (% of married women with demand for family planning),SH.FPL.SATM.ZS,0,25,0
Mali,Diabetes prevalence (% of population ages 20 to 79),SH.STA.DIAB.ZS,0,25,0
Mali,"Life expectancy at birth, total (years)",SP.DYN.LE00.IN,0,25,0
Mali,"Life expectancy at birth, female (years)",SP.DYN.LE00.FE.IN,0,25,0
Mali,"Life expectancy at birth, male (years)",SP.DYN.LE00.MA.IN,0,25,0
Mali,"Nurses and midwives (per 1,000 people)",SH.MED.NUMW.P3,0,25,0
Mali,Prevalence of anemia among women of reproductive age (% of women ages 15-49),SH.ANM.ALLW.ZS,0,25,0
Mali,Prevalence of anemia among pregnant women (%),SH.PRG.ANEM,0,25,0
Mali,"Prevalence of HIV, female (% ages 15-24)",SH.HIV.1524.FE.ZS,0,25,0
Mali,"Prevalence of HIV, male (% ages 15-24)",SH.HIV.1524.MA.ZS,0,25,0
Mali,"Prevalence of HIV, total (% of population ages 15-49)",SH.DYN.AIDS.ZS,0,25,0
Malta,Adjusted net national income (current US$),NY.ADJ.NNTY.CD,0,25,0
Malta,"Adolescent fertility rate (births per 1,000 women ages 15-19)",SP.ADO.TFRT,0,25,0
Malta,Gross savings (% of GDP),NY.GNS.ICTR.ZS,0,25,0
Malta,"Inflation, consumer prices (annual %)",FP.CPI.TOTL.ZG,0,25,0
Malta,"Labor force participation rate, female (% of female population ages 15+) (national estimate)",SL.TLF.CACT.FE.NE.ZS,0,25,0
Malta,"Population, female",SP.POP.TOTL.FE.IN,0,25,0
Malta,"Population, female (% of total population)",SP.POP.TOTL.FE.ZS,0,25,0
Malta,"Population, male",SP.POP.TOTL.MA.IN,0,25,0
Malta,"Population, male (% of total population)",SP.POP.TOTL.MA.ZS,0,25,0
Malta,Ratio of female to male labor force participation rate (%) (national estimate),SL.TLF.CACT.FM.NE.ZS,0,25,0
Malta,"Unemployment, youth female (% of female labor force ages 15-24) (national estimate)",SL.UEM.1524.FE.NE.ZS,0,25,0
Malta,Wanted fertility rate (births per woman),SP.DYN.WFRT,0,25,0
Malta,"Women making their own informed decisions regarding sexual relations, contraceptive use and reproductive health care (% of women age 15-49)",SG.DMK.SRCR.FN.ZS,0,25,0
Malta,Women's share of population ages 15+ living with HIV (%),SH.DYN.AIDS.FE.ZS,0,25,0
Malta,"Contraceptive prevalence, any method (% of married women ages 15-49)",SP.DYN.CONU.ZS,0,25,0
Malta,Coverage of social insurance programs (% of population),per_si_allsi.cov_pop_tot,0,25,0
Malta,Coverage of social safety net programs (% of population),per_sa_allsa.cov_pop_tot,0,25,0
Malta,Demand for family planning satisfied by modern methods (% of married women with demand for family planning),SH.FPL.SATM.ZS,0,25,0
Malta,Diabetes prevalence (% of population ages 20 to 79),SH.STA.DIAB.ZS,0,25,0
Malta,"Life expectancy at birth, total (years)",SP.DYN.LE00.IN,0,25,0
Malta,"Life expectancy at birth, female (years)",SP.DYN.LE00.FE.IN,0,25,0
Malta,"Life expectancy at birth, male (years)",SP.DYN.LE00.MA.IN,0,25,0
Malta,"Nurses and midwives (per 1,000 people)",SH.MED.NUMW.P3,0,25,0
Malta,Prevalence of anemia among women of reproductive age (% of women ages 15-49),SH.ANM.ALLW.ZS,0,25,0
Malta,Prevalence of anemia among pregnant women (%),SH.PRG.ANEM,0,25,0
Malta,"Prevalence of HIV, female (% ages 15-24)",SH.HIV.1524.FE.ZS,0,25,0
Malta,"Prevalence of HIV, male (% ages 15-24)",SH.HIV.1524.MA.ZS,0,25,0
Malta,"Prevalence of HIV, total (% of population ages 15-49)",SH.DYN.AIDS.ZS,0,25,0
Marshall Islands,Adjusted net national income (current US$),NY.ADJ.NNTY.CD,0,25,0
Marshall Islands,"Adolescent fertility rate (births per 1,000 women ages 15-19)",SP.ADO.TFRT,0,25,0
Marshall Islands,Gross savings (% of GDP),NY.GNS.ICTR.ZS,0,25,0
Marshall Islands,"Inflation, consumer prices (annual %)",FP.CPI.TOTL.ZG,0,25,0
Marshall Islands,"Labor force participation rate, female (% of female population ages 15+) (national estimate)",SL.TLF.CACT.FE.NE.ZS,0,25,0
Marshall Islands,"Population, female",SP.POP.TOTL.FE.IN,0,25,0
Marshall Islands,"Population, female (% of total population)",SP.POP.TOTL.FE.ZS,0,25,0
Marshall Islands,"Population, male",SP.POP.TOTL.MA.IN,0,25,0
Marshall Islands,"Population, male (% of total population)",SP.POP.TOTL.MA.ZS,0,25,0
Marshall Islands,Ratio of female to male labor force participation rate (%) (national estimate),SL.TLF.CACT.FM.NE.ZS,0,25,0
Marshall Islands,"Unemployment, youth female (% of female labor force ages 15-24) (national estimate)",SL.UEM.1524.FE.NE.ZS,0,25,0
Marshall Islands,Wanted fertility rate (births per woman),SP.DYN.WFRT,0,25,0
Marshall Islands,"Women making their own informed decisions regarding sexual relations, contraceptive use and reproductive health care (% of women age 15-49)",SG.DMK.SRCR.FN.ZS,0,25,0
Marshall Islands,Women's share of population ages 15+ living with HIV (%),SH.DYN.AIDS.FE.ZS,0,25,0
Marshall Islands,"Contraceptive prevalence, any method (% of married women ages 15-49)",SP.DYN.CONU.ZS,0,25,0
Marshall Islands,Coverage of social insurance programs (% of population),per_si_allsi.cov_pop_tot,0,25,0
Marshall Islands,Coverage of social safety net programs (% of population),per_sa_allsa.cov_pop_tot,0,25,0
Marshall Islands,Demand for family planning satisfied by modern methods (% of married women with demand for family planning),SH.FPL.SATM.ZS,0,25,0
Marshall Islands,Diabetes prevalence (% of population ages 20 to 79),SH.STA.DIAB.ZS,0,25,0
Marshall Islands,"Life expectancy at birth, total (years)",SP.DYN.LE00.IN,0,25,0
Marshall Islands,"Life expectancy at birth, female (years)",SP.DYN.LE00.FE.IN,0,25,0
Marshall Islands,"Life expectancy at birth, male (years)",SP.DYN.LE00.MA.IN,0,25,0
Marshall Islands,"Nurses and midwives (per 1,000 people)",SH.MED.NUMW.P3,0,25,0
Marshall Islands,Prevalence of anemia among women of reproductive age (% of women ages 15-49),SH.ANM.ALLW.ZS,0,25,0
Marshall Islands,Prevalence of anemia among pregnant women (%),SH.PRG.ANEM,0,25,0
Marshall Islands,"Prevalence of HIV, female (% ages 15-24)",SH.HIV.1524.FE.ZS,0,25,0
Marshall Islands,"Prevalence of HIV, male (% ages 15-24)",SH.HIV.1524.MA.ZS,0,25,0
Marshall Islands,"Prevalence of HIV, total (% of population ages 15-49)",SH.DYN.AIDS.ZS,0,25,0
Mauritania,Adjusted net national income (current US$),NY.ADJ.NNTY.CD,0,25,0
Mauritania,"Adolescent fertility rate (births per 1,000 women ages 15-19)",SP.ADO.TFRT,0,25,0
Mauritania,Gross savings (% of GDP),NY.GNS.ICTR.ZS,0,25,0
Mauritania,"Inflation, consumer prices (annual %)",FP.CPI.TOTL.ZG,0,25,0
Mauritania,"Labor force participation rate, female (% of female population ages 15+) (national estimate)",SL.TLF.CACT.FE.NE.ZS,0,25,0
Mauritania,"Population, female",SP.POP.TOTL.FE.IN,0,25,0
Mauritania,"Population, female (% of total population)",SP.POP.TOTL.FE.ZS,0,25,0
Mauritania,"Population, male",SP.POP.TOTL.MA.IN,0,25,0
Mauritania,"Population, male (% of total population)",SP.POP.TOTL.MA.ZS,0,25,0
Mauritania,Ratio of female to male labor force participation rate (%) (national estimate),SL.TLF.CACT.FM.NE.ZS,0,25,0
Mauritania,"Unemployment, youth female (% of female labor force ages 15-24) (national estimate)",SL.UEM.1524.FE.NE.ZS,0,25,0
Mauritania,Wanted fertility rate (births per woman),SP.DYN.WFRT,0,25,0
Mauritania,"Women making their own informed decisions regarding sexual relations, contraceptive use and reproductive health care (% of women age 15-49)",SG.DMK.SRCR.FN.ZS,0,25,0
Mauritania,Women's share of population ages 15+ living with HIV (%),SH.DYN.AIDS.FE.ZS,0,25,0
Mauritania,"Contraceptive prevalence, any method (% of married women ages 15-49)",SP.DYN.CONU.ZS,0,25,0
Mauritania,Coverage of social insurance programs (% of population),per_si_allsi.cov_pop_tot,0,25,0
Mauritania,Coverage of social safety net programs (% of population),per_sa_allsa.cov_pop_tot,0,25,0
Mauritania,Demand for family planning satisfied by modern methods (% of married women with demand for family planning),SH.FPL.SATM.ZS,0,25,0
Mauritania,Diabetes prevalence (% of population ages 20 to 79),SH.STA.DIAB.ZS,0,25,0
Mauritania,"Life expectancy at birth, total (years)",SP.DYN.LE00.IN,0,25,0
Mauritania,"Life expectancy at birth, female (years)",SP.DYN.LE00.FE.IN,0,25,0
Mauritania,"Life expectancy at birth, male (years)",SP.DYN.LE00.MA.IN,0,25,0
Mauritania,"Nurses and midwives (per 1,000 people)",SH.MED.NUMW.P3,0,25,0
Mauritania,Prevalence of anemia among women of reproductive age (% of women ages 15-49),SH.ANM.ALLW.ZS,0,25,0
Mauritania,Prevalence of anemia among pregnant women (%),SH.PRG.ANEM,0,25,0
Mauritania,"Prevalence of HIV, female (% ages 15-24)",SH.HIV.1524.FE.ZS,0,25,0
Mauritania,"Prevalence of HIV, male (% ages 15-24)",SH.HIV.1524.MA.ZS,0,25,0
Mauritania,"Prevalence of HIV, total (% of population ages 15-49)",SH.DYN.AIDS.ZS,0,25,0
Mauritius,Adjusted net national income (current US$),NY.ADJ.NNTY.CD,0,25,0
Mauritius,"Adolescent fertility rate (births per 1,000 women ages 15-19)",SP.ADO.TFRT,0,25,0
Mauritius,Gross savings (% of GDP),NY.GNS.ICTR.ZS,0,25,0
Mauritius,"Inflation, consumer prices (annual %)",FP.CPI.TOTL.ZG,0,25,0
Mauritius,"Labor force participation rate, female (% of female population ages 15+) (national estimate)",SL.TLF.CACT.FE.NE.ZS,0,25,0
Mauritius,"Population, female",SP.POP.TOTL.FE.IN,0,25,0
Mauritius,"Population, female (% of total population)",SP.POP.TOTL.FE.ZS,0,25,0
Mauritius,"Population, male",SP.POP.TOTL.MA.IN,0,25,0
Mauritius,"Population, male (% of total population)",SP.POP.TOTL.MA.ZS,0,25,0
Mauritius,Ratio of female to male labor force participation rate (%) (national estimate),SL.TLF.CACT.FM.NE.ZS,0,25,0
Mauritius,"Unemployment, youth female (% of female labor force ages 15-24) (national estimate)",SL.UEM.1524.FE.NE.ZS,0,25,0
Mauritius,Wanted fertility rate (births per woman),SP.DYN.WFRT,0,25,0
Mauritius,"Women making their own informed decisions regarding sexual relations, contraceptive use and reproductive health care (% of women age 15-49)",SG.DMK.SRCR.FN.ZS,0,25,0
Mauritius,Women's share of population ages 15+ living with HIV (%),SH.DYN.AIDS.FE.ZS,0,25,0
Mauritius,"Contraceptive prevalence, any method (% of married women ages 15-49)",SP.DYN.CONU.ZS,0,25,0
Mauritius,Coverage of social insurance programs (% of population),per_si_allsi.cov_pop_tot,0,25,0
Mauritius,Coverage of social safety net programs (% of population),per_sa_allsa.cov_pop_tot,0,25,0
Mauritius,Demand for family planning satisfied by modern methods (% of married women with demand for family planning),SH.FPL.SATM.ZS,0,25,0
Mauritius,Diabetes prevalence (% of population ages 20 to 79),SH.STA.DIAB.ZS,0,25,0
Mauritius,"Life expectancy at birth, total (years)",SP.DYN.LE00.IN,0,25,0
Mauritius,"Life expectancy at birth, female (years)",SP.DYN.LE00.FE.IN,0,25,0
Mauritius,"Life expectancy at birth, male (years)",SP.DYN.LE00.MA.IN,0,25,0
Mauritius,"Nurses and midwives (per 1,000 people)",SH.MED.NUMW.P3,0,25,0
Mauritius,Prevalence of anemia among women of reproductive age (% of women ages 15-49),SH.ANM.ALLW.ZS,0,25,0
Mauritius,Prevalence of anemia among pregnant women (%),SH.PRG.ANEM,0,25,0
Mauritius,"Prevalence of HIV, female (% ages 15-24)",SH.HIV.1524.FE.ZS,0,25,0
Mauritius,"Prevalence of HIV, male (% ages 15-24)",SH.HIV.1524.MA.ZS,0,25,0
Mauritius,"Prevalence of HIV, total (% of population ages 15-49)",SH.DYN.AIDS.ZS,0,25,0
Mexico,Adjusted net national income (current US$),NY.ADJ.NNTY.CD,0,25,0
Mexico,"Adolescent fertility rate (births per 1,000 women ages 15-19)",SP.ADO.TFRT,0,25,0
Mexico,Gross savings (% of GDP),NY.GNS.ICTR.ZS,0,25,0
Mexico,"Inflation, consumer prices (annual %)",FP.CPI.TOTL.ZG,0,25,0
Mexico,"Labor force participation rate, female (% of female population ages 15+) (national estimate)",SL.TLF.CACT.FE.NE.ZS,0,25,0
Mexico,"Population, female",SP.POP.TOTL.FE.IN,0,25,0
Mexico,"Population, female (% of total population)",SP.POP.TOTL.FE.ZS,0,25,0
Mexico,"Population, male",SP.POP.TOTL.MA.IN,0,25,0
Mexico,"Population, male (% of total population)",SP.POP.TOTL.MA.ZS,0,25,0
Mexico,Ratio of female to male labor force participation rate (%) (national estimate),SL.TLF.CACT.FM.NE.ZS,0,25,0
Mexico,"Unemployment, youth female (% of female labor force ages 15-24) (national estimate)",SL.UEM.1524.FE.NE.ZS,0,25,0
Mexico,Wanted fertility rate (births per woman),SP.DYN.WFRT,0,25,0
Mexico,"Women making their own informed decisions regarding sexual relations, contraceptive use and reproductive health care (% of women age 15-49)",SG.DMK.SRCR.FN.ZS,0,25,0
Mexico,Women's share of population ages 15+ living with HIV (%),SH.DYN.AIDS.FE.ZS,0,25,0
Mexico,"Contraceptive prevalence, any method (% of married women ages 15-49)",SP.DYN.CONU.ZS,0,25,0
Mexico,Coverage of social insurance programs (% of population),per_si_allsi.cov_pop_tot,0,25,0
Mexico,Coverage of social safety net programs (% of population),per_sa_allsa.cov_pop_tot,0,25,0
Mexico,Demand for family planning satisfied by modern methods (% of married women with demand for family planning),SH.FPL.SATM.ZS,0,25,0
Mexico,Diabetes prevalence (% of population ages 20 to 79),SH.STA.DIAB.ZS,0,25,0
Mexico,"Life expectancy at birth, total (years)",SP.DYN.LE00.IN,0,25,0
Mexico,"Life expectancy at birth, female (years)",SP.DYN.LE00.FE.IN,0,25,0
Mexico,"Life expectancy at birth, male (years)",SP.DYN.LE00.MA.IN,0,25,0
Mexico,"Nurses and midwives (per 1,000 people)",SH.MED.NUMW.P3,0,25,0
Mexico,Prevalence of anemia among women of reproductive age (% of women ages 15-49),SH.ANM.ALLW.ZS,0,25,0
Mexico,Prevalence of anemia among pregnant women (%),SH.PRG.ANEM,0,25,0
Mexico,"Prevalence of HIV, female (% ages 15-24)",SH.HIV.1524.FE.ZS,0,25,0
Mexico,"Prevalence of HIV, male (% ages 15-24)",SH.HIV.1524.MA.ZS,0,25,0
Mexico,"Prevalence of HIV, total (% of population ages 15-49)",SH.DYN.AIDS.ZS,0,25,0
"Micronesia, Fed. Sts.",Adjusted net national income (current US$),NY.ADJ.NNTY.CD,0,25,0
"Micronesia, Fed. Sts.","Adolescent fertility rate (births per 1,000 women ages 15-19)",SP.ADO.TFRT,0,25,0
"Micronesia, Fed. Sts.",Gross savings (% of GDP),NY.GNS.ICTR.ZS,0,25,0
"Micronesia, Fed. Sts.","Inflation, consumer prices (annual %)",FP.CPI.TOTL.ZG,0,25,0
"Micronesia, Fed. Sts.","Labor force participation rate, female (% of female population ages 15+) (national estimate)",SL.TLF.CACT.FE.NE.ZS,0,25,0
"Micronesia, Fed. Sts.","Population, female",SP.POP.TOTL.FE.IN,0,25,0
"Micronesia, Fed. Sts.","Population, female (% of total population)",SP.POP.TOTL.FE.ZS,0,25,0
"Micronesia, Fed. Sts.","Population, male",SP.POP.TOTL.MA.IN,0,25,0
"Micronesia, Fed. Sts.","Population, male (% of total population)",SP.POP.TOTL.MA.ZS,0,25,0
"Micronesia, Fed. Sts.",Ratio of female to male labor force participation rate (%) (national estimate),SL.TLF.CACT.FM.NE.ZS,0,25,0
"Micronesia, Fed. Sts.","Unemployment, youth female (% of female labor force ages 15-24) (national estimate)",SL.UEM.1524.FE.NE.ZS,0,25,0
"Micronesia, Fed. Sts.",Wanted fertility rate (births per woman),SP.DYN.WFRT,0,25,0
"Micronesia, Fed. Sts.","Women making their own informed decisions regarding sexual relations, contraceptive use and reproductive health care (% of women age 15-49)",SG.DMK.SRCR.FN.ZS,0,25,0
"Micronesia, Fed. Sts.",Women's share of population ages 15+ living with HIV (%),SH.DYN.AIDS.FE.ZS,0,25,0
"Micronesia, Fed. Sts.","Contraceptive prevalence, any method (% of married women ages 15-49)",SP.DYN.CONU.ZS,0,25,0
"Micronesia, Fed. Sts.",Coverage of social insurance programs (% of population),per_si_allsi.cov_pop_tot,0,25,0
"Micronesia, Fed. Sts.",Coverage of social safety net programs (% of population),per_sa_allsa.cov_pop_tot,0,25,0
"Micronesia, Fed. Sts.",Demand for family planning satisfied by modern methods (% of married women with demand for family planning),SH.FPL.SATM.ZS,0,25,0
"Micronesia, Fed. Sts.",Diabetes prevalence (% of population ages 20 to 79),SH.STA.DIAB.ZS,0,25,0
"Micronesia, Fed. Sts.","Life expectancy at birth, total (years)",SP.DYN.LE00.IN,0,25,0
"Micronesia, Fed. Sts.","Life expectancy at birth, female (years)",SP.DYN.LE00.FE.IN,0,25,0
"Micronesia, Fed. Sts.","Life expectancy at birth, male (years)",SP.DYN.LE00.MA.IN,0,25,0
"Micronesia, Fed. Sts.","Nurses and midwives (per 1,000 people)",SH.MED.NUMW.P3,0,25,0
"Micronesia, Fed. Sts.",Prevalence of anemia among women of reproductive age (% of women ages 15-49),SH.ANM.ALLW.ZS,0,25,0
"Micronesia, Fed. Sts.",Prevalence of anemia among pregnant women (%),SH.PRG.ANEM,0,25,0
"Micronesia, Fed. Sts.","Prevalence of HIV, female (% ages 15-24)",SH.HIV.1524.FE.ZS,0,25,0
"Micronesia, Fed. Sts.","Prevalence of HIV, male (% ages 15-24)",SH.HIV.1524.MA.ZS,0,25,0
"Micronesia, Fed. Sts.","Prevalence of HIV, total (% of population ages 15-49)",SH.DYN.AIDS.ZS,0,25,0
Moldova,Adjusted net national income (current US$),NY.ADJ.NNTY.CD,0,25,0
Moldova,"Adolescent fertility rate (births per 1,000 women ages 15-19)",SP.ADO.TFRT,0,25,0
Moldova,Gross savings (% of GDP),NY.GNS.ICTR.ZS,0,25,0
Moldova,"Inflation, consumer prices (annual %)",FP.CPI.TOTL.ZG,0,25,0
Moldova,"Labor force participation rate, female (% of female population ages 15+) (national estimate)",SL.TLF.CACT.FE.NE.ZS,0,25,0
Moldova,"Population, female",SP.POP.TOTL.FE.IN,0,25,0
Moldova,"Population, female (% of total population)",SP.POP.TOTL.FE.ZS,0,25,0
Moldova,"Population, male",SP.POP.TOTL.MA.IN,0,25,0
Moldova,"Population, male (% of total population)",SP.POP.TOTL.MA.ZS,0,25,0
Moldova,Ratio of female to male labor force participation rate (%) (national estimate),SL.TLF.CACT.FM.NE.ZS,0,25,0
Moldova,"Unemployment, youth female (% of female labor force ages 15-24) (national estimate)",SL.UEM.1524.FE.NE.ZS,0,25,0
Moldova,Wanted fertility rate (births per woman),SP.DYN.WFRT,0,25,0
Moldova,"Women making their own informed decisions regarding sexual relations, contraceptive use and reproductive health care (% of women age 15-49)",SG.DMK.SRCR.FN.ZS,0,25,0
Moldova,Women's share of population ages 15+ living with HIV (%),SH.DYN.AIDS.FE.ZS,0,25,0
Moldova,"Contraceptive prevalence, any method (% of married women ages 15-49)",SP.DYN.CONU.ZS,0,25,0
Moldova,Coverage of social insurance programs (% of population),per_si_allsi.cov_pop_tot,0,25,0
Moldova,Coverage of social safety net programs (% of population),per_sa_allsa.cov_pop_tot,0,25,0
Moldova,Demand for family planning satisfied by modern methods (% of married women with demand for family planning),SH.FPL.SATM.ZS,0,25,0
Moldova,Diabetes prevalence (% of population ages 20 to 79),SH.STA.DIAB.ZS,0,25,0
Moldova,"Life expectancy at birth, total (years)",SP.DYN.LE00.IN,0,25,0
Moldova,"Life expectancy at birth, female (years)",SP.DYN.LE00.FE.IN,0,25,0
Moldova,"Life expectancy at birth, male (years)",SP.DYN.LE00.MA.IN,0,25,0
Moldova,"Nurses and midwives (per 1,000 people)",SH.MED.NUMW.P3,0,25,0
Moldova,Prevalence of anemia among women of reproductive age (% of women ages 15-49),SH.ANM.ALLW.ZS,0,25,0
Moldova,Prevalence of anemia among pregnant women (%),SH.PRG.ANEM,0,25,0
Moldova,"Prevalence of HIV, female (% ages 15-24)",SH.HIV.1524.FE.ZS,0,25,0
Moldova,"Prevalence of HIV, male (% ages 15-24)",SH.HIV.1524.MA.ZS,0,25,0
Moldova,"Prevalence of HIV, total (% of population ages 15-49)",SH.DYN.AIDS.ZS,0,25,0
Monaco,Adjusted net national income (current US$),NY.ADJ.NNTY.CD,0,25,0
Monaco,"Adolescent fertility rate (births per 1,000 women ages 15-19)",SP.ADO.TFRT,0,25,0
Monaco,Gross savings (% of GDP),NY.GNS.ICTR.ZS,0,25,0
Monaco,"Inflation, consumer prices (annual %)",FP.CPI.TOTL.ZG,0,25,0
Monaco,"Labor force participation rate, female (% of female population ages 15+) (national estimate)",SL.TLF.CACT.FE.NE.ZS,0,25,0
Monaco,"Population, female",SP.POP.TOTL.FE.IN,0,25,0
Monaco,"Population, female (% of total population)",SP.POP.TOTL.FE.ZS,0,25,0
Monaco,"Population, male",SP.POP.TOTL.MA.IN,0,25,0
Monaco,"Population, male (% of total population)",SP.POP.TOTL.MA.ZS,0,25,0
Monaco,Ratio of female to male labor force participation rate (%) (national estimate),SL.TLF.CACT.FM.NE.ZS,0,25,0
Monaco,"Unemployment, youth female (% of female labor force ages 15-24) (national estimate)",SL.UEM.1524.FE.NE.ZS,0,25,0
Monaco,Wanted fertility rate (births per woman),SP.DYN.WFRT,0,25,0
Monaco,"Women making their own informed decisions regarding sexual relations, contraceptive use and reproductive health care (% of women age 15-49)",SG.DMK.SRCR.FN.ZS,0,25,0
Monaco,Women's share of population ages 15+ living with HIV (%),SH.DYN.AIDS.FE.ZS,0,25,0
Monaco,"Contraceptive prevalence, any method (% of married women ages 15-49)",SP.DYN.CONU.ZS,0,25,0
Monaco,Coverage of social insurance programs (% of population),per_si_allsi.cov_pop_tot,0,25,0
Monaco,Coverage of social safety net programs (% of population),per_sa_allsa.cov_pop_tot,0,25,0
Monaco,Demand for family planning satisfied by modern methods (% of married women with demand for family planning),SH.FPL.SATM.ZS,0,25,0
Monaco,Diabetes prevalence (% of population ages 20 to 79),SH.STA.DIAB.ZS,0,25,0
Monaco,"Life expectancy at birth, total (years)",SP.DYN.LE00.IN,0,25,0
Monaco,"Life expectancy at birth, female (years)",SP.DYN.LE00.FE.IN,0,25,0
Monaco,"Life expectancy at birth, male (years)",SP.DYN.LE00.MA.IN,0,25,0
Monaco,"Nurses and midwives (per 1,000 people)",SH.MED.NUMW.P3,0,25,0
Monaco,Prevalence of anemia among women of reproductive age (% of women ages 15-49),SH.ANM.ALLW.ZS,0,25,0
Monaco,Prevalence of anemia among pregnant women (%),SH.PRG.ANEM,0,25,0
Monaco,"Prevalence of HIV, female (% ages 15-24)",SH.HIV.1524.FE.ZS,0,25,0
Monaco,"Prevalence of HIV, male (% ages 15-24)",SH.HIV.1524.MA.ZS,0,25,0
Monaco,"Prevalence of HIV, total (% of population ages 15-49)",SH.DYN.AIDS.ZS,0,25,0
Mongolia,Adjusted net national income (current US$),NY.ADJ.NNTY.CD,0,25,0
Mongolia,"Adolescent fertility rate (births per 1,000 women ages 15-19)",SP.ADO.TFRT,0,25,0
Mongolia,Gross savings (% of GDP),NY.GNS.ICTR.ZS,0,25,0
Mongolia,"Inflation, consumer prices (annual %)",FP.CPI.TOTL.ZG,0,25,0
Mongolia,"Labor force participation rate, female (% of female population ages 15+) (national estimate)",SL.TLF.CACT.FE.NE.ZS,0,25,0
Mongolia,"Population, female",SP.POP.TOTL.FE.IN,0,25,0
Mongolia,"Population, female (% of total population)",SP.POP.TOTL.FE.ZS,0,25,0
Mongolia,"Population, male",SP.POP.TOTL.MA.IN,0,25,0
Mongolia,"Population, male (% of total population)",SP.POP.TOTL.MA.ZS,0,25,0
Mongolia,Ratio of female to male labor force participation rate (%) (national estimate),SL.TLF.CACT.FM.NE.ZS,0,25,0
Mongolia,"Unemployment, youth female (% of female labor force ages 15-24) (national estimate)",SL.UEM.1524.FE.NE.ZS,0,25,0
Mongolia,Wanted fertility rate (births per woman),SP.DYN.WFRT,0,25,0
Mongolia,"Women making their own informed decisions regarding sexual relations, contraceptive use and reproductive health care (% of women age 15-49)",SG.DMK.SRCR.FN.ZS,0,25,0
Mongolia,Women's share of population ages 15+ living with HIV (%),SH.DYN.AIDS.FE.ZS,0,25,0
Mongolia,"Contraceptive prevalence, any method (% of married women ages 15-49)",SP.DYN.CONU.ZS,0,25,0
Mongolia,Coverage of social insurance programs (% of population),per_si_allsi.cov_pop_tot,0,25,0
Mongolia,Coverage of social safety net programs (% of population),per_sa_allsa.cov_pop_tot,0,25,0
Mongolia,Demand for family planning satisfied by modern methods (% of married women with demand for family planning),SH.FPL.SATM.ZS,0,25,0
Mongolia,Diabetes prevalence (% of population ages 20 to 79),SH.STA.DIAB.ZS,0,25,0
Mongolia,"Life expectancy at birth, total (years)",SP.DYN.LE00.IN,0,25,0
Mongolia,"Life expectancy at birth, female (years)",SP.DYN.LE00.FE.IN,0,25,0
Mongolia,"Life expectancy at birth, male (years)",SP.DYN.LE00.MA.IN,0,25,0
Mongolia,"Nurses and midwives (per 1,000 people)",SH.MED.NUMW.P3,0,25,0
Mongolia,Prevalence of anemia among women of reproductive age (% of women ages 15-49),SH.ANM.ALLW.ZS,0,25,0
Mongolia,Prevalence of anemia among pregnant women (%),SH.PRG.ANEM,0,25,0
Mongolia,"Prevalence of HIV, female (% ages 15-24)",SH.HIV.1524.FE.ZS,0,25,0
Mongolia,"Prevalence of HIV, male (% ages 15-24)",SH.HIV.1524.MA.ZS,0,25,0
Mongolia,"Prevalence of HIV, total (% of population ages 15-49)",SH.DYN.AIDS.ZS,0,25,0
Montenegro,Adjusted net national income (current US$),NY.ADJ.NNTY.CD,0,25,0
Montenegro,"Adolescent fertility rate (births per 1,000 women ages 15-19)",SP.ADO.TFRT,0,25,0
Montenegro,Gross savings (% of GDP),NY.GNS.ICTR.ZS,0,25,0
Montenegro,"Inflation, consumer prices (annual %)",FP.CPI.TOTL.ZG,0,25,0
Montenegro,"Labor force participation rate, female (% of female population ages 15+) (national estimate)",SL.TLF.CACT.FE.NE.ZS,0,25,0
Montenegro,"Population, female",SP.POP.TOTL.FE.IN,0,25,0
Montenegro,"Population, female (% of total population)",SP.POP.TOTL.FE.ZS,0,25,0
Montenegro,"Population, male",SP.POP.TOTL.MA.IN,0,25,0
Montenegro,"Population, male (% of total population)",SP.POP.TOTL.MA.ZS,0,25,0
Montenegro,Ratio of female to male labor force participation rate (%) (national estimate),SL.TLF.CACT.FM.NE.ZS,0,25,0
Montenegro,"Unemployment, youth female (% of female labor force ages 15-24) (national estimate)",SL.UEM.1524.FE.NE.ZS,0,25,0
Montenegro,Wanted fertility rate (births per woman),SP.DYN.WFRT,0,25,0
Montenegro,"Women making their own informed decisions regarding sexual relations, contraceptive use and reproductive health care (% of women age 15-49)",SG.DMK.SRCR.FN.ZS,0,25,0
Montenegro,Women's share of population ages 15+ living with HIV (%),SH.DYN.AIDS.FE.ZS,0,25,0
Montenegro,"Contraceptive prevalence, any method (% of married women ages 15-49)",SP.DYN.CONU.ZS,0,25,0
Montenegro,Coverage of social insurance programs (% of population),per_si_allsi.cov_pop_tot,0,25,0
Montenegro,Coverage of social safety net programs (% of population),per_sa_allsa.cov_pop_tot,0,25,0
Montenegro,Demand for family planning satisfied by modern methods (% of married women with demand for family planning),SH.FPL.SATM.ZS,0,25,0
Montenegro,Diabetes prevalence (% of population ages 20 to 79),SH.STA.DIAB.ZS,0,25,0
Montenegro,"Life expectancy at birth, total (years)",SP.DYN.LE00.IN,0,25,0
Montenegro,"Life expectancy at birth, female (years)",SP.DYN.LE00.FE.IN,0,25,0
Montenegro,"Life expectancy at birth, male (years)",SP.DYN.LE00.MA.IN,0,25,0
Montenegro,"Nurses and midwives (per 1,000 people)",SH.MED.NUMW.P3,0,25,0
Montenegro,Prevalence of anemia among women of reproductive age (% of women ages 15-49),SH.ANM.ALLW.ZS,0,25,0
Montenegro,Prevalence of anemia among pregnant women (%),SH.PRG.ANEM,0,25,0
Montenegro,"Prevalence of HIV, female (% ages 15-24)",SH.HIV.1524.FE.ZS,0,25,0
Montenegro,"Prevalence of HIV, male (% ages 15-24)",SH.HIV.1524.MA.ZS,0,25,0
Montenegro,"Prevalence of HIV, total (% of population ages 15-49)",SH.DYN.AIDS.ZS,0,25,0
Morocco,Adjusted net national income (current US$),NY.ADJ.NNTY.CD,0,25,0
Morocco,"Adolescent fertility rate (births per 1,000 women ages 15-19)",SP.ADO.TFRT,0,25,0
Morocco,Gross savings (% of GDP),NY.GNS.ICTR.ZS,0,25,0
Morocco,"Inflation, consumer prices (annual %)",FP.CPI.TOTL.ZG,0,25,0
Morocco,"Labor force participation rate, female (% of female population ages 15+) (national estimate)",SL.TLF.CACT.FE.NE.ZS,0,25,0
Morocco,"Population, female",SP.POP.TOTL.FE.IN,0,25,0
Morocco,"Population, female (% of total population)",SP.POP.TOTL.FE.ZS,0,25,0
Morocco,"Population, male",SP.POP.TOTL.MA.IN,0,25,0
Morocco,"Population, male (% of total population)",SP.POP.TOTL.MA.ZS,0,25,0
Morocco,Ratio of female to male labor force participation rate (%) (national estimate),SL.TLF.CACT.FM.NE.ZS,0,25,0
Morocco,"Unemployment, youth female (% of female labor force ages 15-24) (national estimate)",SL.UEM.1524.FE.NE.ZS,0,25,0
Morocco,Wanted fertility rate (births per woman),SP.DYN.WFRT,0,25,0
Morocco,"Women making their own informed decisions regarding sexual relations, contraceptive use and reproductive health care (% of women age 15-49)",SG.DMK.SRCR.FN.ZS,0,25,0
Morocco,Women's share of population ages 15+ living with HIV (%),SH.DYN.AIDS.FE.ZS,0,25,0
Morocco,"Contraceptive prevalence, any method (% of married women ages 15-49)",SP.DYN.CONU.ZS,0,25,0
Morocco,Coverage of social insurance programs (% of population),per_si_allsi.cov_pop_tot,0,25,0
Morocco,Coverage of social safety net programs (% of population),per_sa_allsa.cov_pop_tot,0,25,0
Morocco,Demand for family planning satisfied by modern methods (% of married women with demand for family planning),SH.FPL.SATM.ZS,0,25,0
Morocco,Diabetes prevalence (% of population ages 20 to 79),SH.STA.DIAB.ZS,0,25,0
Morocco,"Life expectancy at birth, total (years)",SP.DYN.LE00.IN,0,25,0
Morocco,"Life expectancy at birth, female (years)",SP.DYN.LE00.FE.IN,0,25,0
Morocco,"Life expectancy at birth, male (years)",SP.DYN.LE00.MA.IN,0,25,0
Morocco,"Nurses and midwives (per 1,000 people)",SH.MED.NUMW.P3,0,25,0
Morocco,Prevalence of anemia among women of reproductive age (% of women ages 15-49),SH.ANM.ALLW.ZS,0,25,0
Morocco,Prevalence of anemia among pregnant women (%),SH.PRG.ANEM,0,25,0
Morocco,"Prevalence of HIV, female (% ages 15-24)",SH.HIV.1524.FE.ZS,0,25,0
Morocco,"Prevalence of HIV, male (% ages 15-24)",SH.HIV.1524.MA.ZS,0,25,0
Morocco,"Prevalence of HIV, total (% of population ages 15-49)",SH.DYN.AIDS.ZS,0,25,0
Mozambique,Adjusted net national income (current US$),NY.ADJ.NNTY.CD,0,25,0
Mozambique,"Adolescent fertility rate (births per 1,000 women ages 15-19)",SP.ADO.TFRT,0,25,0
Mozambique,Gross savings (% of GDP),NY.GNS.ICTR.ZS,0,25,0
Mozambique,"Inflation, consumer prices (annual %)",FP.CPI.TOTL.ZG,0,25,0
Mozambique,"Labor force participation rate, female (% of female population ages 15+) (national estimate)",SL.TLF.CACT.FE.NE.ZS,0,25,0
Mozambique,"Population, female",SP.POP.TOTL.FE.IN,0,25,0
Mozambique,"Population, female (% of total population)",SP.POP.TOTL.FE.ZS,0,25,0
Mozambique,"Population, male",SP.POP.TOTL.MA.IN,0,25,0
Mozambique,"Population, male (% of total population)",SP.POP.TOTL.MA.ZS,0,25,0
Mozambique,Ratio of female to male labor force participation rate (%) (national estimate),SL.TLF.CACT.FM.NE.ZS,0,25,0
Mozambique,"Unemployment, youth female (% of female labor force ages 15-24) (national estimate)",SL.UEM.1524.FE.NE.ZS,0,25,0
Mozambique,Wanted fertility rate (births per woman),SP.DYN.WFRT,0,25,0
Mozambique,"Women making their own informed decisions regarding sexual relations, contraceptive use and reproductive health care (% of women age 15-49)",SG.DMK.SRCR.FN.ZS,0,25,0
Mozambique,Women's share of population ages 15+ living with HIV (%),SH.DYN.AIDS.FE.ZS,0,25,0
Mozambique,"Contraceptive prevalence, any method (% of married women ages 15-49)",SP.DYN.CONU.ZS,0,25,0
Mozambique,Coverage of social insurance programs (% of population),per_si_allsi.cov_pop_tot,0,25,0
Mozambique,Coverage of social safety net programs (% of population),per_sa_allsa.cov_pop_tot,0,25,0
Mozambique,Demand for family planning satisfied by modern methods (% of married women with demand for family planning),SH.FPL.SATM.ZS,0,25,0
Mozambique,Diabetes prevalence (% of population ages 20 to 79),SH.STA.DIAB.ZS,0,25,0
Mozambique,"Life expectancy at birth, total (years)",SP.DYN.LE00.IN,0,25,0
Mozambique,"Life expectancy at birth, female (years)",SP.DYN.LE00.FE.IN,0,25,0
Mozambique,"Life expectancy at birth, male (years)",SP.DYN.LE00.MA.IN,0,25,0
Mozambique,"Nurses and midwives (per 1,000 people)",SH.MED.NUMW.P3,0,25,0
Mozambique,Prevalence of anemia among women of reproductive age (% of women ages 15-49),SH.ANM.ALLW.ZS,0,25,0
Mozambique,Prevalence of anemia among pregnant women (%),SH.PRG.ANEM,0,25,0
Mozambique,"Prevalence of HIV, female (% ages 15-24)",SH.HIV.1524.FE.ZS,0,25,0
Mozambique,"Prevalence of HIV, male (% ages 15-24)",SH.HIV.1524.MA.ZS,0,25,0
Mozambique,"Prevalence of HIV, total (% of population ages 15-49)",SH.DYN.AIDS.ZS,0,25,0
Myanmar,Adjusted net national income (current US$),NY.ADJ.NNTY.CD,0,25,0
Myanmar,"Adolescent fertility rate (births per 1,000 women ages 15-19)",SP.ADO.TFRT,0,25,0
Myanmar,Gross savings (% of GDP),NY.GNS.ICTR.ZS,0,25,0
Myanmar,"Inflation, consumer prices (annual %)",FP.CPI.TOTL.ZG,0,25,0
Myanmar,"Labor force participation rate, female (% of female population ages 15+) (national estimate)",SL.TLF.CACT.FE.NE.ZS,0,25,0
Myanmar,"Population, female",SP.POP.TOTL.FE.IN,0,25,0
Myanmar,"Population, female (% of total population)",SP.POP.TOTL.FE.ZS,0,25,0
Myanmar,"Population, male",SP.POP.TOTL.MA.IN,0,25,0
Myanmar,"Population, male (% of total population)",SP.POP.TOTL.MA.ZS,0,25,0
Myanmar,Ratio of female to male labor force participation rate (%) (national estimate),SL.TLF.CACT.FM.NE.ZS,0,25,0
Myanmar,"Unemployment, youth female (% of female labor force ages 15-24) (national estimate)",SL.UEM.1524.FE.NE.ZS,0,25,0
Myanmar,Wanted fertility rate (births per woman),SP.DYN.WFRT,0,25,0
Myanmar,"Women making their own informed decisions regarding sexual relations, contraceptive use and reproductive health care (% of women age 15-49)",SG.DMK.SRCR.FN.ZS,0,25,0
Myanmar,Women's share of population ages 15+ living with HIV (%),SH.DYN.AIDS.FE.ZS,0,25,0
Myanmar,"Contraceptive prevalence, any method (% of married women ages 15-49)",SP.DYN.CONU.ZS,0,25,0
Myanmar,Coverage of social insurance programs (% of population),per_si_allsi.cov_pop_tot,0,25,0
Myanmar,Coverage of social safety net programs (% of population),per_sa_allsa.cov_pop_tot,0,25,0
Myanmar,Demand for family planning satisfied by modern methods (% of married women with demand for family planning),SH.FPL.SATM.ZS,0,25,0
Myanmar,Diabetes prevalence (% of population ages 20 to 79),SH.STA.DIAB.ZS,0,25,0
Myanmar,"Life expectancy at birth, total (years)",SP.DYN.LE00.IN,0,25,0
Myanmar,"Life expectancy at birth, female (years)",SP.DYN.LE00.FE.IN,0,25,0
Myanmar,"Life expectancy at birth, male (years)",SP.DYN.LE00.MA.IN,0,25,0
Myanmar,"Nurses and midwives (per 1,000 people)",SH.MED.NUMW.P3,0,25,0
Myanmar,Prevalence of anemia among women of reproductive age (% of women ages 15-49),SH.ANM.ALLW.ZS,0,25,0
Myanmar,Prevalence of anemia among pregnant women (%),SH.PRG.ANEM,0,25,0
Myanmar,"Prevalence of HIV, female (% ages 15-24)",SH.HIV.1524.FE.ZS,0,25,0
Myanmar,"Prevalence of HIV, male (% ages 15-24)",SH.HIV.1524.MA.ZS,0,25,0
Myanmar,"Prevalence of HIV, total (% of population ages 15-49)",SH.DYN.AIDS.ZS,0,25,0
Namibia,Adjusted net national income (current US$),NY.ADJ.NNTY.CD,0,25,0
Namibia,"Adolescent fertility rate (births per 1,000 women ages 15-19)",SP.ADO.TFRT,0,25,0
Namibia,Gross savings (% of GDP),NY.GNS.ICTR.ZS,0,25,0
Namibia,"Inflation, consumer prices (annual %)",FP.CPI.TOTL.ZG,0,25,0
Namibia,"Labor force participation rate, female (% of female population ages 15+) (national estimate)",SL.TLF.CACT.FE.NE.ZS,0,25,0
Namibia,"Population, female",SP.POP.TOTL.FE.IN,0,25,0
Namibia,"Population, female (% of total population)",SP.POP.TOTL.FE.ZS,0,25,0
Namibia,"Population, male",SP.POP.TOTL.MA.IN,0,25,0
Namibia,"Population, male (% of total population)",SP.POP.TOTL.MA.ZS,0,25,0
Namibia,Ratio of female to male labor force participation rate (%) (national estimate),SL.TLF.CACT.FM.NE.ZS,0,25,0
Namibia,"Unemployment, youth female (% of female labor force ages 15-24) (national estimate)",SL.UEM.1524.FE.NE.ZS,0,25,0
Namibia,Wanted fertility rate (births per woman),SP.DYN.WFRT,0,25,0
Namibia,"Women making their own informed decisions regarding sexual relations, contraceptive use and reproductive health care (% of women age 15-49)",SG.DMK.SRCR.FN.ZS,0,25,0
Namibia,Women's share of population ages 15+ living with HIV (%),SH.DYN.AIDS.FE.ZS,0,25,0
Namibia,"Contraceptive prevalence, any method (% of married women ages 15-49)",SP.DYN.CONU.ZS,0,25,0
Namibia,Coverage of social insurance programs (% of population),per_si_allsi.cov_pop_tot,0,25,0
Namibia,Coverage of social safety net programs (% of population),per_sa_allsa.cov_pop_tot,0,25,0
Namibia,Demand for family planning satisfied by modern methods (% of married women with demand for family planning),SH.FPL.SATM.ZS,0,25,0
Namibia,Diabetes prevalence (% of population ages 20 to 79),SH.STA.DIAB.ZS,0,25,0
Namibia,"Life expectancy at birth, total (years)",SP.DYN.LE00.IN,0,25,0
Namibia,"Life expectancy at birth, female (years)",SP.DYN.LE00.FE.IN,0,25,0
Namibia,"Life expectancy at birth, male (years)",SP.DYN.LE00.MA.IN,0,25,0
Namibia,"Nurses and midwives (per 1,000 people)",SH.MED.NUMW.P3,0,25,0
Namibia,Prevalence of anemia among women of reproductive age (% of women ages 15-49),SH.ANM.ALLW.ZS,0,25,0
Namibia,Prevalence of anemia among pregnant women (%),SH.PRG.ANEM,0,25,0
Namibia,"Prevalence of HIV, female (% ages 15-24)",SH.HIV.1524.FE.ZS,0,25,0
Namibia,"Prevalence of HIV, male (% ages 15-24)",SH.HIV.1524.MA.ZS,0,25,0
Namibia,"Prevalence of HIV, total (% of population ages 15-49)",SH.DYN.AIDS.ZS,0,25,0
Nauru,Adjusted net national income (current US$),NY.ADJ.NNTY.CD,0,25,0
Nauru,"Adolescent fertility rate (births per 1,000 women ages 15-19)",SP.ADO.TFRT,0,25,0
Nauru,Gross savings (% of GDP),NY.GNS.ICTR.ZS,0,25,0
Nauru,"Inflation, consumer prices (annual %)",FP.CPI.TOTL.ZG,0,25,0
Nauru,"Labor force participation rate, female (% of female population ages 15+) (national estimate)",SL.TLF.CACT.FE.NE.ZS,0,25,0
Nauru,"Population, female",SP.POP.TOTL.FE.IN,0,25,0
Nauru,"Population, female (% of total population)",SP.POP.TOTL.FE.ZS,0,25,0
Nauru,"Population, male",SP.POP.TOTL.MA.IN,0,25,0
Nauru,"Population, male (% of total population)",SP.POP.TOTL.MA.ZS,0,25,0
Nauru,Ratio of female to male labor force participation rate (%) (national estimate),SL.TLF.CACT.FM.NE.ZS,0,25,0
Nauru,"Unemployment, youth female (% of female labor force ages 15-24) (national estimate)",SL.UEM.1524.FE.NE.ZS,0,25,0
Nauru,Wanted fertility rate (births per woman),SP.DYN.WFRT,0,25,0
Nauru,"Women making their own informed decisions regarding sexual relations, contraceptive use and reproductive health care (% of women age 15-49)",SG.DMK.SRCR.FN.ZS,0,25,0
Nauru,Women's share of population ages 15+ living with HIV (%),SH.DYN.AIDS.FE.ZS,0,25,0
Nauru,"Contraceptive prevalence, any method (% of married women ages 15-49)",SP.DYN.CONU.ZS,0,25,0
Nauru,Coverage of social insurance programs (% of population),per_si_allsi.cov_pop_tot,0,25,0
Nauru,Coverage of social safety net programs (% of population),per_sa_allsa.cov_pop_tot,0,25,0
Nauru,Demand for family planning satisfied by modern methods (% of married women with demand for family planning),SH.FPL.SATM.ZS,0,25,0
Nauru,Diabetes prevalence (% of population ages 20 to 79),SH.STA.DIAB.ZS,0,25,0
Nauru,"Life expectancy at birth, total (years)",SP.DYN.LE00.IN,0,25,0
Nauru,"Life expectancy at birth, female (years)",SP.DYN.LE00.FE.IN,0,25,0
Nauru,"Life expectancy at birth, male (years)",SP.DYN.LE00.MA.IN,0,25,0
Nauru,"Nurses and midwives (per 1,000 people)",SH.MED.NUMW.P3,0,25,0
Nauru,Prevalence of anemia among women of reproductive age (% of women ages 15-49),SH.ANM.ALLW.ZS,0,25,0
Nauru,Prevalence of anemia among pregnant women (%),SH.PRG.ANEM,0,25,0
Nauru,"Prevalence of HIV, female (% ages 15-24)",SH.HIV.1524.FE.ZS,0,25,0
Nauru,"Prevalence of HIV, male (% ages 15-24)",SH.HIV.1524.MA.ZS,0,25,0
Nauru,"Prevalence of HIV, total (% of population ages 15-49)",SH.DYN.AIDS.ZS,0,25,0
Nepal,Adjusted net national income (current US$),NY.ADJ.NNTY.CD,0,25,0
Nepal,"Adolescent fertility rate (births per 1,000 women ages 15-19)",SP.ADO.TFRT,0,25,0
Nepal,Gross savings (% of GDP),NY.GNS.ICTR.ZS,0,25,0
Nepal,"Inflation, consumer prices (annual %)",FP.CPI.TOTL.ZG,0,25,0
Nepal,"Labor force participation rate, female (% of female population ages 15+) (national estimate)",SL.TLF.CACT.FE.NE.ZS,0,25,0
Nepal,"Population, female",SP.POP.TOTL.FE.IN,0,25,0
Nepal,"Population, female (% of total population)",SP.POP.TOTL.FE.ZS,0,25,0
Nepal,"Population, male",SP.POP.TOTL.MA.IN,0,25,0
Nepal,"Population, male (% of total population)",SP.POP.TOTL.MA.ZS,0,25,0
Nepal,Ratio of female to male labor force participation rate (%) (national estimate),SL.TLF.CACT.FM.NE.ZS,0,25,0
Nepal,"Unemployment, youth female (% of female labor force ages 15-24) (national estimate)",SL.UEM.1524.FE.NE.ZS,0,25,0
Nepal,Wanted fertility rate (births per woman),SP.DYN.WFRT,0,25,0
Nepal,"Women making their own informed decisions regarding sexual relations, contraceptive use and reproductive health care (% of women age 15-49)",SG.DMK.SRCR.FN.ZS,0,25,0
Nepal,Women's share of population ages 15+ living with HIV (%),SH.DYN.AIDS.FE.ZS,0,25,0
Nepal,"Contraceptive prevalence, any method (% of married women ages 15-49)",SP.DYN.CONU.ZS,0,25,0
Nepal,Coverage of social insurance programs (% of population),per_si_allsi.cov_pop_tot,0,25,0
Nepal,Coverage of social safety net programs (% of population),per_sa_allsa.cov_pop_tot,0,25,0
Nepal,Demand for family planning satisfied by modern methods (% of married women with demand for family planning),SH.FPL.SATM.ZS,0,25,0
Nepal,Diabetes prevalence (% of population ages 20 to 79),SH.STA.DIAB.ZS,0,25,0
Nepal,"Life expectancy at birth, total (years)",SP.DYN.LE00.IN,0,25,0
Nepal,"Life expectancy at birth, female (years)",SP.DYN.LE00.FE.IN,0,25,0
Nepal,"Life expectancy at birth, male (years)",SP.DYN.LE00.MA.IN,0,25,0
Nepal,"Nurses and midwives (per 1,000 people)",SH.MED.NUMW.P3,0,25,0
Nepal,Prevalence of anemia among women of reproductive age (% of women ages 15-49),SH.ANM.ALLW.ZS,0,25,0
Nepal,Prevalence of anemia among pregnant women (%),SH.PRG.ANEM,0,25,0
Nepal,"Prevalence of HIV, female (% ages 15-24)",SH.HIV.1524.FE.ZS,0,25,0
Nepal,"Prevalence of HIV, male (% ages 15-24)",SH.HIV.1524.MA.ZS,0,25,0
Nepal,"Prevalence of HIV, total (% of population ages 15-49)",SH.DYN.AIDS.ZS,0,25,0
Netherlands,Adjusted net national income (current US$),NY.ADJ.NNTY.CD,0,25,0
Netherlands,"Adolescent fertility rate (births per 1,000 women ages 15-19)",SP.ADO.TFRT,0,25,0
Netherlands,Gross savings (% of GDP),NY.GNS.ICTR.ZS,0,25,0
Netherlands,"Inflation, consumer prices (annual %)",FP.CPI.TOTL.ZG,0,25,0
Netherlands,"Labor force participation rate, female (% of female population ages 15+) (national estimate)",SL.TLF.CACT.FE.NE.ZS,0,25,0
Netherlands,"Population, female",SP.POP.TOTL.FE.IN,0,25,0
Netherlands,"Population, female (% of total population)",SP.POP.TOTL.FE.ZS,0,25,0
Netherlands,"Population, male",SP.POP.TOTL.MA.IN,0,25,0
Netherlands,"Population, male (% of total population)",SP.POP.TOTL.MA.ZS,0,25,0
Netherlands,Ratio of female to male labor force participation rate (%) (national estimate),SL.TLF.CACT.FM.NE.ZS,0,25,0
Netherlands,"Unemployment, youth female (% of female labor force ages 15-24) (national estimate)",SL.UEM.1524.FE.NE.ZS,0,25,0
Netherlands,Wanted fertility rate (births per woman),SP.DYN.WFRT,0,25,0
Netherlands,"Women making their own informed decisions regarding sexual relations, contraceptive use and reproductive health care (% of women age 15-49)",SG.DMK.SRCR.FN.ZS,0,25,0
Netherlands,Women's share of population ages 15+ living with HIV (%),SH.DYN.AIDS.FE.ZS,0,25,0
Netherlands,"Contraceptive prevalence, any method (% of married women ages 15-49)",SP.DYN.CONU.ZS,0,25,0
Netherlands,Coverage of social insurance programs (% of population),per_si_allsi.cov_pop_tot,0,25,0
Netherlands,Coverage of social safety net programs (% of population),per_sa_allsa.cov_pop_tot,0,25,0
Netherlands,Demand for family planning satisfied by modern methods (% of married women with demand for family planning),SH.FPL.SATM.ZS,0,25,0
Netherlands,Diabetes prevalence (% of population ages 20 to 79),SH.STA.DIAB.ZS,0,25,0
Netherlands,"Life expectancy at birth, total (years)",SP.DYN.LE00.IN,0,25,0
Netherlands,"Life expectancy at birth, female (years)",SP.DYN.LE00.FE.IN,0,25,0
Netherlands,"Life expectancy at birth, male (years)",SP.DYN.LE00.MA.IN,0,25,0
Netherlands,"Nurses and midwives (per 1,000 people)",SH.MED.NUMW.P3,0,25,0
Netherlands,Prevalence of anemia among women of reproductive age (% of women ages 15-49),SH.ANM.ALLW.ZS,0,25,0
Netherlands,Prevalence of anemia among pregnant women (%),SH.PRG.ANEM,0,25,0
Netherlands,"Prevalence of HIV, female (% ages 15-24)",SH.HIV.1524.FE.ZS,0,25,0
Netherlands,"Prevalence of HIV, male (% ages 15-24)",SH.HIV.1524.MA.ZS,0,25,0
Netherlands,"Prevalence of HIV, total (% of population ages 15-49)",SH.DYN.AIDS.ZS,0,25,0
New Caledonia,Adjusted net national income (current US$),NY.ADJ.NNTY.CD,0,25,0
New Caledonia,"Adolescent fertility rate (births per 1,000 women ages 15-19)",SP.ADO.TFRT,0,25,0
New Caledonia,Gross savings (% of GDP),NY.GNS.ICTR.ZS,0,25,0
New Caledonia,"Inflation, consumer prices (annual %)",FP.CPI.TOTL.ZG,0,25,0
New Caledonia,"Labor force participation rate, female (% of female population ages 15+) (national estimate)",SL.TLF.CACT.FE.NE.ZS,0,25,0
New Caledonia,"Population, female",SP.POP.TOTL.FE.IN,0,25,0
New Caledonia,"Population, female (% of total population)",SP.POP.TOTL.FE.ZS,0,25,0
New Caledonia,"Population, male",SP.POP.TOTL.MA.IN,0,25,0
New Caledonia,"Population, male (% of total population)",SP.POP.TOTL.MA.ZS,0,25,0
New Caledonia,Ratio of female to male labor force participation rate (%) (national estimate),SL.TLF.CACT.FM.NE.ZS,0,25,0
New Caledonia,"Unemployment, youth female (% of female labor force ages 15-24) (national estimate)",SL.UEM.1524.FE.NE.ZS,0,25,0
New Caledonia,Wanted fertility rate (births per woman),SP.DYN.WFRT,0,25,0
New Caledonia,"Women making their own informed decisions regarding sexual relations, contraceptive use and reproductive health care (% of women age 15-49)",SG.DMK.SRCR.FN.ZS,0,25,0
New Caledonia,Women's share of population ages 15+ living with HIV (%),SH.DYN.AIDS.FE.ZS,0,25,0
New Caledonia,"Contraceptive prevalence, any method (% of married women ages 15-49)",SP.DYN.CONU.ZS,0,25,0
New Caledonia,Coverage of social insurance programs (% of population),per_si_allsi.cov_pop_tot,0,25,0
New Caledonia,Coverage of social safety net programs (% of population),per_sa_allsa.cov_pop_tot,0,25,0
New Caledonia,Demand for family planning satisfied by modern methods (% of married women with demand for family planning),SH.FPL.SATM.ZS,0,25,0
New Caledonia,Diabetes prevalence (% of population ages 20 to 79),SH.STA.DIAB.ZS,0,25,0
New Caledonia,"Life expectancy at birth, total (years)",SP.DYN.LE00.IN,0,25,0
New Caledonia,"Life expectancy at birth, female (years)",SP.DYN.LE00.FE.IN,0,25,0
New Caledonia,"Life expectancy at birth, male (years)",SP.DYN.LE00.MA.IN,0,25,0
New Caledonia,"Nurses and midwives (per 1,000 people)",SH.MED.NUMW.P3,0,25,0
New Caledonia,Prevalence of anemia among women of reproductive age (% of women ages 15-49),SH.ANM.ALLW.ZS,0,25,0
New Caledonia,Prevalence of anemia among pregnant women (%),SH.PRG.ANEM,0,25,0
New Caledonia,"Prevalence of HIV, female (% ages 15-24)",SH.HIV.1524.FE.ZS,0,25,0
New Caledonia,"Prevalence of HIV, male (% ages 15-24)",SH.HIV.1524.MA.ZS,0,25,0
New Caledonia,"Prevalence of HIV, total (% of population ages 15-49)",SH.DYN.AIDS.ZS,0,25,0
New Zealand,Adjusted net national income (current US$),NY.ADJ.NNTY.CD,0,25,0
New Zealand,"Adolescent fertility rate (births per 1,000 women ages 15-19)",SP.ADO.TFRT,0,25,0
New Zealand,Gross savings (% of GDP),NY.GNS.ICTR.ZS,0,25,0
New Zealand,"Inflation, consumer prices (annual %)",FP.CPI.TOTL.ZG,0,25,0
New Zealand,"Labor force participation rate, female (% of female population ages 15+) (national estimate)",SL.TLF.CACT.FE.NE.ZS,0,25,0
New Zealand,"Population, female",SP.POP.TOTL.FE.IN,0,25,0
New Zealand,"Population, female (% of total population)",SP.POP.TOTL.FE.ZS,0,25,0
New Zealand,"Population, male",SP.POP.TOTL.MA.IN,0,25,0
New Zealand,"Population, male (% of total population)",SP.POP.TOTL.MA.ZS,0,25,0
New Zealand,Ratio of female to male labor force participation rate (%) (national estimate),SL.TLF.CACT.FM.NE.ZS,0,25,0
New Zealand,"Unemployment, youth female (% of female labor force ages 15-24) (national estimate)",SL.UEM.1524.FE.NE.ZS,0,25,0
New Zealand,Wanted fertility rate (births per woman),SP.DYN.WFRT,0,25,0
New Zealand,"Women making their own informed decisions regarding sexual relations, contraceptive use and reproductive health care (% of women age 15-49)",SG.DMK.SRCR.FN.ZS,0,25,0
New Zealand,Women's share of population ages 15+ living with HIV (%),SH.DYN.AIDS.FE.ZS,0,25,0
New Zealand,"Contraceptive prevalence, any method (% of married women ages 15-49)",SP.DYN.CONU.ZS,0,25,0
New Zealand,Coverage of social insurance programs (% of population),per_si_allsi.cov_pop_tot,0,25,0
New Zealand,Coverage of social safety net programs (% of population),per_sa_allsa.cov_pop_tot,0,25,0
New Zealand,Demand for family planning satisfied by modern methods (% of married women with demand for family planning),SH.FPL.SATM.ZS,0,25,0
New Zealand,Diabetes prevalence (% of population ages 20 to 79),SH.STA.DIAB.ZS,0,25,0
New Zealand,"Life expectancy at birth, total (years)",SP.DYN.LE00.IN,0,25,0
New Zealand,"Life expectancy at birth, female (years)",SP.DYN.LE00.FE.IN,0,25,0
New Zealand,"Life expectancy at birth, male (years)",SP.DYN.LE00.MA.IN,0,25,0
New Zealand,"Nurses and midwives (per 1,000 people)",SH.MED.NUMW.P3,0,25,0
New Zealand,Prevalence of anemia among women of reproductive age (% of women ages 15-49),SH.ANM.ALLW.ZS,0,25,0
New Zealand,Prevalence of anemia among pregnant women (%),SH.PRG.ANEM,0,25,0
New Zealand,"Prevalence of HIV, female (% ages 15-24)",SH.HIV.1524.FE.ZS,0,25,0
New Zealand,"Prevalence of HIV, male (% ages 15-24)",SH.HIV.1524.MA.ZS,0,25,0
New Zealand,"Prevalence of HIV, total (% of population ages 15-49)",SH.DYN.AIDS.ZS,0,25,0
Nicaragua,Adjusted net national income (current US$),NY.ADJ.NNTY.CD,0,25,0
Nicaragua,"Adolescent fertility rate (births per 1,000 women ages 15-19)",SP.ADO.TFRT,0,25,0
Nicaragua,Gross savings (% of GDP),NY.GNS.ICTR.ZS,0,25,0
Nicaragua,"Inflation, consumer prices (annual %)",FP.CPI.TOTL.ZG,0,25,0
Nicaragua,"Labor force participation rate, female (% of female population ages 15+) (national estimate)",SL.TLF.CACT.FE.NE.ZS,0,25,0
Nicaragua,"Population, female",SP.POP.TOTL.FE.IN,0,25,0
Nicaragua,"Population, female (% of total population)",SP.POP.TOTL.FE.ZS,0,25,0
Nicaragua,"Population, male",SP.POP.TOTL.MA.IN,0,25,0
Nicaragua,"Population, male (% of total population)",SP.POP.TOTL.MA.ZS,0,25,0
Nicaragua,Ratio of female to male labor force participation rate (%) (national estimate),SL.TLF.CACT.FM.NE.ZS,0,25,0
Nicaragua,"Unemployment, youth female (% of female labor force ages 15-24) (national estimate)",SL.UEM.1524.FE.NE.ZS,0,25,0
Nicaragua,Wanted fertility rate (births per woman),SP.DYN.WFRT,0,25,0
Nicaragua,"Women making their own informed decisions regarding sexual relations, contraceptive use and reproductive health care (% of women age 15-49)",SG.DMK.SRCR.FN.ZS,0,25,0
Nicaragua,Women's share of population ages 15+ living with HIV (%),SH.DYN.AIDS.FE.ZS,0,25,0
Nicaragua,"Contraceptive prevalence, any method (% of married women ages 15-49)",SP.DYN.CONU.ZS,0,25,0
Nicaragua,Coverage of social insurance programs (% of population),per_si_allsi.cov_pop_tot,0,25,0
Nicaragua,Coverage of social safety net programs (% of population),per_sa_allsa.cov_pop_tot,0,25,0
Nicaragua,Demand for family planning satisfied by modern methods (% of married women with demand for family planning),SH.FPL.SATM.ZS,0,25,0
Nicaragua,Diabetes prevalence (% of population ages 20 to 79),SH.STA.DIAB.ZS,0,25,0
Nicaragua,"Life expectancy at birth, total (years)",SP.DYN.LE00.IN,0,25,0
Nicaragua,"Life expectancy at birth, female (years)",SP.DYN.LE00.FE.IN,0,25,0
Nicaragua,"Life expectancy at birth, male (years)",SP.DYN.LE00.MA.IN,0,25,0
Nicaragua,"Nurses and midwives (per 1,000 people)",SH.MED.NUMW.P3,0,25,0
Nicaragua,Prevalence of anemia among women of reproductive age (% of women ages 15-49),SH.ANM.ALLW.ZS,0,25,0
Nicaragua,Prevalence of anemia among pregnant women (%),SH.PRG.ANEM,0,25,0
Nicaragua,"Prevalence of HIV, female (% ages 15-24)",SH.HIV.1524.FE.ZS,0,25,0
Nicaragua,"Prevalence of HIV, male (% ages 15-24)",SH.HIV.1524.MA.ZS,0,25,0
Nicaragua,"Prevalence of HIV, total (% of population ages 15-49)",SH.DYN.AIDS.ZS,0,25,0
Niger,Adjusted net national income (current US$),NY.ADJ.NNTY.CD,0,25,0
Niger,"Adolescent fertility rate (births per 1,000 women ages 15-19)",SP.ADO.TFRT,0,25,0
Niger,Gross savings (% of GDP),NY.GNS.ICTR.ZS,0,25,0
Niger,"Inflation, consumer prices (annual %)",FP.CPI.TOTL.ZG,0,25,0
Niger,"Labor force participation rate, female (% of female population ages 15+) (national estimate)",SL.TLF.CACT.FE.NE.ZS,0,25,0
Niger,"Population, female",SP.POP.TOTL.FE.IN,0,25,0
Niger,"Population, female (% of total population)",SP.POP.TOTL.FE.ZS,0,25,0
Niger,"Population, male",SP.POP.TOTL.MA.IN,0,25,0
Niger,"Population, male (% of total population)",SP.POP.TOTL.MA.ZS,0,25,0
Niger,Ratio of female to male labor force participation rate (%) (national estimate),SL.TLF.CACT.FM.NE.ZS,0,25,0
Niger,"Unemployment, youth female (% of female labor force ages 15-24) (national estimate)",SL.UEM.1524.FE.NE.ZS,0,25,0
Niger,Wanted fertility rate (births per woman),SP.DYN.WFRT,0,25,0
Niger,"Women making their own informed decisions regarding sexual relations, contraceptive use and reproductive health care (% of women age 15-49)",SG.DMK.SRCR.FN.ZS,0,25,0
Niger,Women's share of population ages 15+ living with HIV (%),SH.DYN.AIDS.FE.ZS,0,25,0
Niger,"Contraceptive prevalence, any method (% of married women ages 15-49)",SP.DYN.CONU.ZS,0,25,0
Niger,Coverage of social insurance programs (% of population),per_si_allsi.cov_pop_tot,0,25,0
Niger,Coverage of social safety net programs (% of population),per_sa_allsa.cov_pop_tot,0,25,0
Niger,Demand for family planning satisfied by modern methods (% of married women with demand for family planning),SH.FPL.SATM.ZS,0,25,0
Niger,Diabetes prevalence (% of population ages 20 to 79),SH.STA.DIAB.ZS,0,25,0
Niger,"Life expectancy at birth, total (years)",SP.DYN.LE00.IN,0,25,0
Niger,"Life expectancy at birth, female (years)",SP.DYN.LE00.FE.IN,0,25,0
Niger,"Life expectancy at birth, male (years)",SP.DYN.LE00.MA.IN,0,25,0
Niger,"Nurses and midwives (per 1,000 people)",SH.MED.NUMW.P3,0,25,0
Niger,Prevalence of anemia among women of reproductive age (% of women ages 15-49),SH.ANM.ALLW.ZS,0,25,0
Niger,Prevalence of anemia among pregnant women (%),SH.PRG.ANEM,0,25,0
Niger,"Prevalence of HIV, female (% ages 15-24)",SH.HIV.1524.FE.ZS,0,25,0
Niger,"Prevalence of HIV, male (% ages 15-24)",SH.HIV.1524.MA.ZS,0,25,0
Niger,"Prevalence of HIV, total (% of population ages 15-49)",SH.DYN.AIDS.ZS,0,25,0
Nigeria,Adjusted net national income (current US$),NY.ADJ.NNTY.CD,0,25,0
Nigeria,"Adolescent fertility rate (births per 1,000 women ages 15-19)",SP.ADO.TFRT,0,25,0
Nigeria,Gross savings (% of GDP),NY.GNS.ICTR.ZS,0,25,0
Nigeria,"Inflation, consumer prices (annual %)",FP.CPI.TOTL.ZG,0,25,0
Nigeria,"Labor force participation rate, female (% of female population ages 15+) (national estimate)",SL.TLF.CACT.FE.NE.ZS,0,25,0
Nigeria,"Population, female",SP.POP.TOTL.FE.IN,0,25,0
Nigeria,"Population, female (% of total population)",SP.POP.TOTL.FE.ZS,0,25,0
Nigeria,"Population, male",SP.POP.TOTL.MA.IN,0,25,0
Nigeria,"Population, male (% of total population)",SP.POP.TOTL.MA.ZS,0,25,0
Nigeria,Ratio of female to male labor force participation rate (%) (national estimate),SL.TLF.CACT.FM.NE.ZS,0,25,0
Nigeria,"Unemployment, youth female (% of female labor force ages 15-24) (national estimate)",SL.UEM.1524.FE.NE.ZS,0,25,0
Nigeria,Wanted fertility rate (births per woman),SP.DYN.WFRT,0,25,0
Nigeria,"Women making their own informed decisions regarding sexual relations, contraceptive use and reproductive health care (% of women age 15-49)",SG.DMK.SRCR.FN.ZS,0,25,0
Nigeria,Women's share of population ages 15+ living with HIV (%),SH.DYN.AIDS.FE.ZS,0,25,0
Nigeria,"Contraceptive prevalence, any method (% of married women ages 15-49)",SP.DYN.CONU.ZS,0,25,0
Nigeria,Coverage of social insurance programs (% of population),per_si_allsi.cov_pop_tot,0,25,0
Nigeria,Coverage of social safety net programs (% of population),per_sa_allsa.cov_pop_tot,0,25,0
Nigeria,Demand for family planning satisfied by modern methods (% of married women with demand for family planning),SH.FPL.SATM.ZS,0,25,0
Nigeria,Diabetes prevalence (% of population ages 20 to 79),SH.STA.DIAB.ZS,0,25,0
Nigeria,"Life expectancy at birth, total (years)",SP.DYN.LE00.IN,0,25,0
Nigeria,"Life expectancy at birth, female (years)",SP.DYN.LE00.FE.IN,0,25,0
Nigeria,"Life expectancy at birth, male (years)",SP.DYN.LE00.MA.IN,0,25,0
Nigeria,"Nurses and midwives (per 1,000 people)",SH.MED.NUMW.P3,0,25,0
Nigeria,Prevalence of anemia among women of reproductive age (% of women ages 15-49),SH.ANM.ALLW.ZS,0,25,0
Nigeria,Prevalence of anemia among pregnant women (%),SH.PRG.ANEM,0,25,0
Nigeria,"Prevalence of HIV, female (% ages 15-24)",SH.HIV.1524.FE.ZS,0,25,0
Nigeria,"Prevalence of HIV, male (% ages 15-24)",SH.HIV.1524.MA.ZS,0,25,0
Nigeria,"Prevalence of HIV, total (% of population ages 15-49)",SH.DYN.AIDS.ZS,0,25,0
North Macedonia,Adjusted net national income (current US$),NY.ADJ.NNTY.CD,0,25,0
North Macedonia,"Adolescent fertility rate (births per 1,000 women ages 15-19)",SP.ADO.TFRT,0,25,0
North Macedonia,Gross savings (% of GDP),NY.GNS.ICTR.ZS,0,25,0
North Macedonia,"Inflation, consumer prices (annual %)",FP.CPI.TOTL.ZG,0,25,0
North Macedonia,"Labor force participation rate, female (% of female population ages 15+) (national estimate)",SL.TLF.CACT.FE.NE.ZS,0,25,0
North Macedonia,"Population, female",SP.POP.TOTL.FE.IN,0,25,0
North Macedonia,"Population, female (% of total population)",SP.POP.TOTL.FE.ZS,0,25,0
North Macedonia,"Population, male",SP.POP.TOTL.MA.IN,0,25,0
North Macedonia,"Population, male (% of total population)",SP.POP.TOTL.MA.ZS,0,25,0
North Macedonia,Ratio of female to male labor force participation rate (%) (national estimate),SL.TLF.CACT.FM.NE.ZS,0,25,0
North Macedonia,"Unemployment, youth female (% of female labor force ages 15-24) (national estimate)",SL.UEM.1524.FE.NE.ZS,0,25,0
North Macedonia,Wanted fertility rate (births per woman),SP.DYN.WFRT,0,25,0
North Macedonia,"Women making their own informed decisions regarding sexual relations, contraceptive use and reproductive health care (% of women age 15-49)",SG.DMK.SRCR.FN.ZS,0,25,0
North Macedonia,Women's share of population ages 15+ living with HIV (%),SH.DYN.AIDS.FE.ZS,0,25,0
North Macedonia,"Contraceptive prevalence, any method (% of married women ages 15-49)",SP.DYN.CONU.ZS,0,25,0
North Macedonia,Coverage of social insurance programs (% of population),per_si_allsi.cov_pop_tot,0,25,0
North Macedonia,Coverage of social safety net programs (% of population),per_sa_allsa.cov_pop_tot,0,25,0
North Macedonia,Demand for family planning satisfied by modern methods (% of married women with demand for family planning),SH.FPL.SATM.ZS,0,25,0
North Macedonia,Diabetes prevalence (% of population ages 20 to 79),SH.STA.DIAB.ZS,0,25,0
North Macedonia,"Life expectancy at birth, total (years)",SP.DYN.LE00.IN,0,25,0
North Macedonia,"Life expectancy at birth, female (years)",SP.DYN.LE00.FE.IN,0,25,0
North Macedonia,"Life expectancy at birth, male (years)",SP.DYN.LE00.MA.IN,0,25,0
North Macedonia,"Nurses and midwives (per 1,000 people)",SH.MED.NUMW.P3,0,25,0
North Macedonia,Prevalence of anemia among women of reproductive age (% of women ages 15-49),SH.ANM.ALLW.ZS,0,25,0
North Macedonia,Prevalence of anemia among pregnant women (%),SH.PRG.ANEM,0,25,0
North Macedonia,"Prevalence of HIV, female (% ages 15-24)",SH.HIV.1524.FE.ZS,0,25,0
North Macedonia,"Prevalence of HIV, male (% ages 15-24)",SH.HIV.1524.MA.ZS,0,25,0
North Macedonia,"Prevalence of HIV, total (% of population ages 15-49)",SH.DYN.AIDS.ZS,0,25,0
Northern Mariana Islands,Adjusted net national income (current US$),NY.ADJ.NNTY.CD,0,25,0
Northern Mariana Islands,"Adolescent fertility rate (births per 1,000 women ages 15-19)",SP.ADO.TFRT,0,25,0
Northern Mariana Islands,Gross savings (% of GDP),NY.GNS.ICTR.ZS,0,25,0
Northern Mariana Islands,"Inflation, consumer prices (annual %)",FP.CPI.TOTL.ZG,0,25,0
Northern Mariana Islands,"Labor force participation rate, female (% of female population ages 15+) (national estimate)",SL.TLF.CACT.FE.NE.ZS,0,25,0
Northern Mariana Islands,"Population, female",SP.POP.TOTL.FE.IN,0,25,0
Northern Mariana Islands,"Population, female (% of total population)",SP.POP.TOTL.FE.ZS,0,25,0
Northern Mariana Islands,"Population, male",SP.POP.TOTL.MA.IN,0,25,0
Northern Mariana Islands,"Population, male (% of total population)",SP.POP.TOTL.MA.ZS,0,25,0
Northern Mariana Islands,Ratio of female to male labor force participation rate (%) (national estimate),SL.TLF.CACT.FM.NE.ZS,0,25,0
Northern Mariana Islands,"Unemployment, youth female (% of female labor force ages 15-24) (national estimate)",SL.UEM.1524.FE.NE.ZS,0,25,0
Northern Mariana Islands,Wanted fertility rate (births per woman),SP.DYN.WFRT,0,25,0
Northern Mariana Islands,"Women making their own informed decisions regarding sexual relations, contraceptive use and reproductive health care (% of women age 15-49)",SG.DMK.SRCR.FN.ZS,0,25,0
Northern Mariana Islands,Women's share of population ages 15+ living with HIV (%),SH.DYN.AIDS.FE.ZS,0,25,0
Northern Mariana Islands,"Contraceptive prevalence, any method (% of married women ages 15-49)",SP.DYN.CONU.ZS,0,25,0
Northern Mariana Islands,Coverage of social insurance programs (% of population),per_si_allsi.cov_pop_tot,0,25,0
Northern Mariana Islands,Coverage of social safety net programs (% of population),per_sa_allsa.cov_pop_tot,0,25,0
Northern Mariana Islands,Demand for family planning satisfied by modern methods (% of married women with demand for family planning),SH.FPL.SATM.ZS,0,25,0
Northern Mariana Islands,Diabetes prevalence (% of population ages 20 to 79),SH.STA.DIAB.ZS,0,25,0
Northern Mariana Islands,"Life expectancy at birth, total (years)",SP.DYN.LE00.IN,0,25,0
Northern Mariana Islands,"Life expectancy at birth, female (years)",SP.DYN.LE00.FE.IN,0,25,0
Northern Mariana Islands,"Life expectancy at birth, male (years)",SP.DYN.LE00.MA.IN,0,25,0
Northern Mariana Islands,"Nurses and midwives (per 1,000 people)",SH.MED.NUMW.P3,0,25,0
Northern Mariana Islands,Prevalence of anemia among women of reproductive age (% of women ages 15-49),SH.ANM.ALLW.ZS,0,25,0
Northern Mariana Islands,Prevalence of anemia among pregnant women (%),SH.PRG.ANEM,0,25,0
Northern Mariana Islands,"Prevalence of HIV, female (% ages 15-24)",SH.HIV.1524.FE.ZS,0,25,0
Northern Mariana Islands,"Prevalence of HIV, male (% ages 15-24)",SH.HIV.1524.MA.ZS,0,25,0
Northern Mariana Islands,"Prevalence of HIV, total (% of population ages 15-49)",SH.DYN.AIDS.ZS,0,25,0
Norway,Adjusted net national income (current US$),NY.ADJ.NNTY.CD,0,25,0
Norway,"Adolescent fertility rate (births per 1,000 women ages 15-19)",SP.ADO.TFRT,0,25,0
Norway,Gross savings (% of GDP),NY.GNS.ICTR.ZS,0,25,0
Norway,"Inflation, consumer prices (annual %)",FP.CPI.TOTL.ZG,0,25,0
Norway,"Labor force participation rate, female (% of female population ages 15+) (national estimate)",SL.TLF.CACT.FE.NE.ZS,0,25,0
Norway,"Population, female",SP.POP.TOTL.FE.IN,0,25,0
Norway,"Population, female (% of total population)",SP.POP.TOTL.FE.ZS,0,25,0
Norway,"Population, male",SP.POP.TOTL.MA.IN,0,25,0
Norway,"Population, male (% of total population)",SP.POP.TOTL.MA.ZS,0,25,0
Norway,Ratio of female to male labor force participation rate (%) (national estimate),SL.TLF.CACT.FM.NE.ZS,0,25,0
Norway,"Unemployment, youth female (% of female labor force ages 15-24) (national estimate)",SL.UEM.1524.FE.NE.ZS,0,25,0
Norway,Wanted fertility rate (births per woman),SP.DYN.WFRT,0,25,0
Norway,"Women making their own informed decisions regarding sexual relations, contraceptive use and reproductive health care (% of women age 15-49)",SG.DMK.SRCR.FN.ZS,0,25,0
Norway,Women's share of population ages 15+ living with HIV (%),SH.DYN.AIDS.FE.ZS,0,25,0
Norway,"Contraceptive prevalence, any method (% of married women ages 15-49)",SP.DYN.CONU.ZS,0,25,0
Norway,Coverage of social insurance programs (% of population),per_si_allsi.cov_pop_tot,0,25,0
Norway,Coverage of social safety net programs (% of population),per_sa_allsa.cov_pop_tot,0,25,0
Norway,Demand for family planning satisfied by modern methods (% of married women with demand for family planning),SH.FPL.SATM.ZS,0,25,0
Norway,Diabetes prevalence (% of population ages 20 to 79),SH.STA.DIAB.ZS,0,25,0
Norway,"Life expectancy at birth, total (years)",SP.DYN.LE00.IN,0,25,0
Norway,"Life expectancy at birth, female (years)",SP.DYN.LE00.FE.IN,0,25,0
Norway,"Life expectancy at birth, male (years)",SP.DYN.LE00.MA.IN,0,25,0
Norway,"Nurses and midwives (per 1,000 people)",SH.MED.NUMW.P3,0,25,0
Norway,Prevalence of anemia among women of reproductive age (% of women ages 15-49),SH.ANM.ALLW.ZS,0,25,0
Norway,Prevalence of anemia among pregnant women (%),SH.PRG.ANEM,0,25,0
Norway,"Prevalence of HIV, female (% ages 15-24)",SH.HIV.1524.FE.ZS,0,25,0
Norway,"Prevalence of HIV, male (% ages 15-24)",SH.HIV.1524.MA.ZS,0,25,0
Norway,"Prevalence of HIV, total (% of population ages 15-49)",SH.DYN.AIDS.ZS,0,25,0
Oman,Adjusted net national income (current US$),NY.ADJ.NNTY.CD,0,25,0
Oman,"Adolescent fertility rate (births per 1,000 women ages 15-19)",SP.ADO.TFRT,0,25,0
Oman,Gross savings (% of GDP),NY.GNS.ICTR.ZS,0,25,0
Oman,"Inflation, consumer prices (annual %)",FP.CPI.TOTL.ZG,0,25,0
Oman,"Labor force participation rate, female (% of female population ages 15+) (national estimate)",SL.TLF.CACT.FE.NE.ZS,0,25,0
Oman,"Population, female",SP.POP.TOTL.FE.IN,0,25,0
Oman,"Population, female (% of total population)",SP.POP.TOTL.FE.ZS,0,25,0
Oman,"Population, male",SP.POP.TOTL.MA.IN,0,25,0
Oman,"Population, male (% of total population)",SP.POP.TOTL.MA.ZS,0,25,0
Oman,Ratio of female to male labor force participation rate (%) (national estimate),SL.TLF.CACT.FM.NE.ZS,0,25,0
Oman,"Unemployment, youth female (% of female labor force ages 15-24) (national estimate)",SL.UEM.1524.FE.NE.ZS,0,25,0
Oman,Wanted fertility rate (births per woman),SP.DYN.WFRT,0,25,0
Oman,"Women making their own informed decisions regarding sexual relations, contraceptive use and reproductive health care (% of women age 15-49)",SG.DMK.SRCR.FN.ZS,0,25,0
Oman,Women's share of population ages 15+ living with HIV (%),SH.DYN.AIDS.FE.ZS,0,25,0
Oman,"Contraceptive prevalence, any method (% of married women ages 15-49)",SP.DYN.CONU.ZS,0,25,0
Oman,Coverage of social insurance programs (% of population),per_si_allsi.cov_pop_tot,0,25,0
Oman,Coverage of social safety net programs (% of population),per_sa_allsa.cov_pop_tot,0,25,0
Oman,Demand for family planning satisfied by modern methods (% of married women with demand for family planning),SH.FPL.SATM.ZS,0,25,0
Oman,Diabetes prevalence (% of population ages 20 to 79),SH.STA.DIAB.ZS,0,25,0
Oman,"Life expectancy at birth, total (years)",SP.DYN.LE00.IN,0,25,0
Oman,"Life expectancy at birth, female (years)",SP.DYN.LE00.FE.IN,0,25,0
Oman,"Life expectancy at birth, male (years)",SP.DYN.LE00.MA.IN,0,25,0
Oman,"Nurses and midwives (per 1,000 people)",SH.MED.NUMW.P3,0,25,0
Oman,Prevalence of anemia among women of reproductive age (% of women ages 15-49),SH.ANM.ALLW.ZS,0,25,0
Oman,Prevalence of anemia among pregnant women (%),SH.PRG.ANEM,0,25,0
Oman,"Prevalence of HIV, female (% ages 15-24)",SH.HIV.1524.FE.ZS,0,25,0
Oman,"Prevalence of HIV, male (% ages 15-24)",SH.HIV.1524.MA.ZS,0,25,0
Oman,"Prevalence of HIV, total (% of population ages 15-49)",SH.DYN.AIDS.ZS,0,25,0
Pakistan,Adjusted net national income (current US$),NY.ADJ.NNTY.CD,0,25,0
Pakistan,"Adolescent fertility rate (births per 1,000 women ages 15-19)",SP.ADO.TFRT,0,25,0
Pakistan,Gross savings (% of GDP),NY.GNS.ICTR.ZS,0,25,0
Pakistan,"Inflation, consumer prices (annual %)",FP.CPI.TOTL.ZG,0,25,0
Pakistan,"Labor force participation rate, female (% of female population ages 15+) (national estimate)",SL.TLF.CACT.FE.NE.ZS,0,25,0
Pakistan,"Population, female",SP.POP.TOTL.FE.IN,0,25,0
Pakistan,"Population, female (% of total population)",SP.POP.TOTL.FE.ZS,0,25,0
Pakistan,"Population, male",SP.POP.TOTL.MA.IN,0,25,0
Pakistan,"Population, male (% of total population)",SP.POP.TOTL.MA.ZS,0,25,0
Pakistan,Ratio of female to male labor force participation rate (%) (national estimate),SL.TLF.CACT.FM.NE.ZS,0,25,0
Pakistan,"Unemployment, youth female (% of female labor force ages 15-24) (national estimate)",SL.UEM.1524.FE.NE.ZS,0,25,0
Pakistan,Wanted fertility rate (births per woman),SP.DYN.WFRT,0,25,0
Pakistan,"Women making their own informed decisions regarding sexual relations, contraceptive use and reproductive health care (% of women age 15-49)",SG.DMK.SRCR.FN.ZS,0,25,0
Pakistan,Women's share of population ages 15+ living with HIV (%),SH.DYN.AIDS.FE.ZS,0,25,0
Pakistan,"Contraceptive prevalence, any method (% of married women ages 15-49)",SP.DYN.CONU.ZS,0,25,0
Pakistan,Coverage of social insurance programs (% of population),per_si_allsi.cov_pop_tot,0,25,0
Pakistan,Coverage of social safety net programs (% of population),per_sa_allsa.cov_pop_tot,0,25,0
Pakistan,Demand for family planning satisfied by modern methods (% of married women with demand for family planning),SH.FPL.SATM.ZS,0,25,0
Pakistan,Diabetes prevalence (% of population ages 20 to 79),SH.STA.DIAB.ZS,0,25,0
Pakistan,"Life expectancy at birth, total (years)",SP.DYN.LE00.IN,0,25,0
Pakistan,"Life expectancy at birth, female (years)",SP.DYN.LE00.FE.IN,0,25,0
Pakistan,"Life expectancy at birth, male (years)",SP.DYN.LE00.MA.IN,0,25,0
Pakistan,"Nurses and midwives (per 1,000 people)",SH.MED.NUMW.P3,0,25,0
Pakistan,Prevalence of anemia among women of reproductive age (% of women ages 15-49),SH.ANM.ALLW.ZS,0,25,0
Pakistan,Prevalence of anemia among pregnant women (%),SH.PRG.ANEM,0,25,0
Pakistan,"Prevalence of HIV, female (% ages 15-24)",SH.HIV.1524.FE.ZS,0,25,0
Pakistan,"Prevalence of HIV, male (% ages 15-24)",SH.HIV.1524.MA.ZS,0,25,0
Pakistan,"Prevalence of HIV, total (% of population ages 15-49)",SH.DYN.AIDS.ZS,0,25,0
Palau,Adjusted net national income (current US$),NY.ADJ.NNTY.CD,0,25,0
Palau,"Adolescent fertility rate (births per 1,000 women ages 15-19)",SP.ADO.TFRT,0,25,0
Palau,Gross savings (% of GDP),NY.GNS.ICTR.ZS,0,25,0
Palau,"Inflation, consumer prices (annual %)",FP.CPI.TOTL.ZG,0,25,0
Palau,"Labor force participation rate, female (% of female population ages 15+) (national estimate)",SL.TLF.CACT.FE.NE.ZS,0,25,0
Palau,"Population, female",SP.POP.TOTL.FE.IN,0,25,0
Palau,"Population, female (% of total population)",SP.POP.TOTL.FE.ZS,0,25,0
Palau,"Population, male",SP.POP.TOTL.MA.IN,0,25,0
Palau,"Population, male (% of total population)",SP.POP.TOTL.MA.ZS,0,25,0
Palau,Ratio of female to male labor force participation rate (%) (national estimate),SL.TLF.CACT.FM.NE.ZS,0,25,0
Palau,"Unemployment, youth female (% of female labor force ages 15-24) (national estimate)",SL.UEM.1524.FE.NE.ZS,0,25,0
Palau,Wanted fertility rate (births per woman),SP.DYN.WFRT,0,25,0
Palau,"Women making their own informed decisions regarding sexual relations, contraceptive use and reproductive health care (% of women age 15-49)",SG.DMK.SRCR.FN.ZS,0,25,0
Palau,Women's share of population ages 15+ living with HIV (%),SH.DYN.AIDS.FE.ZS,0,25,0
Palau,"Contraceptive prevalence, any method (% of married women ages 15-49)",SP.DYN.CONU.ZS,0,25,0
Palau,Coverage of social insurance programs (% of population),per_si_allsi.cov_pop_tot,0,25,0
Palau,Coverage of social safety net programs (% of population),per_sa_allsa.cov_pop_tot,0,25,0
Palau,Demand for family planning satisfied by modern methods (% of married women with demand for family planning),SH.FPL.SATM.ZS,0,25,0
Palau,Diabetes prevalence (% of population ages 20 to 79),SH.STA.DIAB.ZS,0,25,0
Palau,"Life expectancy at birth, total (years)",SP.DYN.LE00.IN,0,25,0
Palau,"Life expectancy at birth, female (years)",SP.DYN.LE00.FE.IN,0,25,0
Palau,"Life expectancy at birth, male (years)",SP.DYN.LE00.MA.IN,0,25,0
Palau,"Nurses and midwives (per 1,000 people)",SH.MED.NUMW.P3,0,25,0
Palau,Prevalence of anemia among women of reproductive age (% of women ages 15-49),SH.ANM.ALLW.ZS,0,25,0
Palau,Prevalence of anemia among pregnant women (%),SH.PRG.ANEM,0,25,0
Palau,"Prevalence of HIV, female (% ages 15-24)",SH.HIV.1524.FE.ZS,0,25,0
Palau,"Prevalence of HIV, male (% ages 15-24)",SH.HIV.1524.MA.ZS,0,25,0
Palau,"Prevalence of HIV, total (% of population ages 15-49)",SH.DYN.AIDS.ZS,0,25,0
Panama,Adjusted net national income (current US$),NY.ADJ.NNTY.CD,0,25,0
Panama,"Adolescent fertility rate (births per 1,000 women ages 15-19)",SP.ADO.TFRT,0,25,0
Panama,Gross savings (% of GDP),NY.GNS.ICTR.ZS,0,25,0
Panama,"Inflation, consumer prices (annual %)",FP.CPI.TOTL.ZG,0,25,0
Panama,"Labor force participation rate, female (% of female population ages 15+) (national estimate)",SL.TLF.CACT.FE.NE.ZS,0,25,0
Panama,"Population, female",SP.POP.TOTL.FE.IN,0,25,0
Panama,"Population, female (% of total population)",SP.POP.TOTL.FE.ZS,0,25,0
Panama,"Population, male",SP.POP.TOTL.MA.IN,0,25,0
Panama,"Population, male (% of total population)",SP.POP.TOTL.MA.ZS,0,25,0
Panama,Ratio of female to male labor force participation rate (%) (national estimate),SL.TLF.CACT.FM.NE.ZS,0,25,0
Panama,"Unemployment, youth female (% of female labor force ages 15-24) (national estimate)",SL.UEM.1524.FE.NE.ZS,0,25,0
Panama,Wanted fertility rate (births per woman),SP.DYN.WFRT,0,25,0
Panama,"Women making their own informed decisions regarding sexual relations, contraceptive use and reproductive health care (% of women age 15-49)",SG.DMK.SRCR.FN.ZS,0,25,0
Panama,Women's share of population ages 15+ living with HIV (%),SH.DYN.AIDS.FE.ZS,0,25,0
Panama,"Contraceptive prevalence, any method (% of married women ages 15-49)",SP.DYN.CONU.ZS,0,25,0
Panama,Coverage of social insurance programs (% of population),per_si_allsi.cov_pop_tot,0,25,0
Panama,Coverage of social safety net programs (% of population),per_sa_allsa.cov_pop_tot,0,25,0
Panama,Demand for family planning satisfied by modern methods (% of married women with demand for family planning),SH.FPL.SATM.ZS,0,25,0
Panama,Diabetes prevalence (% of population ages 20 to 79),SH.STA.DIAB.ZS,0,25,0
Panama,"Life expectancy at birth, total (years)",SP.DYN.LE00.IN,0,25,0
Panama,"Life expectancy at birth, female (years)",SP.DYN.LE00.FE.IN,0,25,0
Panama,"Life expectancy at birth, male (years)",SP.DYN.LE00.MA.IN,0,25,0
Panama,"Nurses and midwives (per 1,000 people)",SH.MED.NUMW.P3,0,25,0
Panama,Prevalence of anemia among women of reproductive age (% of women ages 15-49),SH.ANM.ALLW.ZS,0,25,0
Panama,Prevalence of anemia among pregnant women (%),SH.PRG.ANEM,0,25,0
Panama,"Prevalence of HIV, female (% ages 15-24)",SH.HIV.1524.FE.ZS,0,25,0
Panama,"Prevalence of HIV, male (% ages 15-24)",SH.HIV.1524.MA.ZS,0,25,0
Panama,"Prevalence of HIV, total (% of population ages 15-49)",SH.DYN.AIDS.ZS,0,25,0
Papua New Guinea,Adjusted net national income (current US$),NY.ADJ.NNTY.CD,0,25,0
Papua New Guinea,"Adolescent fertility rate (births per 1,000 women ages 15-19)",SP.ADO.TFRT,0,25,0
Papua New Guinea,Gross savings (% of GDP),NY.GNS.ICTR.ZS,0,25,0
Papua New Guinea,"Inflation, consumer prices (annual %)",FP.CPI.TOTL.ZG,0,25,0
Papua New Guinea,"Labor force participation rate, female (% of female population ages 15+) (national estimate)",SL.TLF.CACT.FE.NE.ZS,0,25,0
Papua New Guinea,"Population, female",SP.POP.TOTL.FE.IN,0,25,0
Papua New Guinea,"Population, female (% of total population)",SP.POP.TOTL.FE.ZS,0,25,0
Papua New Guinea,"Population, male",SP.POP.TOTL.MA.IN,0,25,0
Papua New Guinea,"Population, male (% of total population)",SP.POP.TOTL.MA.ZS,0,25,0
Papua New Guinea,Ratio of female to male labor force participation rate (%) (national estimate),SL.TLF.CACT.FM.NE.ZS,0,25,0
Papua New Guinea,"Unemployment, youth female (% of female labor force ages 15-24) (national estimate)",SL.UEM.1524.FE.NE.ZS,0,25,0
Papua New Guinea,Wanted fertility rate (births per woman),SP.DYN.WFRT,0,25,0
Papua New Guinea,"Women making their own informed decisions regarding sexual relations, contraceptive use and reproductive health care (% of women age 15-49)",SG.DMK.SRCR.FN.ZS,0,25,0
Papua New Guinea,Women's share of population ages 15+ living with HIV (%),SH.DYN.AIDS.FE.ZS,0,25,0
Papua New Guinea,"Contraceptive prevalence, any method (% of married women ages 15-49)",SP.DYN.CONU.ZS,0,25,0
Papua New Guinea,Coverage of social insurance programs (% of population),per_si_allsi.cov_pop_tot,0,25,0
Papua New Guinea,Coverage of social safety net programs (% of population),per_sa_allsa.cov_pop_tot,0,25,0
Papua New Guinea,Demand for family planning satisfied by modern methods (% of married women with demand for family planning),SH.FPL.SATM.ZS,0,25,0
Papua New Guinea,Diabetes prevalence (% of population ages 20 to 79),SH.STA.DIAB.ZS,0,25,0
Papua New Guinea,"Life expectancy at birth, total (years)",SP.DYN.LE00.IN,0,25,0
Papua New Guinea,"Life expectancy at birth, female (years)",SP.DYN.LE00.FE.IN,0,25,0
Papua New Guinea,"Life expectancy at birth, male (years)",SP.DYN.LE00.MA.IN,0,25,0
Papua New Guinea,"Nurses and midwives (per 1,000 people)",SH.MED.NUMW.P3,0,25,0
Papua New Guinea,Prevalence of anemia among women of reproductive age (% of women ages 15-49),SH.ANM.ALLW.ZS,0,25,0
Papua New Guinea,Prevalence of anemia among pregnant women (%),SH.PRG.ANEM,0,25,0
Papua New Guinea,"Prevalence of HIV, female (% ages 15-24)",SH.HIV.1524.FE.ZS,0,25,0
Papua New Guinea,"Prevalence of HIV, male (% ages 15-24)",SH.HIV.1524.MA.ZS,0,25,0
Papua New Guinea,"Prevalence of HIV, total (% of population ages 15-49)",SH.DYN.AIDS.ZS,0,25,0
Paraguay,Adjusted net national income (current US$),NY.ADJ.NNTY.CD,0,25,0
Paraguay,"Adolescent fertility rate (births per 1,000 women ages 15-19)",SP.ADO.TFRT,0,25,0
Paraguay,Gross savings (% of GDP),NY.GNS.ICTR.ZS,0,25,0
Paraguay,"Inflation, consumer prices (annual %)",FP.CPI.TOTL.ZG,0,25,0
Paraguay,"Labor force participation rate, female (% of female population ages 15+) (national estimate)",SL.TLF.CACT.FE.NE.ZS,0,25,0
Paraguay,"Population, female",SP.POP.TOTL.FE.IN,0,25,0
Paraguay,"Population, female (% of total population)",SP.POP.TOTL.FE.ZS,0,25,0
Paraguay,"Population, male",SP.POP.TOTL.MA.IN,0,25,0
Paraguay,"Population, male (% of total population)",SP.POP.TOTL.MA.ZS,0,25,0
Paraguay,Ratio of female to male labor force participation rate (%) (national estimate),SL.TLF.CACT.FM.NE.ZS,0,25,0
Paraguay,"Unemployment, youth female (% of female labor force ages 15-24) (national estimate)",SL.UEM.1524.FE.NE.ZS,0,25,0
Paraguay,Wanted fertility rate (births per woman),SP.DYN.WFRT,0,25,0
Paraguay,"Women making their own informed decisions regarding sexual relations, contraceptive use and reproductive health care (% of women age 15-49)",SG.DMK.SRCR.FN.ZS,0,25,0
Paraguay,Women's share of population ages 15+ living with HIV (%),SH.DYN.AIDS.FE.ZS,0,25,0
Paraguay,"Contraceptive prevalence, any method (% of married women ages 15-49)",SP.DYN.CONU.ZS,0,25,0
Paraguay,Coverage of social insurance programs (% of population),per_si_allsi.cov_pop_tot,0,25,0
Paraguay,Coverage of social safety net programs (% of population),per_sa_allsa.cov_pop_tot,0,25,0
Paraguay,Demand for family planning satisfied by modern methods (% of married women with demand for family planning),SH.FPL.SATM.ZS,0,25,0
Paraguay,Diabetes prevalence (% of population ages 20 to 79),SH.STA.DIAB.ZS,0,25,0
Paraguay,"Life expectancy at birth, total (years)",SP.DYN.LE00.IN,0,25,0
Paraguay,"Life expectancy at birth, female (years)",SP.DYN.LE00.FE.IN,0,25,0
Paraguay,"Life expectancy at birth, male (years)",SP.DYN.LE00.MA.IN,0,25,0
Paraguay,"Nurses and midwives (per 1,000 people)",SH.MED.NUMW.P3,0,25,0
Paraguay,Prevalence of anemia among women of reproductive age (% of women ages 15-49),SH.ANM.ALLW.ZS,0,25,0
Paraguay,Prevalence of anemia among pregnant women (%),SH.PRG.ANEM,0,25,0
Paraguay,"Prevalence of HIV, female (% ages 15-24)",SH.HIV.1524.FE.ZS,0,25,0
Paraguay,"Prevalence of HIV, male (% ages 15-24)",SH.HIV.1524.MA.ZS,0,25,0
Paraguay,"Prevalence of HIV, total (% of population ages 15-49)",SH.DYN.AIDS.ZS,0,25,0
Peru,Adjusted net national income (current US$),NY.ADJ.NNTY.CD,0,25,0
Peru,"Adolescent fertility rate (births per 1,000 women ages 15-19)",SP.ADO.TFRT,0,25,0
Peru,Gross savings (% of GDP),NY.GNS.ICTR.ZS,0,25,0
Peru,"Inflation, consumer prices (annual %)",FP.CPI.TOTL.ZG,0,25,0
Peru,"Labor force participation rate, female (% of female population ages 15+) (national estimate)",SL.TLF.CACT.FE.NE.ZS,0,25,0
Peru,"Population, female",SP.POP.TOTL.FE.IN,0,25,0
Peru,"Population, female (% of total population)",SP.POP.TOTL.FE.ZS,0,25,0
Peru,"Population, male",SP.POP.TOTL.MA.IN,0,25,0
Peru,"Population, male (% of total population)",SP.POP.TOTL.MA.ZS,0,25,0
Peru,Ratio of female to male labor force participation rate (%) (national estimate),SL.TLF.CACT.FM.NE.ZS,0,25,0
Peru,"Unemployment, youth female (% of female labor force ages 15-24) (national estimate)",SL.UEM.1524.FE.NE.ZS,0,25,0
Peru,Wanted fertility rate (births per woman),SP.DYN.WFRT,0,25,0
Peru,"Women making their own informed decisions regarding sexual relations, contraceptive use and reproductive health care (% of women age 15-49)",SG.DMK.SRCR.FN.ZS,0,25,0
Peru,Women's share of population ages 15+ living with HIV (%),SH.DYN.AIDS.FE.ZS,0,25,0
Peru,"Contraceptive prevalence, any method (% of married women ages 15-49)",SP.DYN.CONU.ZS,0,25,0
Peru,Coverage of social insurance programs (% of population),per_si_allsi.cov_pop_tot,0,25,0
Peru,Coverage of social safety net programs (% of population),per_sa_allsa.cov_pop_tot,0,25,0
Peru,Demand for family planning satisfied by modern methods (% of married women with demand for family planning),SH.FPL.SATM.ZS,0,25,0
Peru,Diabetes prevalence (% of population ages 20 to 79),SH.STA.DIAB.ZS,0,25,0
Peru,"Life expectancy at birth, total (years)",SP.DYN.LE00.IN,0,25,0
Peru,"Life expectancy at birth, female (years)",SP.DYN.LE00.FE.IN,0,25,0
Peru,"Life expectancy at birth, male (years)",SP.DYN.LE00.MA.IN,0,25,0
Peru,"Nurses and midwives (per 1,000 people)",SH.MED.NUMW.P3,0,25,0
Peru,Prevalence of anemia among women of reproductive age (% of women ages 15-49),SH.ANM.ALLW.ZS,0,25,0
Peru,Prevalence of anemia among pregnant women (%),SH.PRG.ANEM,0,25,0
Peru,"Prevalence of HIV, female (% ages 15-24)",SH.HIV.1524.FE.ZS,0,25,0
Peru,"Prevalence of HIV, male (% ages 15-24)",SH.HIV.1524.MA.ZS,0,25,0
Peru,"Prevalence of HIV, total (% of population ages 15-49)",SH.DYN.AIDS.ZS,0,25,0
Philippines,Adjusted net national income (current US$),NY.ADJ.NNTY.CD,0,25,0
Philippines,"Adolescent fertility rate (births per 1,000 women ages 15-19)",SP.ADO.TFRT,0,25,0
Philippines,Gross savings (% of GDP),NY.GNS.ICTR.ZS,0,25,0
Philippines,"Inflation, consumer prices (annual %)",FP.CPI.TOTL.ZG,0,25,0
Philippines,"Labor force participation rate, female (% of female population ages 15+) (national estimate)",SL.TLF.CACT.FE.NE.ZS,0,25,0
Philippines,"Population, female",SP.POP.TOTL.FE.IN,0,25,0
Philippines,"Population, female (% of total population)",SP.POP.TOTL.FE.ZS,0,25,0
Philippines,"Population, male",SP.POP.TOTL.MA.IN,0,25,0
Philippines,"Population, male (% of total population)",SP.POP.TOTL.MA.ZS,0,25,0
Philippines,Ratio of female to male labor force participation rate (%) (national estimate),SL.TLF.CACT.FM.NE.ZS,0,25,0
Philippines,"Unemployment, youth female (% of female labor force ages 15-24) (national estimate)",SL.UEM.1524.FE.NE.ZS,0,25,0
Philippines,Wanted fertility rate (births per woman),SP.DYN.WFRT,0,25,0
Philippines,"Women making their own informed decisions regarding sexual relations, contraceptive use and reproductive health care (% of women age 15-49)",SG.DMK.SRCR.FN.ZS,0,25,0
Philippines,Women's share of population ages 15+ living with HIV (%),SH.DYN.AIDS.FE.ZS,0,25,0
Philippines,"Contraceptive prevalence, any method (% of married women ages 15-49)",SP.DYN.CONU.ZS,0,25,0
Philippines,Coverage of social insurance programs (% of population),per_si_allsi.cov_pop_tot,0,25,0
Philippines,Coverage of social safety net programs (% of population),per_sa_allsa.cov_pop_tot,0,25,0
Philippines,Demand for family planning satisfied by modern methods (% of married women with demand for family planning),SH.FPL.SATM.ZS,0,25,0
Philippines,Diabetes prevalence (% of population ages 20 to 79),SH.STA.DIAB.ZS,0,25,0
Philippines,"Life expectancy at birth, total (years)",SP.DYN.LE00.IN,0,25,0
Philippines,"Life expectancy at birth, female (years)",SP.DYN.LE00.FE.IN,0,25,0
Philippines,"Life expectancy at birth, male (years)",SP.DYN.LE00.MA.IN,0,25,0
Philippines,"Nurses and midwives (per 1,000 people)",SH.MED.NUMW.P3,0,25,0
Philippines,Prevalence of anemia among women of reproductive age (% of women ages 15-49),SH.ANM.ALLW.ZS,0,25,0
Philippines,Prevalence of anemia among pregnant women (%),SH.PRG.ANEM,0,25,0
Philippines,"Prevalence of HIV, female (% ages 15-24)",SH.HIV.1524.FE.ZS,0,25,0
Philippines,"Prevalence of HIV, male (% ages 15-24)",SH.HIV.1524.MA.ZS,0,25,0
Philippines,"Prevalence of HIV, total (% of population ages 15-49)",SH.DYN.AIDS.ZS,0,25,0
Poland,Adjusted net national income (current US$),NY.ADJ.NNTY.CD,0,25,0
Poland,"Adolescent fertility rate (births per 1,000 women ages 15-19)",SP.ADO.TFRT,0,25,0
Poland,Gross savings (% of GDP),NY.GNS.ICTR.ZS,0,25,0
Poland,"Inflation, consumer prices (annual %)",FP.CPI.TOTL.ZG,0,25,0
Poland,"Labor force participation rate, female (% of female population ages 15+) (national estimate)",SL.TLF.CACT.FE.NE.ZS,0,25,0
Poland,"Population, female",SP.POP.TOTL.FE.IN,0,25,0
Poland,"Population, female (% of total population)",SP.POP.TOTL.FE.ZS,0,25,0
Poland,"Population, male",SP.POP.TOTL.MA.IN,0,25,0
Poland,"Population, male (% of total population)",SP.POP.TOTL.MA.ZS,0,25,0
Poland,Ratio of female to male labor force participation rate (%) (national estimate),SL.TLF.CACT.FM.NE.ZS,0,25,0
Poland,"Unemployment, youth female (% of female labor force ages 15-24) (national estimate)",SL.UEM.1524.FE.NE.ZS,0,25,0
Poland,Wanted fertility rate (births per woman),SP.DYN.WFRT,0,25,0
Poland,"Women making their own informed decisions regarding sexual relations, contraceptive use and reproductive health care (% of women age 15-49)",SG.DMK.SRCR.FN.ZS,0,25,0
Poland,Women's share of population ages 15+ living with HIV (%),SH.DYN.AIDS.FE.ZS,0,25,0
Poland,"Contraceptive prevalence, any method (% of married women ages 15-49)",SP.DYN.CONU.ZS,0,25,0
Poland,Coverage of social insurance programs (% of population),per_si_allsi.cov_pop_tot,0,25,0
Poland,Coverage of social safety net programs (% of population),per_sa_allsa.cov_pop_tot,0,25,0
Poland,Demand for family planning satisfied by modern methods (% of married women with demand for family planning),SH.FPL.SATM.ZS,0,25,0
Poland,Diabetes prevalence (% of population ages 20 to 79),SH.STA.DIAB.ZS,0,25,0
Poland,"Life expectancy at birth, total (years)",SP.DYN.LE00.IN,0,25,0
Poland,"Life expectancy at birth, female (years)",SP.DYN.LE00.FE.IN,0,25,0
Poland,"Life expectancy at birth, male (years)",SP.DYN.LE00.MA.IN,0,25,0
Poland,"Nurses and midwives (per 1,000 people)",SH.MED.NUMW.P3,0,25,0
Poland,Prevalence of anemia among women of reproductive age (% of women ages 15-49),SH.ANM.ALLW.ZS,0,25,0
Poland,Prevalence of anemia among pregnant women (%),SH.PRG.ANEM,0,25,0
Poland,"Prevalence of HIV, female (% ages 15-24)",SH.HIV.1524.FE.ZS,0,25,0
Poland,"Prevalence of HIV, male (% ages 15-24)",SH.HIV.1524.MA.ZS,0,25,0
Poland,"Prevalence of HIV, total (% of population ages 15-49)",SH.DYN.AIDS.ZS,0,25,0
Portugal,Adjusted net national income (current US$),NY.ADJ.NNTY.CD,0,25,0
Portugal,"Adolescent fertility rate (births per 1,000 women ages 15-19)",SP.ADO.TFRT,0,25,0
Portugal,Gross savings (% of GDP),NY.GNS.ICTR.ZS,0,25,0
Portugal,"Inflation, consumer prices (annual %)",FP.CPI.TOTL.ZG,0,25,0
Portugal,"Labor force participation rate, female (% of female population ages 15+) (national estimate)",SL.TLF.CACT.FE.NE.ZS,0,25,0
Portugal,"Population, female",SP.POP.TOTL.FE.IN,0,25,0
Portugal,"Population, female (% of total population)",SP.POP.TOTL.FE.ZS,0,25,0
Portugal,"Population, male",SP.POP.TOTL.MA.IN,0,25,0
Portugal,"Population, male (% of total population)",SP.POP.TOTL.MA.ZS,0,25,0
Portugal,Ratio of female to male labor force participation rate (%) (national estimate),SL.TLF.CACT.FM.NE.ZS,0,25,0
Portugal,"Unemployment, youth female (% of female labor force ages 15-24) (national estimate)",SL.UEM.1524.FE.NE.ZS,0,25,0
Portugal,Wanted fertility rate (births per woman),SP.DYN.WFRT,0,25,0
Portugal,"Women making their own informed decisions regarding sexual relations, contraceptive use and reproductive health care (% of women age 15-49)",SG.DMK.SRCR.FN.ZS,0,25,0
Portugal,Women's share of population ages 15+ living with HIV (%),SH.DYN.AIDS.FE.ZS,0,25,0
Portugal,"Contraceptive prevalence, any method (% of married women ages 15-49)",SP.DYN.CONU.ZS,0,25,0
Portugal,Coverage of social insurance programs (% of population),per_si_allsi.cov_pop_tot,0,25,0
Portugal,Coverage of social safety net programs (% of population),per_sa_allsa.cov_pop_tot,0,25,0
Portugal,Demand for family planning satisfied by modern methods (% of married women with demand for family planning),SH.FPL.SATM.ZS,0,25,0
Portugal,Diabetes prevalence (% of population ages 20 to 79),SH.STA.DIAB.ZS,0,25,0
Portugal,"Life expectancy at birth, total (years)",SP.DYN.LE00.IN,0,25,0
Portugal,"Life expectancy at birth, female (years)",SP.DYN.LE00.FE.IN,0,25,0
Portugal,"Life expectancy at birth, male (years)",SP.DYN.LE00.MA.IN,0,25,0
Portugal,"Nurses and midwives (per 1,000 people)",SH.MED.NUMW.P3,0,25,0
Portugal,Prevalence of anemia among women of reproductive age (% of women ages 15-49),SH.ANM.ALLW.ZS,0,25,0
Portugal,Prevalence of anemia among pregnant women (%),SH.PRG.ANEM,0,25,0
Portugal,"Prevalence of HIV, female (% ages 15-24)",SH.HIV.1524.FE.ZS,0,25,0
Portugal,"Prevalence of HIV, male (% ages 15-24)",SH.HIV.1524.MA.ZS,0,25,0
Portugal,"Prevalence of HIV, total (% of population ages 15-49)",SH.DYN.AIDS.ZS,0,25,0
Puerto Rico (US),Adjusted net national income (current US$),NY.ADJ.NNTY.CD,0,25,0
Puerto Rico (US),"Adolescent fertility rate (births per 1,000 women ages 15-19)",SP.ADO.TFRT,0,25,0
Puerto Rico (US),Gross savings (% of GDP),NY.GNS.ICTR.ZS,0,25,0
Puerto Rico (US),"Inflation, consumer prices (annual %)",FP.CPI.TOTL.ZG,0,25,0
Puerto Rico (US),"Labor force participation rate, female (% of female population ages 15+) (national estimate)",SL.TLF.CACT.FE.NE.ZS,0,25,0
Puerto Rico (US),"Population, female",SP.POP.TOTL.FE.IN,0,25,0
Puerto Rico (US),"Population, female (% of total population)",SP.POP.TOTL.FE.ZS,0,25,0
Puerto Rico (US),"Population, male",SP.POP.TOTL.MA.IN,0,25,0
Puerto Rico (US),"Population, male (% of total population)",SP.POP.TOTL.MA.ZS,0,25,0
Puerto Rico (US),Ratio of female to male labor force participation rate (%) (national estimate),SL.TLF.CACT.FM.NE.ZS,0,25,0
Puerto Rico (US),"Unemployment, youth female (% of female labor force ages 15-24) (national estimate)",SL.UEM.1524.FE.NE.ZS,0,25,0
Puerto Rico (US),Wanted fertility rate (births per woman),SP.DYN.WFRT,0,25,0
Puerto Rico (US),"Women making their own informed decisions regarding sexual relations, contraceptive use and reproductive health care (% of women age 15-49)",SG.DMK.SRCR.FN.ZS,0,25,0
Puerto Rico (US),Women's share of population ages 15+ living with HIV (%),SH.DYN.AIDS.FE.ZS,0,25,0
Puerto Rico (US),"Contraceptive prevalence, any method (% of married women ages 15-49)",SP.DYN.CONU.ZS,0,25,0
Puerto Rico (US),Coverage of social insurance programs (% of population),per_si_allsi.cov_pop_tot,0,25,0
Puerto Rico (US),Coverage of social safety net programs (% of population),per_sa_allsa.cov_pop_tot,0,25,0
Puerto Rico (US),Demand for family planning satisfied by modern methods (% of married women with demand for family planning),SH.FPL.SATM.ZS,0,25,0
Puerto Rico (US),Diabetes prevalence (% of population ages 20 to 79),SH.STA.DIAB.ZS,0,25,0
Puerto Rico (US),"Life expectancy at birth, total (years)",SP.DYN.LE00.IN,0,25,0
Puerto Rico (US),"Life expectancy at birth, female (years)",SP.DYN.LE00.FE.IN,0,25,0
Puerto Rico (US),"Life expectancy at birth, male (years)",SP.DYN.LE00.MA.IN,0,25,0
Puerto Rico (US),"Nurses and midwives (per 1,000 people)",SH.MED.NUMW.P3,0,25,0
Puerto Rico (US),Prevalence of anemia among women of reproductive age (% of women ages 15-49),SH.ANM.ALLW.ZS,0,25,0
Puerto Rico (US),Prevalence of anemia among pregnant women (%),SH.PRG.ANEM,0,25,0
Puerto Rico (US),"Prevalence of HIV, female (% ages 15-24)",SH.HIV.1524.FE.ZS,0,25,0
Puerto Rico (US),"Prevalence of HIV, male (% ages 15-24)",SH.HIV.1524.MA.ZS,0,25,0
Puerto Rico (US),"Prevalence of HIV, total (% of population ages 15-49)",SH.DYN.AIDS.ZS,0,25,0
Qatar,Adjusted net national income (current US$),NY.ADJ.NNTY.CD,0,25,0
Qatar,"Adolescent fertility rate (births per 1,000 women ages 15-19)",SP.ADO.TFRT,0,25,0
Qatar,Gross savings (% of GDP),NY.GNS.ICTR.ZS,0,25,0
Qatar,"Inflation, consumer prices (annual %)",FP.CPI.TOTL.ZG,0,25,0
Qatar,"Labor force participation rate, female (% of female population ages 15+) (national estimate)",SL.TLF.CACT.FE.NE.ZS,0,25,0
Qatar,"Population, female",SP.POP.TOTL.FE.IN,0,25,0
Qatar,"Population, female (% of total population)",SP.POP.TOTL.FE.ZS,0,25,0
Qatar,"Population, male",SP.POP.TOTL.MA.IN,0,25,0
Qatar,"Population, male (% of total population)",SP.POP.TOTL.MA.ZS,0,25,0
Qatar,Ratio of female to male labor force participation rate (%) (national estimate),SL.TLF.CACT.FM.NE.ZS,0,25,0
Qatar,"Unemployment, youth female (% of female labor force ages 15-24) (national estimate)",SL.UEM.1524.FE.NE.ZS,0,25,0
Qatar,Wanted fertility rate (births per woman),SP.DYN.WFRT,0,25,0
Qatar,"Women making their own informed decisions regarding sexual relations, contraceptive use and reproductive health care (% of women age 15-49)",SG.DMK.SRCR.FN.ZS,0,25,0
Qatar,Women's share of population ages 15+ living with HIV (%),SH.DYN.AIDS.FE.ZS,0,25,0
Qatar,"Contraceptive prevalence, any method (% of married women ages 15-49)",SP.DYN.CONU.ZS,0,25,0
Qatar,Coverage of social insurance programs (% of population),per_si_allsi.cov_pop_tot,0,25,0
Qatar,Coverage of social safety net programs (% of population),per_sa_allsa.cov_pop_tot,0,25,0
Qatar,Demand for family planning satisfied by modern methods (% of married women with demand for family planning),SH.FPL.SATM.ZS,0,25,0
Qatar,Diabetes prevalence (% of population ages 20 to 79),SH.STA.DIAB.ZS,0,25,0
Qatar,"Life expectancy at birth, total (years)",SP.DYN.LE00.IN,0,25,0
Qatar,"Life expectancy at birth, female (years)",SP.DYN.LE00.FE.IN,0,25,0
Qatar,"Life expectancy at birth, male (years)",SP.DYN.LE00.MA.IN,0,25,0
Qatar,"Nurses and midwives (per 1,000 people)",SH.MED.NUMW.P3,0,25,0
Qatar,Prevalence of anemia among women of reproductive age (% of women ages 15-49),SH.ANM.ALLW.ZS,0,25,0
Qatar,Prevalence of anemia among pregnant women (%),SH.PRG.ANEM,0,25,0
Qatar,"Prevalence of HIV, female (% ages 15-24)",SH.HIV.1524.FE.ZS,0,25,0
Qatar,"Prevalence of HIV, male (% ages 15-24)",SH.HIV.1524.MA.ZS,0,25,0
Qatar,"Prevalence of HIV, total (% of population ages 15-49)",SH.DYN.AIDS.ZS,0,25,0
Romania,Adjusted net national income (current US$),NY.ADJ.NNTY.CD,0,25,0
Romania,"Adolescent fertility rate (births per 1,000 women ages 15-19)",SP.ADO.TFRT,0,25,0
Romania,Gross savings (% of GDP),NY.GNS.ICTR.ZS,0,25,0
Romania,"Inflation, consumer prices (annual %)",FP.CPI.TOTL.ZG,0,25,0
Romania,"Labor force participation rate, female (% of female population ages 15+) (national estimate)",SL.TLF.CACT.FE.NE.ZS,0,25,0
Romania,"Population, female",SP.POP.TOTL.FE.IN,0,25,0
Romania,"Population, female (% of total population)",SP.POP.TOTL.FE.ZS,0,25,0
Romania,"Population, male",SP.POP.TOTL.MA.IN,0,25,0
Romania,"Population, male (% of total population)",SP.POP.TOTL.MA.ZS,0,25,0
Romania,Ratio of female to male labor force participation rate (%) (national estimate),SL.TLF.CACT.FM.NE.ZS,0,25,0
Romania,"Unemployment, youth female (% of female labor force ages 15-24) (national estimate)",SL.UEM.1524.FE.NE.ZS,0,25,0
Romania,Wanted fertility rate (births per woman),SP.DYN.WFRT,0,25,0
Romania,"Women making their own informed decisions regarding sexual relations, contraceptive use and reproductive health care (% of women age 15-49)",SG.DMK.SRCR.FN.ZS,0,25,0
Romania,Women's share of population ages 15+ living with HIV (%),SH.DYN.AIDS.FE.ZS,0,25,0
Romania,"Contraceptive prevalence, any method (% of married women ages 15-49)",SP.DYN.CONU.ZS,0,25,0
Romania,Coverage of social insurance programs (% of population),per_si_allsi.cov_pop_tot,0,25,0
Romania,Coverage of social safety net programs (% of population),per_sa_allsa.cov_pop_tot,0,25,0
Romania,Demand for family planning satisfied by modern methods (% of married women with demand for family planning),SH.FPL.SATM.ZS,0,25,0
Romania,Diabetes prevalence (% of population ages 20 to 79),SH.STA.DIAB.ZS,0,25,0
Romania,"Life expectancy at birth, total (years)",SP.DYN.LE00.IN,0,25,0
Romania,"Life expectancy at birth, female (years)",SP.DYN.LE00.FE.IN,0,25,0
Romania,"Life expectancy at birth, male (years)",SP.DYN.LE00.MA.IN,0,25,0
Romania,"Nurses and midwives (per 1,000 people)",SH.MED.NUMW.P3,0,25,0
Romania,Prevalence of anemia among women of reproductive age (% of women ages 15-49),SH.ANM.ALLW.ZS,0,25,0
Romania,Prevalence of anemia among pregnant women (%),SH.PRG.ANEM,0,25,0
Romania,"Prevalence of HIV, female (% ages 15-24)",SH.HIV.1524.FE.ZS,0,25,0
Romania,"Prevalence of HIV, male (% ages 15-24)",SH.HIV.1524.MA.ZS,0,25,0
Romania,"Prevalence of HIV, total (% of population ages 15-49)",SH.DYN.AIDS.ZS,0,25,0
Russian Federation,Adjusted net national income (current US$),NY.ADJ.NNTY.CD,0,25,0
Russian Federation,"Adolescent fertility rate (births per 1,000 women ages 15-19)",SP.ADO.TFRT,0,25,0
Russian Federation,Gross savings (% of GDP),NY.GNS.ICTR.ZS,0,25,0
Russian Federation,"Inflation, consumer prices (annual %)",FP.CPI.TOTL.ZG,0,25,0
Russian Federation,"Labor force participation rate, female (% of female population ages 15+) (national estimate)",SL.TLF.CACT.FE.NE.ZS,0,25,0
Russian Federation,"Population, female",SP.POP.TOTL.FE.IN,0,25,0
Russian Federation,"Population, female (% of total population)",SP.POP.TOTL.FE.ZS,0,25,0
Russian Federation,"Population, male",SP.POP.TOTL.MA.IN,0,25,0
Russian Federation,"Population, male (% of total population)",SP.POP.TOTL.MA.ZS,0,25,0
Russian Federation,Ratio of female to male labor force participation rate (%) (national estimate),SL.TLF.CACT.FM.NE.ZS,0,25,0
Russian Federation,"Unemployment, youth female (% of female labor force ages 15-24) (national estimate)",SL.UEM.1524.FE.NE.ZS,0,25,0
Russian Federation,Wanted fertility rate (births per woman),SP.DYN.WFRT,0,25,0
Russian Federation,"Women making their own informed decisions regarding sexual relations, contraceptive use and reproductive health care (% of women age 15-49)",SG.DMK.SRCR.FN.ZS,0,25,0
Russian Federation,Women's share of population ages 15+ living with HIV (%),SH.DYN.AIDS.FE.ZS,0,25,0
Russian Federation,"Contraceptive prevalence, any method (% of married women ages 15-49)",SP.DYN.CONU.ZS,0,25,0
Russian Federation,Coverage of social insurance programs (% of population),per_si_allsi.cov_pop_tot,0,25,0
Russian Federation,Coverage of social safety net programs (% of population),per_sa_allsa.cov_pop_tot,0,25,0
Russian Federation,Demand for family planning satisfied by modern methods (% of married women with demand for family planning),SH.FPL.SATM.ZS,0,25,0
Russian Federation,Diabetes prevalence (% of population ages 20 to 79),SH.STA.DIAB.ZS,0,25,0
Russian Federation,"Life expectancy at birth, total (years)",SP.DYN.LE00.IN,0,25,0
Russian Federation,"Life expectancy at birth, female (years)",SP.DYN.LE00.FE.IN,0,25,0
Russian Federation,"Life expectancy at birth, male (years)",SP.DYN.LE00.MA.IN,0,25,0
Russian Federation,"Nurses and midwives (per 1,000 people)",SH.MED.NUMW.P3,0,25,0
Russian Federation,Prevalence of anemia among women of reproductive age (% of women ages 15-49),SH.ANM.ALLW.ZS,0,25,0
Russian Federation,Prevalence of anemia among pregnant women (%),SH.PRG.ANEM,0,25,0
Russian Federation,"Prevalence of HIV, female (% ages 15-24)",SH.HIV.1524.FE.ZS,0,25,0
Russian Federation,"Prevalence of HIV, male (% ages 15-24)",SH.HIV.1524.MA.ZS,0,25,0
Russian Federation,"Prevalence of HIV, total (% of population ages 15-49)",SH.DYN.AIDS.ZS,0,25,0
Rwanda,Adjusted net national income (current US$),NY.ADJ.NNTY.CD,0,25,0
Rwanda,"Adolescent fertility rate (births per 1,000 women ages 15-19)",SP.ADO.TFRT,0,25,0
Rwanda,Gross savings (% of GDP),NY.GNS.ICTR.ZS,0,25,0
Rwanda,"Inflation, consumer prices (annual %)",FP.CPI.TOTL.ZG,0,25,0
Rwanda,"Labor force participation rate, female (% of female population ages 15+) (national estimate)",SL.TLF.CACT.FE.NE.ZS,0,25,0
Rwanda,"Population, female",SP.POP.TOTL.FE.IN,0,25,0
Rwanda,"Population, female (% of total population)",SP.POP.TOTL.FE.ZS,0,25,0
Rwanda,"Population, male",SP.POP.TOTL.MA.IN,0,25,0
Rwanda,"Population, male (% of total population)",SP.POP.TOTL.MA.ZS,0,25,0
Rwanda,Ratio of female to male labor force participation rate (%) (national estimate),SL.TLF.CACT.FM.NE.ZS,0,25,0
Rwanda,"Unemployment, youth female (% of female labor force ages 15-24) (national estimate)",SL.UEM.1524.FE.NE.ZS,0,25,0
Rwanda,Wanted fertility rate (births per woman),SP.DYN.WFRT,0,25,0
Rwanda,"Women making their own informed decisions regarding sexual relations, contraceptive use and reproductive health care (% of women age 15-49)",SG.DMK.SRCR.FN.ZS,0,25,0
Rwanda,Women's share of population ages 15+ living with HIV (%),SH.DYN.AIDS.FE.ZS,0,25,0
Rwanda,"Contraceptive prevalence, any method (% of married women ages 15-49)",SP.DYN.CONU.ZS,0,25,0
Rwanda,Coverage of social insurance programs (% of population),per_si_allsi.cov_pop_tot,0,25,0
Rwanda,Coverage of social safety net programs (% of population),per_sa_allsa.cov_pop_tot,0,25,0
Rwanda,Demand for family planning satisfied by modern methods (% of married women with demand for family planning),SH.FPL.SATM.ZS,0,25,0
Rwanda,Diabetes prevalence (% of population ages 20 to 79),SH.STA.DIAB.ZS,0,25,0
Rwanda,"Life expectancy at birth, total (years)",SP.DYN.LE00.IN,0,25,0
Rwanda,"Life expectancy at birth, female (years)",SP.DYN.LE00.FE.IN,0,25,0
Rwanda,"Life expectancy at birth, male (years)",SP.DYN.LE00.MA.IN,0,25,0
Rwanda,"Nurses and midwives (per 1,000 people)",SH.MED.NUMW.P3,0,25,0
Rwanda,Prevalence of anemia among women of reproductive age (% of women ages 15-49),SH.ANM.ALLW.ZS,0,25,0
Rwanda,Prevalence of anemia among pregnant women (%),SH.PRG.ANEM,0,25,0
Rwanda,"Prevalence of HIV, female (% ages 15-24)",SH.HIV.1524.FE.ZS,0,25,0
Rwanda,"Prevalence of HIV, male (% ages 15-24)",SH.HIV.1524.MA.ZS,0,25,0
Rwanda,"Prevalence of HIV, total (% of population ages 15-49)",SH.DYN.AIDS.ZS,0,25,0
Samoa,Adjusted net national income (current US$),NY.ADJ.NNTY.CD,0,25,0
Samoa,"Adolescent fertility rate (births per 1,000 women ages 15-19)",SP.ADO.TFRT,0,25,0
Samoa,Gross savings (% of GDP),NY.GNS.ICTR.ZS,0,25,0
Samoa,"Inflation, consumer prices (annual %)",FP.CPI.TOTL.ZG,0,25,0
Samoa,"Labor force participation rate, female (% of female population ages 15+) (national estimate)",SL.TLF.CACT.FE.NE.ZS,0,25,0
Samoa,"Population, female",SP.POP.TOTL.FE.IN,0,25,0
Samoa,"Population, female (% of total population)",SP.POP.TOTL.FE.ZS,0,25,0
Samoa,"Population, male",SP.POP.TOTL.MA.IN,0,25,0
Samoa,"Population, male (% of total population)",SP.POP.TOTL.MA.ZS,0,25,0
Samoa,Ratio of female to male labor force participation rate (%) (national estimate),SL.TLF.CACT.FM.NE.ZS,0,25,0
Samoa,"Unemployment, youth female (% of female labor force ages 15-24) (national estimate)",SL.UEM.1524.FE.NE.ZS,0,25,0
Samoa,Wanted fertility rate (births per woman),SP.DYN.WFRT,0,25,0
Samoa,"Women making their own informed decisions regarding sexual relations, contraceptive use and reproductive health care (% of women age 15-49)",SG.DMK.SRCR.FN.ZS,0,25,0
Samoa,Women's share of population ages 15+ living with HIV (%),SH.DYN.AIDS.FE.ZS,0,25,0
Samoa,"Contraceptive prevalence, any method (% of married women ages 15-49)",SP.DYN.CONU.ZS,0,25,0
Samoa,Coverage of social insurance programs (% of population),per_si_allsi.cov_pop_tot,0,25,0
Samoa,Coverage of social safety net programs (% of population),per_sa_allsa.cov_pop_tot,0,25,0
Samoa,Demand for family planning satisfied by modern methods (% of married women with demand for family planning),SH.FPL.SATM.ZS,0,25,0
Samoa,Diabetes prevalence (% of population ages 20 to 79),SH.STA.DIAB.ZS,0,25,0
Samoa,"Life expectancy at birth, total (years)",SP.DYN.LE00.IN,0,25,0
Samoa,"Life expectancy at birth, female (years)",SP.DYN.LE00.FE.IN,0,25,0
Samoa,"Life expectancy at birth, male (years)",SP.DYN.LE00.MA.IN,0,25,0
Samoa,"Nurses and midwives (per 1,000 people)",SH.MED.NUMW.P3,0,25,0
Samoa,Prevalence of anemia among women of reproductive age (% of women ages 15-49),SH.ANM.ALLW.ZS,0,25,0
Samoa,Prevalence of anemia among pregnant women (%),SH.PRG.ANEM,0,25,0
Samoa,"Prevalence of HIV, female (% ages 15-24)",SH.HIV.1524.FE.ZS,0,25,0
Samoa,"Prevalence of HIV, male (% ages 15-24)",SH.HIV.1524.MA.ZS,0,25,0
Samoa,"Prevalence of HIV, total (% of population ages 15-49)",SH.DYN.AIDS.ZS,0,25,0
San Marino,Adjusted net national income (current US$),NY.ADJ.NNTY.CD,0,25,0
San Marino,"Adolescent fertility rate (births per 1,000 women ages 15-19)",SP.ADO.TFRT,0,25,0
San Marino,Gross savings (% of GDP),NY.GNS.ICTR.ZS,0,25,0
San Marino,"Inflation, consumer prices (annual %)",FP.CPI.TOTL.ZG,0,25,0
San Marino,"Labor force participation rate, female (% of female population ages 15+) (national estimate)",SL.TLF.CACT.FE.NE.ZS,0,25,0
San Marino,"Population, female",SP.POP.TOTL.FE.IN,0,25,0
San Marino,"Population, female (% of total population)",SP.POP.TOTL.FE.ZS,0,25,0
San Marino,"Population, male",SP.POP.TOTL.MA.IN,0,25,0
San Marino,"Population, male (% of total population)",SP.POP.TOTL.MA.ZS,0,25,0
San Marino,Ratio of female to male labor force participation rate (%) (national estimate),SL.TLF.CACT.FM.NE.ZS,0,25,0
San Marino,"Unemployment, youth female (% of female labor force ages 15-24) (national estimate)",SL.UEM.1524.FE.NE.ZS,0,25,0
San Marino,Wanted fertility rate (births per woman),SP.DYN.WFRT,0,25,0
San Marino,"Women making their own informed decisions regarding sexual relations, contraceptive use and reproductive health care (% of women age 15-49)",SG.DMK.SRCR.FN.ZS,0,25,0
San Marino,Women's share of population ages 15+ living with HIV (%),SH.DYN.AIDS.FE.ZS,0,25,0
San Marino,"Contraceptive prevalence, any method (% of married women ages 15-49)",SP.DYN.CONU.ZS,0,25,0
San Marino,Coverage of social insurance programs (% of population),per_si_allsi.cov_pop_tot,0,25,0
San Marino,Coverage of social safety net programs (% of population),per_sa_allsa.cov_pop_tot,0,25,0
San Marino,Demand for family planning satisfied by modern methods (% of married women with demand for family planning),SH.FPL.SATM.ZS,0,25,0
San Marino,Diabetes prevalence (% of population ages 20 to 79),SH.STA.DIAB.ZS,0,25,0
San Marino,"Life expectancy at birth, total (years)",SP.DYN.LE00.IN,0,25,0
San Marino,"Life expectancy at birth, female (years)",SP.DYN.LE00.FE.IN,0,25,0
San Marino,"Life expectancy at birth, male (years)",SP.DYN.LE00.MA.IN,0,25,0
San Marino,"Nurses and midwives (per 1,000 people)",SH.MED.NUMW.P3,0,25,0
San Marino,Prevalence of anemia among women of reproductive age (% of women ages 15-49),SH.ANM.ALLW.ZS,0,25,0
San Marino,Prevalence of anemia among pregnant women (%),SH.PRG.ANEM,0,25,0
San Marino,"Prevalence of HIV, female (% ages 15-24)",SH.HIV.1524.FE.ZS,0,25,0
San Marino,"Prevalence of HIV, male (% ages 15-24)",SH.HIV.1524.MA.ZS,0,25,0
San Marino,"Prevalence of HIV, total (% of population ages 15-49)",SH.DYN.AIDS.ZS,0,25,0
Sao Tome and Principe,Adjusted net national income (current US$),NY.ADJ.NNTY.CD,0,25,0
Sao Tome and Principe,"Adolescent fertility rate (births per 1,000 women ages 15-19)",SP.ADO.TFRT,0,25,0
Sao Tome and Principe,Gross savings (% of GDP),NY.GNS.ICTR.ZS,0,25,0
Sao Tome and Principe,"Inflation, consumer prices (annual %)",FP.CPI.TOTL.ZG,0,25,0
Sao Tome and Principe,"Labor force participation rate, female (% of female population ages 15+) (national estimate)",SL.TLF.CACT.FE.NE.ZS,0,25,0
Sao Tome and Principe,"Population, female",SP.POP.TOTL.FE.IN,0,25,0
Sao Tome and Principe,"Population, female (% of total population)",SP.POP.TOTL.FE.ZS,0,25,0
Sao Tome and Principe,"Population, male",SP.POP.TOTL.MA.IN,0,25,0
Sao Tome and Principe,"Population, male (% of total population)",SP.POP.TOTL.MA.ZS,0,25,0
Sao Tome and Principe,Ratio of female to male labor force participation rate (%) (national estimate),SL.TLF.CACT.FM.NE.ZS,0,25,0
Sao Tome and Principe,"Unemployment, youth female (% of female labor force ages 15-24) (national estimate)",SL.UEM.1524.FE.NE.ZS,0,25,0
Sao Tome and Principe,Wanted fertility rate (births per woman),SP.DYN.WFRT,0,25,0
Sao Tome and Principe,"Women making their own informed decisions regarding sexual relations, contraceptive use and reproductive health care (% of women age 15-49)",SG.DMK.SRCR.FN.ZS,0,25,0
Sao Tome and Principe,Women's share of population ages 15+ living with HIV (%),SH.DYN.AIDS.FE.ZS,0,25,0
Sao Tome and Principe,"Contraceptive prevalence, any method (% of married women ages 15-49)",SP.DYN.CONU.ZS,0,25,0
Sao Tome and Principe,Coverage of social insurance programs (% of population),per_si_allsi.cov_pop_tot,0,25,0
Sao Tome and Principe,Coverage of social safety net programs (% of population),per_sa_allsa.cov_pop_tot,0,25,0
Sao Tome and Principe,Demand for family planning satisfied by modern methods (% of married women with demand for family planning),SH.FPL.SATM.ZS,0,25,0
Sao Tome and Principe,Diabetes prevalence (% of population ages 20 to 79),SH.STA.DIAB.ZS,0,25,0
Sao Tome and Principe,"Life expectancy at birth, total (years)",SP.DYN.LE00.IN,0,25,0
Sao Tome and Principe,"Life expectancy at birth, female (years)",SP.DYN.LE00.FE.IN,0,25,0
Sao Tome and Principe,"Life expectancy at birth, male (years)",SP.DYN.LE00.MA.IN,0,25,0
Sao Tome and Principe,"Nurses and midwives (per 1,000 people)",SH.MED.NUMW.P3,0,25,0
Sao Tome and Principe,Prevalence of anemia among women of reproductive age (% of women ages 15-49),SH.ANM.ALLW.ZS,0,25,0
Sao Tome and Principe,Prevalence of anemia among pregnant women (%),SH.PRG.ANEM,0,25,0
Sao Tome and Principe,"Prevalence of HIV, female (% ages 15-24)",SH.HIV.1524.FE.ZS,0,25,0
Sao Tome and Principe,"Prevalence of HIV, male (% ages 15-24)",SH.HIV.1524.MA.ZS,0,25,0
Sao Tome and Principe,"Prevalence of HIV, total (% of population ages 15-49)",SH.DYN.AIDS.ZS,0,25,0
Saudi Arabia,Adjusted net national income (current US$),NY.ADJ.NNTY.CD,0,25,0
Saudi Arabia,"Adolescent fertility rate (births per 1,000 women ages 15-19)",SP.ADO.TFRT,0,25,0
Saudi Arabia,Gross savings (% of GDP),NY.GNS.ICTR.ZS,0,25,0
Saudi Arabia,"Inflation, consumer prices (annual %)",FP.CPI.TOTL.ZG,0,25,0
Saudi Arabia,"Labor force participation rate, female (% of female population ages 15+) (national estimate)",SL.TLF.CACT.FE.NE.ZS,0,25,0
Saudi Arabia,"Population, female",SP.POP.TOTL.FE.IN,0,25,0
Saudi Arabia,"Population, female (% of total population)",SP.POP.TOTL.FE.ZS,0,25,0
Saudi Arabia,"Population, male",SP.POP.TOTL.MA.IN,0,25,0
Saudi Arabia,"Population, male (% of total population)",SP.POP.TOTL.MA.ZS,0,25,0
Saudi Arabia,Ratio of female to male labor force participation rate (%) (national estimate),SL.TLF.CACT.FM.NE.ZS,0,25,0
Saudi Arabia,"Unemployment, youth female (% of female labor force ages 15-24) (national estimate)",SL.UEM.1524.FE.NE.ZS,0,25,0
Saudi Arabia,Wanted fertility rate (births per woman),SP.DYN.WFRT,0,25,0
Saudi Arabia,"Women making their own informed decisions regarding sexual relations, contraceptive use and reproductive health care (% of women age 15-49)",SG.DMK.SRCR.FN.ZS,0,25,0
Saudi Arabia,Women's share of population ages 15+ living with HIV (%),SH.DYN.AIDS.FE.ZS,0,25,0
Saudi Arabia,"Contraceptive prevalence, any method (% of married women ages 15-49)",SP.DYN.CONU.ZS,0,25,0
Saudi Arabia,Coverage of social insurance programs (% of population),per_si_allsi.cov_pop_tot,0,25,0
Saudi Arabia,Coverage of social safety net programs (% of population),per_sa_allsa.cov_pop_tot,0,25,0
Saudi Arabia,Demand for family planning satisfied by modern methods (% of married women with demand for family planning),SH.FPL.SATM.ZS,0,25,0
Saudi Arabia,Diabetes prevalence (% of population ages 20 to 79),SH.STA.DIAB.ZS,0,25,0
Saudi Arabia,"Life expectancy at birth, total (years)",SP.DYN.LE00.IN,0,25,0
Saudi Arabia,"Life expectancy at birth, female (years)",SP.DYN.LE00.FE.IN,0,25,0
Saudi Arabia,"Life expectancy at birth, male (years)",SP.DYN.LE00.MA.IN,0,25,0
Saudi Arabia,"Nurses and midwives (per 1,000 people)",SH.MED.NUMW.P3,0,25,0
Saudi Arabia,Prevalence of anemia among women of reproductive age (% of women ages 15-49),SH.ANM.ALLW.ZS,0,25,0
Saudi Arabia,Prevalence of anemia among pregnant women (%),SH.PRG.ANEM,0,25,0
Saudi Arabia,"Prevalence of HIV, female (% ages 15-24)",SH.HIV.1524.FE.ZS,0,25,0
Saudi Arabia,"Prevalence of HIV, male (% ages 15-24)",SH.HIV.1524.MA.ZS,0,25,0
Saudi Arabia,"Prevalence of HIV, total (% of population ages 15-49)",SH.DYN.AIDS.ZS,0,25,0
Senegal,Adjusted net national income (current US$),NY.ADJ.NNTY.CD,0,25,0
Senegal,"Adolescent fertility rate (births per 1,000 women ages 15-19)",SP.ADO.TFRT,0,25,0
Senegal,Gross savings (% of GDP),NY.GNS.ICTR.ZS,0,25,0
Senegal,"Inflation, consumer prices (annual %)",FP.CPI.TOTL.ZG,0,25,0
Senegal,"Labor force participation rate, female (% of female population ages 15+) (national estimate)",SL.TLF.CACT.FE.NE.ZS,0,25,0
Senegal,"Population, female",SP.POP.TOTL.FE.IN,0,25,0
Senegal,"Population, female (% of total population)",SP.POP.TOTL.FE.ZS,0,25,0
Senegal,"Population, male",SP.POP.TOTL.MA.IN,0,25,0
Senegal,"Population, male (% of total population)",SP.POP.TOTL.MA.ZS,0,25,0
Senegal,Ratio of female to male labor force participation rate (%) (national estimate),SL.TLF.CACT.FM.NE.ZS,0,25,0
Senegal,"Unemployment, youth female (% of female labor force ages 15-24) (national estimate)",SL.UEM.1524.FE.NE.ZS,0,25,0
Senegal,Wanted fertility rate (births per woman),SP.DYN.WFRT,0,25,0
Senegal,"Women making their own informed decisions regarding sexual relations, contraceptive use and reproductive health care (% of women age 15-49)",SG.DMK.SRCR.FN.ZS,0,25,0
Senegal,Women's share of population ages 15+ living with HIV (%),SH.DYN.AIDS.FE.ZS,0,25,0
Senegal,"Contraceptive prevalence, any method (% of married women ages 15-49)",SP.DYN.CONU.ZS,0,25,0
Senegal,Coverage of social insurance programs (% of population),per_si_allsi.cov_pop_tot,0,25,0
Senegal,Coverage of social safety net programs (% of population),per_sa_allsa.cov_pop_tot,0,25,0
Senegal,Demand for family planning satisfied by modern methods (% of married women with demand for family planning),SH.FPL.SATM.ZS,0,25,0
Senegal,Diabetes prevalence (% of population ages 20 to 79),SH.STA.DIAB.ZS,0,25,0
Senegal,"Life expectancy at birth, total (years)",SP.DYN.LE00.IN,0,25,0
Senegal,"Life expectancy at birth, female (years)",SP.DYN.LE00.FE.IN,0,25,0
Senegal,"Life expectancy at birth, male (years)",SP.DYN.LE00.MA.IN,0,25,0
Senegal,"Nurses and midwives (per 1,000 people)",SH.MED.NUMW.P3,0,25,0
Senegal,Prevalence of anemia among women of reproductive age (% of women ages 15-49),SH.ANM.ALLW.ZS,0,25,0
Senegal,Prevalence of anemia among pregnant women (%),SH.PRG.ANEM,0,25,0
Senegal,"Prevalence of HIV, female (% ages 15-24)",SH.HIV.1524.FE.ZS,0,25,0
Senegal,"Prevalence of HIV, male (% ages 15-24)",SH.HIV.1524.MA.ZS,0,25,0
Senegal,"Prevalence of HIV, total (% of population ages 15-49)",SH.DYN.AIDS.ZS,0,25,0
Serbia,Adjusted net national income (current US$),NY.ADJ.NNTY.CD,0,25,0
Serbia,"Adolescent fertility rate (births per 1,000 women ages 15-19)",SP.ADO.TFRT,0,25,0
Serbia,Gross savings (% of GDP),NY.GNS.ICTR.ZS,0,25,0
Serbia,"Inflation, consumer prices (annual %)",FP.CPI.TOTL.ZG,0,25,0
Serbia,"Labor force participation rate, female (% of female population ages 15+) (national estimate)",SL.TLF.CACT.FE.NE.ZS,0,25,0
Serbia,"Population, female",SP.POP.TOTL.FE.IN,0,25,0
Serbia,"Population, female (% of total population)",SP.POP.TOTL.FE.ZS,0,25,0
Serbia,"Population, male",SP.POP.TOTL.MA.IN,0,25,0
Serbia,"Population, male (% of total population)",SP.POP.TOTL.MA.ZS,0,25,0
Serbia,Ratio of female to male labor force participation rate (%) (national estimate),SL.TLF.CACT.FM.NE.ZS,0,25,0
Serbia,"Unemployment, youth female (% of female labor force ages 15-24) (national estimate)",SL.UEM.1524.FE.NE.ZS,0,25,0
Serbia,Wanted fertility rate (births per woman),SP.DYN.WFRT,0,25,0
Serbia,"Women making their own informed decisions regarding sexual relations, contraceptive use and reproductive health care (% of women age 15-49)",SG.DMK.SRCR.FN.ZS,0,25,0
Serbia,Women's share of population ages 15+ living with HIV (%),SH.DYN.AIDS.FE.ZS,0,25,0
Serbia,"Contraceptive prevalence, any method (% of married women ages 15-49)",SP.DYN.CONU.ZS,0,25,0
Serbia,Coverage of social insurance programs (% of population),per_si_allsi.cov_pop_tot,0,25,0
Serbia,Coverage of social safety net programs (% of population),per_sa_allsa.cov_pop_tot,0,25,0
Serbia,Demand for family planning satisfied by modern methods (% of married women with demand for family planning),SH.FPL.SATM.ZS,0,25,0
Serbia,Diabetes prevalence (% of population ages 20 to 79),SH.STA.DIAB.ZS,0,25,0
Serbia,"Life expectancy at birth, total (years)",SP.DYN.LE00.IN,0,25,0
Serbia,"Life expectancy at birth, female (years)",SP.DYN.LE00.FE.IN,0,25,0
Serbia,"Life expectancy at birth, male (years)",SP.DYN.LE00.MA.IN,0,25,0
Serbia,"Nurses and midwives (per 1,000 people)",SH.MED.NUMW.P3,0,25,0
Serbia,Prevalence of anemia among women of reproductive age (% of women ages 15-49),SH.ANM.ALLW.ZS,0,25,0
Serbia,Prevalence of anemia among pregnant women (%),SH.PRG.ANEM,0,25,0
Serbia,"Prevalence of HIV, female (% ages 15-24)",SH.HIV.1524.FE.ZS,0,25,0
Serbia,"Prevalence of HIV, male (% ages 15-24)",SH.HIV.1524.MA.ZS,0,25,0
Serbia,"Prevalence of HIV, total (% of population ages 15-49)",SH.DYN.AIDS.ZS,0,25,0
Seychelles,Adjusted net national income (current US$),NY.ADJ.NNTY.CD,0,25,0
Seychelles,"Adolescent fertility rate (births per 1,000 women ages 15-19)",SP.ADO.TFRT,0,25,0
Seychelles,Gross savings (% of GDP),NY.GNS.ICTR.ZS,0,25,0
Seychelles,"Inflation, consumer prices (annual %)",FP.CPI.TOTL.ZG,0,25,0
Seychelles,"Labor force participation rate, female (% of female population ages 15+) (national estimate)",SL.TLF.CACT.FE.NE.ZS,0,25,0
Seychelles,"Population, female",SP.POP.TOTL.FE.IN,0,25,0
Seychelles,"Population, female (% of total population)",SP.POP.TOTL.FE.ZS,0,25,0
Seychelles,"Population, male",SP.POP.TOTL.MA.IN,0,25,0
Seychelles,"Population, male (% of total population)",SP.POP.TOTL.MA.ZS,0,25,0
Seychelles,Ratio of female to male labor force participation rate (%) (national estimate),SL.TLF.CACT.FM.NE.ZS,0,25,0
Seychelles,"Unemployment, youth female (% of female labor force ages 15-24) (national estimate)",SL.UEM.1524.FE.NE.ZS,0,25,0
Seychelles,Wanted fertility rate (births per woman),SP.DYN.WFRT,0,25,0
Seychelles,"Women making their own informed decisions regarding sexual relations, contraceptive use and reproductive health care (% of women age 15-49)",SG.DMK.SRCR.FN.ZS,0,25,0
Seychelles,Women's share of population ages 15+ living with HIV (%),SH.DYN.AIDS.FE.ZS,0,25,0
Seychelles,"Contraceptive prevalence, any method (% of married women ages 15-49)",SP.DYN.CONU.ZS,0,25,0
Seychelles,Coverage of social insurance programs (% of population),per_si_allsi.cov_pop_tot,0,25,0
Seychelles,Coverage of social safety net programs (% of population),per_sa_allsa.cov_pop_tot,0,25,0
Seychelles,Demand for family planning satisfied by modern methods (% of married women with demand for family planning),SH.FPL.SATM.ZS,0,25,0
Seychelles,Diabetes prevalence (% of population ages 20 to 79),SH.STA.DIAB.ZS,0,25,0
Seychelles,"Life expectancy at birth, total (years)",SP.DYN.LE00.IN,0,25,0
Seychelles,"Life expectancy at birth, female (years)",SP.DYN.LE00.FE.IN,0,25,0
Seychelles,"Life expectancy at birth, male (years)",SP.DYN.LE00.MA.IN,0,25,0
Seychelles,"Nurses and midwives (per 1,000 people)",SH.MED.NUMW.P3,0,25,0
Seychelles,Prevalence of anemia among women of reproductive age (% of women ages 15-49),SH.ANM.ALLW.ZS,0,25,0
Seychelles,Prevalence of anemia among pregnant women (%),SH.PRG.ANEM,0,25,0
Seychelles,"Prevalence of HIV, female (% ages 15-24)",SH.HIV.1524.FE.ZS,0,25,0
Seychelles,"Prevalence of HIV, male (% ages 15-24)",SH.HIV.1524.MA.ZS,0,25,0
Seychelles,"Prevalence of HIV, total (% of population ages 15-49)",SH.DYN.AIDS.ZS,0,25,0
Sierra Leone,Adjusted net national income (current US$),NY.ADJ.NNTY.CD,0,25,0
Sierra Leone,"Adolescent fertility rate (births per 1,000 women ages 15-19)",SP.ADO.TFRT,0,25,0
Sierra Leone,Gross savings (% of GDP),NY.GNS.ICTR.ZS,0,25,0
Sierra Leone,"Inflation, consumer prices (annual %)",FP.CPI.TOTL.ZG,0,25,0
Sierra Leone,"Labor force participation rate, female (% of female population ages 15+) (national estimate)",SL.TLF.CACT.FE.NE.ZS,0,25,0
Sierra Leone,"Population, female",SP.POP.TOTL.FE.IN,0,25,0
Sierra Leone,"Population, female (% of total population)",SP.POP.TOTL.FE.ZS,0,25,0
Sierra Leone,"Population, male",SP.POP.TOTL.MA.IN,0,25,0
Sierra Leone,"Population, male (% of total population)",SP.POP.TOTL.MA.ZS,0,25,0
Sierra Leone,Ratio of female to male labor force participation rate (%) (national estimate),SL.TLF.CACT.FM.NE.ZS,0,25,0
Sierra Leone,"Unemployment, youth female (% of female labor force ages 15-24) (national estimate)",SL.UEM.1524.FE.NE.ZS,0,25,0
Sierra Leone,Wanted fertility rate (births per woman),SP.DYN.WFRT,0,25,0
Sierra Leone,"Women making their own informed decisions regarding sexual relations, contraceptive use and reproductive health care (% of women age 15-49)",SG.DMK.SRCR.FN.ZS,0,25,0
Sierra Leone,Women's share of population ages 15+ living with HIV (%),SH.DYN.AIDS.FE.ZS,0,25,0
Sierra Leone,"Contraceptive prevalence, any method (% of married women ages 15-49)",SP.DYN.CONU.ZS,0,25,0
Sierra Leone,Coverage of social insurance programs (% of population),per_si_allsi.cov_pop_tot,0,25,0
Sierra Leone,Coverage of social safety net programs (% of population),per_sa_allsa.cov_pop_tot,0,25,0
Sierra Leone,Demand for family planning satisfied by modern methods (% of married women with demand for family planning),SH.FPL.SATM.ZS,0,25,0
Sierra Leone,Diabetes prevalence (% of population ages 20 to 79),SH.STA.DIAB.ZS,0,25,0
Sierra Leone,"Life expectancy at birth, total (years)",SP.DYN.LE00.IN,0,25,0
Sierra Leone,"Life expectancy at birth, female (years)",SP.DYN.LE00.FE.IN,0,25,0
Sierra Leone,"Life expectancy at birth, male (years)",SP.DYN.LE00.MA.IN,0,25,0
Sierra Leone,"Nurses and midwives (per 1,000 people)",SH.MED.NUMW.P3,0,25,0
Sierra Leone,Prevalence of anemia among women of reproductive age (% of women ages 15-49),SH.ANM.ALLW.ZS,0,25,0
Sierra Leone,Prevalence of anemia among pregnant women (%),SH.PRG.ANEM,0,25,0
Sierra Leone,"Prevalence of HIV, female (% ages 15-24)",SH.HIV.1524.FE.ZS,0,25,0
Sierra Leone,"Prevalence of HIV, male (% ages 15-24)",SH.HIV.1524.MA.ZS,0,25,0
Sierra Leone,"Prevalence of HIV, total (% of population ages 15-49)",SH.DYN.AIDS.ZS,0,25,0
Singapore,Adjusted net national income (current US$),NY.ADJ.NNTY.CD,0,25,0
Singapore,"Adolescent fertility rate (births per 1,000 women ages 15-19)",SP.ADO.TFRT,0,25,0
Singapore,Gross savings (% of GDP),NY.GNS.ICTR.ZS,0,25,0
Singapore,"Inflation, consumer prices (annual %)",FP.CPI.TOTL.ZG,0,25,0
Singapore,"Labor force participation rate, female (% of female population ages 15+) (national estimate)",SL.TLF.CACT.FE.NE.ZS,0,25,0
Singapore,"Population, female",SP.POP.TOTL.FE.IN,0,25,0
Singapore,"Population, female (% of total population)",SP.POP.TOTL.FE.ZS,0,25,0
Singapore,"Population, male",SP.POP.TOTL.MA.IN,0,25,0
Singapore,"Population, male (% of total population)",SP.POP.TOTL.MA.ZS,0,25,0
Singapore,Ratio of female to male labor force participation rate (%) (national estimate),SL.TLF.CACT.FM.NE.ZS,0,25,0
Singapore,"Unemployment, youth female (% of female labor force ages 15-24) (national estimate)",SL.UEM.1524.FE.NE.ZS,0,25,0
Singapore,Wanted fertility rate (births per woman),SP.DYN.WFRT,0,25,0
Singapore,"Women making their own informed decisions regarding sexual relations, contraceptive use and reproductive health care (% of women age 15-49)",SG.DMK.SRCR.FN.ZS,0,25,0
Singapore,Women's share of population ages 15+ living with HIV (%),SH.DYN.AIDS.FE.ZS,0,25,0
Singapore,"Contraceptive prevalence, any method (% of married women ages 15-49)",SP.DYN.CONU.ZS,0,25,0
Singapore,Coverage of social insurance programs (% of population),per_si_allsi.cov_pop_tot,0,25,0
Singapore,Coverage of social safety net programs (% of population),per_sa_allsa.cov_pop_tot,0,25,0
Singapore,Demand for family planning satisfied by modern methods (% of married women with demand for family planning),SH.FPL.SATM.ZS,0,25,0
Singapore,Diabetes prevalence (% of population ages 20 to 79),SH.STA.DIAB.ZS,0,25,0
Singapore,"Life expectancy at birth, total (years)",SP.DYN.LE00.IN,0,25,0
Singapore,"Life expectancy at birth, female (years)",SP.DYN.LE00.FE.IN,0,25,0
Singapore,"Life expectancy at birth, male (years)",SP.DYN.LE00.MA.IN,0,25,0
Singapore,"Nurses and midwives (per 1,000 people)",SH.MED.NUMW.P3,0,25,0
Singapore,Prevalence of anemia among women of reproductive age (% of women ages 15-49),SH.ANM.ALLW.ZS,0,25,0
Singapore,Prevalence of anemia among pregnant women (%),SH.PRG.ANEM,0,25,0
Singapore,"Prevalence of HIV, female (% ages 15-24)",SH.HIV.1524.FE.ZS,0,25,0
Singapore,"Prevalence of HIV, male (% ages 15-24)",SH.HIV.1524.MA.ZS,0,25,0
Singapore,"Prevalence of HIV, total (% of population ages 15-49)",SH.DYN.AIDS.ZS,0,25,0
Sint Maarten (Dutch part),Adjusted net national income (current US$),NY.ADJ.NNTY.CD,0,25,0
Sint Maarten (Dutch part),"Adolescent fertility rate (births per 1,000 women ages 15-19)",SP.ADO.TFRT,0,25,0
Sint Maarten (Dutch part),Gross savings (% of GDP),NY.GNS.ICTR.ZS,0,25,0
Sint Maarten (Dutch part),"Inflation, consumer prices (annual %)",FP.CPI.TOTL.ZG,0,25,0
Sint Maarten (Dutch part),"Labor force participation rate, female (% of female population ages 15+) (national estimate)",SL.TLF.CACT.FE.NE.ZS,0,25,0
Sint Maarten (Dutch part),"Population, female",SP.POP.TOTL.FE.IN,0,25,0
Sint Maarten (Dutch part),"Population, female (% of total population)",SP.POP.TOTL.FE.ZS,0,25,0
Sint Maarten (Dutch part),"Population, male",SP.POP.TOTL.MA.IN,0,25,0
Sint Maarten (Dutch part),"Population, male (% of total population)",SP.POP.TOTL.MA.ZS,0,25,0
Sint Maarten (Dutch part),Ratio of female to male labor force participation rate (%) (national estimate),SL.TLF.CACT.FM.NE.ZS,0,25,0
Sint Maarten (Dutch part),"Unemployment, youth female (% of female labor force ages 15-24) (national estimate)",SL.UEM.1524.FE.NE.ZS,0,25,0
Sint Maarten (Dutch part),Wanted fertility rate (births per woman),SP.DYN.WFRT,0,25,0
Sint Maarten (Dutch part),"Women making their own informed decisions regarding sexual relations, contraceptive use and reproductive health care (% of women age 15-49)",SG.DMK.SRCR.FN.ZS,0,25,0
Sint Maarten (Dutch part),Women's share of population ages 15+ living with HIV (%),SH.DYN.AIDS.FE.ZS,0,25,0
Sint Maarten (Dutch part),"Contraceptive prevalence, any method (% of married women ages 15-49)",SP.DYN.CONU.ZS,0,25,0
Sint Maarten (Dutch part),Coverage of social insurance programs (% of population),per_si_allsi.cov_pop_tot,0,25,0
Sint Maarten (Dutch part),Coverage of social safety net programs (% of population),per_sa_allsa.cov_pop_tot,0,25,0
Sint Maarten (Dutch part),Demand for family planning satisfied by modern methods (% of married women with demand for family planning),SH.FPL.SATM.ZS,0,25,0
Sint Maarten (Dutch part),Diabetes prevalence (% of population ages 20 to 79),SH.STA.DIAB.ZS,0,25,0
Sint Maarten (Dutch part),"Life expectancy at birth, total (years)",SP.DYN.LE00.IN,0,25,0
Sint Maarten (Dutch part),"Life expectancy at birth, female (years)",SP.DYN.LE00.FE.IN,0,25,0
Sint Maarten (Dutch part),"Life expectancy at birth, male (years)",SP.DYN.LE00.MA.IN,0,25,0
Sint Maarten (Dutch part),"Nurses and midwives (per 1,000 people)",SH.MED.NUMW.P3,0,25,0
Sint Maarten (Dutch part),Prevalence of anemia among women of reproductive age (% of women ages 15-49),SH.ANM.ALLW.ZS,0,25,0
Sint Maarten (Dutch part),Prevalence of anemia among pregnant women (%),SH.PRG.ANEM,0,25,0
Sint Maarten (Dutch part),"Prevalence of HIV, female (% ages 15-24)",SH.HIV.1524.FE.ZS,0,25,0
Sint Maarten (Dutch part),"Prevalence of HIV, male (% ages 15-24)",SH.HIV.1524.MA.ZS,0,25,0
Sint Maarten (Dutch part),"Prevalence of HIV, total (% of population ages 15-49)",SH.DYN.AIDS.ZS,0,25,0
Slovak Republic,Adjusted net national income (current US$),NY.ADJ.NNTY.CD,0,25,0
Slovak Republic,"Adolescent fertility rate (births per 1,000 women ages 15-19)",SP.ADO.TFRT,0,25,0
Slovak Republic,Gross savings (% of GDP),NY.GNS.ICTR.ZS,0,25,0
Slovak Republic,"Inflation, consumer prices (annual %)",FP.CPI.TOTL.ZG,0,25,0
Slovak Republic,"Labor force participation rate, female (% of female population ages 15+) (national estimate)",SL.TLF.CACT.FE.NE.ZS,0,25,0
Slovak Republic,"Population, female",SP.POP.TOTL.FE.IN,0,25,0
Slovak Republic,"Population, female (% of total population)",SP.POP.TOTL.FE.ZS,0,25,0
Slovak Republic,"Population, male",SP.POP.TOTL.MA.IN,0,25,0
Slovak Republic,"Population, male (% of total population)",SP.POP.TOTL.MA.ZS,0,25,0
Slovak Republic,Ratio of female to male labor force participation rate (%) (national estimate),SL.TLF.CACT.FM.NE.ZS,0,25,0
Slovak Republic,"Unemployment, youth female (% of female labor force ages 15-24) (national estimate)",SL.UEM.1524.FE.NE.ZS,0,25,0
Slovak Republic,Wanted fertility rate (births per woman),SP.DYN.WFRT,0,25,0
Slovak Republic,"Women making their own informed decisions regarding sexual relations, contraceptive use and reproductive health care (% of women age 15-49)",SG.DMK.SRCR.FN.ZS,0,25,0
Slovak Republic,Women's share of population ages 15+ living with HIV (%),SH.DYN.AIDS.FE.ZS,0,25,0
Slovak Republic,"Contraceptive prevalence, any method (% of married women ages 15-49)",SP.DYN.CONU.ZS,0,25,0
Slovak Republic,Coverage of social insurance programs (% of population),per_si_allsi.cov_pop_tot,0,25,0
Slovak Republic,Coverage of social safety net programs (% of population),per_sa_allsa.cov_pop_tot,0,25,0
Slovak Republic,Demand for family planning satisfied by modern methods (% of married women with demand for family planning),SH.FPL.SATM.ZS,0,25,0
Slovak Republic,Diabetes prevalence (% of population ages 20 to 79),SH.STA.DIAB.ZS,0,25,0
Slovak Republic,"Life expectancy at birth, total (years)",SP.DYN.LE00.IN,0,25,0
Slovak Republic,"Life expectancy at birth, female (years)",SP.DYN.LE00.FE.IN,0,25,0
Slovak Republic,"Life expectancy at birth, male (years)",SP.DYN.LE00.MA.IN,0,25,0
Slovak Republic,"Nurses and midwives (per 1,000 people)",SH.MED.NUMW.P3,0,25,0
Slovak Republic,Prevalence of anemia among women of reproductive age (% of women ages 15-49),SH.ANM.ALLW.ZS,0,25,0
Slovak Republic,Prevalence of anemia among pregnant women (%),SH.PRG.ANEM,0,25,0
Slovak Republic,"Prevalence of HIV, female (% ages 15-24)",SH.HIV.1524.FE.ZS,0,25,0
Slovak Republic,"Prevalence of HIV, male (% ages 15-24)",SH.HIV.1524.MA.ZS,0,25,0
Slovak Republic,"Prevalence of HIV, total (% of population ages 15-49)",SH.DYN.AIDS.ZS,0,25,0
Slovenia,Adjusted net national income (current US$),NY.ADJ.NNTY.CD,0,25,0
Slovenia,"Adolescent fertility rate (births per 1,000 women ages 15-19)",SP.ADO.TFRT,0,25,0
Slovenia,Gross savings (% of GDP),NY.GNS.ICTR.ZS,0,25,0
Slovenia,"Inflation, consumer prices (annual %)",FP.CPI.TOTL.ZG,0,25,0
Slovenia,"Labor force participation rate, female (% of female population ages 15+) (national estimate)",SL.TLF.CACT.FE.NE.ZS,0,25,0
Slovenia,"Population, female",SP.POP.TOTL.FE.IN,0,25,0
Slovenia,"Population, female (% of total population)",SP.POP.TOTL.FE.ZS,0,25,0
Slovenia,"Population, male",SP.POP.TOTL.MA.IN,0,25,0
Slovenia,"Population, male (% of total population)",SP.POP.TOTL.MA.ZS,0,25,0
Slovenia,Ratio of female to male labor force participation rate (%) (national estimate),SL.TLF.CACT.FM.NE.ZS,0,25,0
Slovenia,"Unemployment, youth female (% of female labor force ages 15-24) (national estimate)",SL.UEM.1524.FE.NE.ZS,0,25,0
Slovenia,Wanted fertility rate (births per woman),SP.DYN.WFRT,0,25,0
Slovenia,"Women making their own informed decisions regarding sexual relations, contraceptive use and reproductive health care (% of women age 15-49)",SG.DMK.SRCR.FN.ZS,0,25,0
Slovenia,Women's share of population ages 15+ living with HIV (%),SH.DYN.AIDS.FE.ZS,0,25,0
Slovenia,"Contraceptive prevalence, any method (% of married women ages 15-49)",SP.DYN.CONU.ZS,0,25,0
Slovenia,Coverage of social insurance programs (% of population),per_si_allsi.cov_pop_tot,0,25,0
Slovenia,Coverage of social safety net programs (% of population),per_sa_allsa.cov_pop_tot,0,25,0
Slovenia,Demand for family planning satisfied by modern methods (% of married women with demand for family planning),SH.FPL.SATM.ZS,0,25,0
Slovenia,Diabetes prevalence (% of population ages 20 to 79),SH.STA.DIAB.ZS,0,25,0
Slovenia,"Life expectancy at birth, total (years)",SP.DYN.LE00.IN,0,25,0
Slovenia,"Life expectancy at birth, female (years)",SP.DYN.LE00.FE.IN,0,25,0
Slovenia,"Life expectancy at birth, male (years)",SP.DYN.LE00.MA.IN,0,25,0
Slovenia,"Nurses and midwives (per 1,000 people)",SH.MED.NUMW.P3,0,25,0
Slovenia,Prevalence of anemia among women of reproductive age (% of women ages 15-49),SH.ANM.ALLW.ZS,0,25,0
Slovenia,Prevalence of anemia among pregnant women (%),SH.PRG.ANEM,0,25,0
Slovenia,"Prevalence of HIV, female (% ages 15-24)",SH.HIV.1524.FE.ZS,0,25,0
Slovenia,"Prevalence of HIV, male (% ages 15-24)",SH.HIV.1524.MA.ZS,0,25,0
Slovenia,"Prevalence of HIV, total (% of population ages 15-49)",SH.DYN.AIDS.ZS,0,25,0
Solomon Islands,Adjusted net national income (current US$),NY.ADJ.NNTY.CD,0,25,0
Solomon Islands,"Adolescent fertility rate (births per 1,000 women ages 15-19)",SP.ADO.TFRT,0,25,0
Solomon Islands,Gross savings (% of GDP),NY.GNS.ICTR.ZS,0,25,0
Solomon Islands,"Inflation, consumer prices (annual %)",FP.CPI.TOTL.ZG,0,25,0
Solomon Islands,"Labor force participation rate, female (% of female population ages 15+) (national estimate)",SL.TLF.CACT.FE.NE.ZS,0,25,0
Solomon Islands,"Population, female",SP.POP.TOTL.FE.IN,0,25,0
Solomon Islands,"Population, female (% of total population)",SP.POP.TOTL.FE.ZS,0,25,0
Solomon Islands,"Population, male",SP.POP.TOTL.MA.IN,0,25,0
Solomon Islands,"Population, male (% of total population)",SP.POP.TOTL.MA.ZS,0,25,0
Solomon Islands,Ratio of female to male labor force participation rate (%) (national estimate),SL.TLF.CACT.FM.NE.ZS,0,25,0
Solomon Islands,"Unemployment, youth female (% of female labor force ages 15-24) (national estimate)",SL.UEM.1524.FE.NE.ZS,0,25,0
Solomon Islands,Wanted fertility rate (births per woman),SP.DYN.WFRT,0,25,0
Solomon Islands,"Women making their own informed decisions regarding sexual relations, contraceptive use and reproductive health care (% of women age 15-49)",SG.DMK.SRCR.FN.ZS,0,25,0
Solomon Islands,Women's share of population ages 15+ living with HIV (%),SH.DYN.AIDS.FE.ZS,0,25,0
Solomon Islands,"Contraceptive prevalence, any method (% of married women ages 15-49)",SP.DYN.CONU.ZS,0,25,0
Solomon Islands,Coverage of social insurance programs (% of population),per_si_allsi.cov_pop_tot,0,25,0
Solomon Islands,Coverage of social safety net programs (% of population),per_sa_allsa.cov_pop_tot,0,25,0
Solomon Islands,Demand for family planning satisfied by modern methods (% of married women with demand for family planning),SH.FPL.SATM.ZS,0,25,0
Solomon Islands,Diabetes prevalence (% of population ages 20 to 79),SH.STA.DIAB.ZS,0,25,0
Solomon Islands,"Life expectancy at birth, total (years)",SP.DYN.LE00.IN,0,25,0
Solomon Islands,"Life expectancy at birth, female (years)",SP.DYN.LE00.FE.IN,0,25,0
Solomon Islands,"Life expectancy at birth, male (years)",SP.DYN.LE00.MA.IN,0,25,0
Solomon Islands,"Nurses and midwives (per 1,000 people)",SH.MED.NUMW.P3,0,25,0
Solomon Islands,Prevalence of anemia among women of reproductive age (% of women ages 15-49),SH.ANM.ALLW.ZS,0,25,0
Solomon Islands,Prevalence of anemia among pregnant women (%),SH.PRG.ANEM,0,25,0
Solomon Islands,"Prevalence of HIV, female (% ages 15-24)",SH.HIV.1524.FE.ZS,0,25,0
Solomon Islands,"Prevalence of HIV, male (% ages 15-24)",SH.HIV.1524.MA.ZS,0,25,0
Solomon Islands,"Prevalence of HIV, total (% of population ages 15-49)",SH.DYN.AIDS.ZS,0,25,0
Somalia,Adjusted net national income (current US$),NY.ADJ.NNTY.CD,0,25,0
Somalia,"Adolescent fertility rate (births per 1,000 women ages 15-19)",SP.ADO.TFRT,0,25,0
Somalia,Gross savings (% of GDP),NY.GNS.ICTR.ZS,0,25,0
Somalia,"Inflation, consumer prices (annual %)",FP.CPI.TOTL.ZG,0,25,0
Somalia,"Labor force participation rate, female (% of female population ages 15+) (national estimate)",SL.TLF.CACT.FE.NE.ZS,0,25,0
Somalia,"Population, female",SP.POP.TOTL.FE.IN,0,25,0
Somalia,"Population, female (% of total population)",SP.POP.TOTL.FE.ZS,0,25,0
Somalia,"Population, male",SP.POP.TOTL.MA.IN,0,25,0
Somalia,"Population, male (% of total population)",SP.POP.TOTL.MA.ZS,0,25,0
Somalia,Ratio of female to male labor force participation rate (%) (national estimate),SL.TLF.CACT.FM.NE.ZS,0,25,0
Somalia,"Unemployment, youth female (% of female labor force ages 15-24) (national estimate)",SL.UEM.1524.FE.NE.ZS,0,25,0
Somalia,Wanted fertility rate (births per woman),SP.DYN.WFRT,0,25,0
Somalia,"Women making their own informed decisions regarding sexual relations, contraceptive use and reproductive health care (% of women age 15-49)",SG.DMK.SRCR.FN.ZS,0,25,0
Somalia,Women's share of population ages 15+ living with HIV (%),SH.DYN.AIDS.FE.ZS,0,25,0
Somalia,"Contraceptive prevalence, any method (% of married women ages 15-49)",SP.DYN.CONU.ZS,0,25,0
Somalia,Coverage of social insurance programs (% of population),per_si_allsi.cov_pop_tot,0,25,0
Somalia,Coverage of social safety net programs (% of population),per_sa_allsa.cov_pop_tot,0,25,0
Somalia,Demand for family planning satisfied by modern methods (% of married women with demand for family planning),SH.FPL.SATM.ZS,0,25,0
Somalia,Diabetes prevalence (% of population ages 20 to 79),SH.STA.DIAB.ZS,0,25,0
Somalia,"Life expectancy at birth, total (years)",SP.DYN.LE00.IN,0,25,0
Somalia,"Life expectancy at birth, female (years)",SP.DYN.LE00.FE.IN,0,25,0
Somalia,"Life expectancy at birth, male (years)",SP.DYN.LE00.MA.IN,0,25,0
Somalia,"Nurses and midwives (per 1,000 people)",SH.MED.NUMW.P3,0,25,0
Somalia,Prevalence of anemia among women of reproductive age (% of women ages 15-49),SH.ANM.ALLW.ZS,0,25,0
Somalia,Prevalence of anemia among pregnant women (%),SH.PRG.ANEM,0,25,0
Somalia,"Prevalence of HIV, female (% ages 15-24)",SH.HIV.1524.FE.ZS,0,25,0
Somalia,"Prevalence of HIV, male (% ages 15-24)",SH.HIV.1524.MA.ZS,0,25,0
Somalia,"Prevalence of HIV, total (% of population ages 15-49)",SH.DYN.AIDS.ZS,0,25,0
South Africa,Adjusted net national income (current US$),NY.ADJ.NNTY.CD,0,25,0
South Africa,"Adolescent fertility rate (births per 1,000 women ages 15-19)",SP.ADO.TFRT,0,25,0
South Africa,Gross savings (% of GDP),NY.GNS.ICTR.ZS,0,25,0
South Africa,"Inflation, consumer prices (annual %)",FP.CPI.TOTL.ZG,0,25,0
South Africa,"Labor force participation rate, female (% of female population ages 15+) (national estimate)",SL.TLF.CACT.FE.NE.ZS,0,25,0
South Africa,"Population, female",SP.POP.TOTL.FE.IN,0,25,0
South Africa,"Population, female (% of total population)",SP.POP.TOTL.FE.ZS,0,25,0
South Africa,"Population, male",SP.POP.TOTL.MA.IN,0,25,0
South Africa,"Population, male (% of total population)",SP.POP.TOTL.MA.ZS,0,25,0
South Africa,Ratio of female to male labor force participation rate (%) (national estimate),SL.TLF.CACT.FM.NE.ZS,0,25,0
South Africa,"Unemployment, youth female (% of female labor force ages 15-24) (national estimate)",SL.UEM.1524.FE.NE.ZS,0,25,0
South Africa,Wanted fertility rate (births per woman),SP.DYN.WFRT,0,25,0
South Africa,"Women making their own informed decisions regarding sexual relations, contraceptive use and reproductive health care (% of women age 15-49)",SG.DMK.SRCR.FN.ZS,0,25,0
South Africa,Women's share of population ages 15+ living with HIV (%),SH.DYN.AIDS.FE.ZS,0,25,0
South Africa,"Contraceptive prevalence, any method (% of married women ages 15-49)",SP.DYN.CONU.ZS,0,25,0
South Africa,Coverage of social insurance programs (% of population),per_si_allsi.cov_pop_tot,0,25,0
South Africa,Coverage of social safety net programs (% of population),per_sa_allsa.cov_pop_tot,0,25,0
South Africa,Demand for family planning satisfied by modern methods (% of married women with demand for family planning),SH.FPL.SATM.ZS,0,25,0
South Africa,Diabetes prevalence (% of population ages 20 to 79),SH.STA.DIAB.ZS,0,25,0
South Africa,"Life expectancy at birth, total (years)",SP.DYN.LE00.IN,0,25,0
South Africa,"Life expectancy at birth, female (years)",SP.DYN.LE00.FE.IN,0,25,0
South Africa,"Life expectancy at birth, male (years)",SP.DYN.LE00.MA.IN,0,25,0
South Africa,"Nurses and midwives (per 1,000 people)",SH.MED.NUMW.P3,0,25,0
South Africa,Prevalence of anemia among women of reproductive age (% of women ages 15-49),SH.ANM.ALLW.ZS,0,25,0
South Africa,Prevalence of anemia among pregnant women (%),SH.PRG.ANEM,0,25,0
South Africa,"Prevalence of HIV, female (% ages 15-24)",SH.HIV.1524.FE.ZS,0,25,0
South Africa,"Prevalence of HIV, male (% ages 15-24)",SH.HIV.1524.MA.ZS,0,25,0
South Africa,"Prevalence of HIV, total (% of population ages 15-49)",SH.DYN.AIDS.ZS,0,25,0
South Sudan,Adjusted net national income (current US$),NY.ADJ.NNTY.CD,0,25,0
South Sudan,"Adolescent fertility rate (births per 1,000 women ages 15-19)",SP.ADO.TFRT,0,25,0
South Sudan,Gross savings (% of GDP),NY.GNS.ICTR.ZS,0,25,0
South Sudan,"Inflation, consumer prices (annual %)",FP.CPI.TOTL.ZG,0,25,0
South Sudan,"Labor force participation rate, female (% of female population ages 15+) (national estimate)",SL.TLF.CACT.FE.NE.ZS,0,25,0
South Sudan,"Population, female",SP.POP.TOTL.FE.IN,0,25,0
South Sudan,"Population, female (% of total population)",SP.POP.TOTL.FE.ZS,0,25,0
South Sudan,"Population, male",SP.POP.TOTL.MA.IN,0,25,0
South Sudan,"Population, male (% of total population)",SP.POP.TOTL.MA.ZS,0,25,0
South Sudan,Ratio of female to male labor force participation rate (%) (national estimate),SL.TLF.CACT.FM.NE.ZS,0,25,0
South Sudan,"Unemployment, youth female (% of female labor force ages 15-24) (national estimate)",SL.UEM.1524.FE.NE.ZS,0,25,0
South Sudan,Wanted fertility rate (births per woman),SP.DYN.WFRT,0,25,0
South Sudan,"Women making their own informed decisions regarding sexual relations, contraceptive use and reproductive health care (% of women age 15-49)",SG.DMK.SRCR.FN.ZS,0,25,0
South Sudan,Women's share of population ages 15+ living with HIV (%),SH.DYN.AIDS.FE.ZS,0,25,0
South Sudan,"Contraceptive prevalence, any method (% of married women ages 15-49)",SP.DYN.CONU.ZS,0,25,0
South Sudan,Coverage of social insurance programs (% of population),per_si_allsi.cov_pop_tot,0,25,0
South Sudan,Coverage of social safety net programs (% of population),per_sa_allsa.cov_pop_tot,0,25,0
South Sudan,Demand for family planning satisfied by modern methods (% of married women with demand for family planning),SH.FPL.SATM.ZS,0,25,0
South Sudan,Diabetes prevalence (% of population ages 20 to 79),SH.STA.DIAB.ZS,0,25,0
South Sudan,"Life expectancy at birth, total (years)",SP.DYN.LE00.IN,0,25,0
South Sudan,"Life expectancy at birth, female (years)",SP.DYN.LE00.FE.IN,0,25,0
South Sudan,"Life expectancy at birth, male (years)",SP.DYN.LE00.MA.IN,0,25,0
South Sudan,"Nurses and midwives (per 1,000 people)",SH.MED.NUMW.P3,0,25,0
South Sudan,Prevalence of anemia among women of reproductive age (% of women ages 15-49),SH.ANM.ALLW.ZS,0,25,0
South Sudan,Prevalence of anemia among pregnant women (%),SH.PRG.ANEM,0,25,0
South Sudan,"Prevalence of HIV, female (% ages 15-24)",SH.HIV.1524.FE.ZS,0,25,0
South Sudan,"Prevalence of HIV, male (% ages 15-24)",SH.HIV.1524.MA.ZS,0,25,0
South Sudan,"Prevalence of HIV, total (% of population ages 15-49)",SH.DYN.AIDS.ZS,0,25,0
Spain,Adjusted net national income (current US$),NY.ADJ.NNTY.CD,0,25,0
Spain,"Adolescent fertility rate (births per 1,000 women ages 15-19)",SP.ADO.TFRT,0,25,0
Spain,Gross savings (% of GDP),NY.GNS.ICTR.ZS,0,25,0
Spain,"Inflation, consumer prices (annual %)",FP.CPI.TOTL.ZG,0,25,0
Spain,"Labor force participation rate, female (% of female population ages 15+) (national estimate)",SL.TLF.CACT.FE.NE.ZS,0,25,0
Spain,"Population, female",SP.POP.TOTL.FE.IN,0,25,0
Spain,"Population, female (% of total population)",SP.POP.TOTL.FE.ZS,0,25,0
Spain,"Population, male",SP.POP.TOTL.MA.IN,0,25,0
Spain,"Population, male (% of total population)",SP.POP.TOTL.MA.ZS,0,25,0
Spain,Ratio of female to male labor force participation rate (%) (national estimate),SL.TLF.CACT.FM.NE.ZS,0,25,0
Spain,"Unemployment, youth female (% of female labor force ages 15-24) (national estimate)",SL.UEM.1524.FE.NE.ZS,0,25,0
Spain,Wanted fertility rate (births per woman),SP.DYN.WFRT,0,25,0
Spain,"Women making their own informed decisions regarding sexual relations, contraceptive use and reproductive health care (% of women age 15-49)",SG.DMK.SRCR.FN.ZS,0,25,0
Spain,Women's share of population ages 15+ living with HIV (%),SH.DYN.AIDS.FE.ZS,0,25,0
Spain,"Contraceptive prevalence, any method (% of married women ages 15-49)",SP.DYN.CONU.ZS,0,25,0
Spain,Coverage of social insurance programs (% of population),per_si_allsi.cov_pop_tot,0,25,0
Spain,Coverage of social safety net programs (% of population),per_sa_allsa.cov_pop_tot,0,25,0
Spain,Demand for family planning satisfied by modern methods (% of married women with demand for family planning),SH.FPL.SATM.ZS,0,25,0
Spain,Diabetes prevalence (% of population ages 20 to 79),SH.STA.DIAB.ZS,0,25,0
Spain,"Life expectancy at birth, total (years)",SP.DYN.LE00.IN,0,25,0
Spain,"Life expectancy at birth, female (years)",SP.DYN.LE00.FE.IN,0,25,0
Spain,"Life expectancy at birth, male (years)",SP.DYN.LE00.MA.IN,0,25,0
Spain,"Nurses and midwives (per 1,000 people)",SH.MED.NUMW.P3,0,25,0
Spain,Prevalence of anemia among women of reproductive age (% of women ages 15-49),SH.ANM.ALLW.ZS,0,25,0
Spain,Prevalence of anemia among pregnant women (%),SH.PRG.ANEM,0,25,0
Spain,"Prevalence of HIV, female (% ages 15-24)",SH.HIV.1524.FE.ZS,0,25,0
Spain,"Prevalence of HIV, male (% ages 15-24)",SH.HIV.1524.MA.ZS,0,25,0
Spain,"Prevalence of HIV, total (% of population ages 15-49)",SH.DYN.AIDS.ZS,0,25,0
Sri Lanka,Adjusted net national income (current US$),NY.ADJ.NNTY.CD,0,25,0
Sri Lanka,"Adolescent fertility rate (births per 1,000 women ages 15-19)",SP.ADO.TFRT,0,25,0
Sri Lanka,Gross savings (% of GDP),NY.GNS.ICTR.ZS,0,25,0
Sri Lanka,"Inflation, consumer prices (annual %)",FP.CPI.TOTL.ZG,0,25,0
Sri Lanka,"Labor force participation rate, female (% of female population ages 15+) (national estimate)",SL.TLF.CACT.FE.NE.ZS,0,25,0
Sri Lanka,"Population, female",SP.POP.TOTL.FE.IN,0,25,0
Sri Lanka,"Population, female (% of total population)",SP.POP.TOTL.FE.ZS,0,25,0
Sri Lanka,"Population, male",SP.POP.TOTL.MA.IN,0,25,0
Sri Lanka,"Population, male (% of total population)",SP.POP.TOTL.MA.ZS,0,25,0
Sri Lanka,Ratio of female to male labor force participation rate (%) (national estimate),SL.TLF.CACT.FM.NE.ZS,0,25,0
Sri Lanka,"Unemployment, youth female (% of female labor force ages 15-24) (national estimate)",SL.UEM.1524.FE.NE.ZS,0,25,0
Sri Lanka,Wanted fertility rate (births per woman),SP.DYN.WFRT,0,25,0
Sri Lanka,"Women making their own informed decisions regarding sexual relations, contraceptive use and reproductive health care (% of women age 15-49)",SG.DMK.SRCR.FN.ZS,0,25,0
Sri Lanka,Women's share of population ages 15+ living with HIV (%),SH.DYN.AIDS.FE.ZS,0,25,0
Sri Lanka,"Contraceptive prevalence, any method (% of married women ages 15-49)",SP.DYN.CONU.ZS,0,25,0
Sri Lanka,Coverage of social insurance programs (% of population),per_si_allsi.cov_pop_tot,0,25,0
Sri Lanka,Coverage of social safety net programs (% of population),per_sa_allsa.cov_pop_tot,0,25,0
Sri Lanka,Demand for family planning satisfied by modern methods (% of married women with demand for family planning),SH.FPL.SATM.ZS,0,25,0
Sri Lanka,Diabetes prevalence (% of population ages 20 to 79),SH.STA.DIAB.ZS,0,25,0
Sri Lanka,"Life expectancy at birth, total (years)",SP.DYN.LE00.IN,0,25,0
Sri Lanka,"Life expectancy at birth, female (years)",SP.DYN.LE00.FE.IN,0,25,0
Sri Lanka,"Life expectancy at birth, male (years)",SP.DYN.LE00.MA.IN,0,25,0
Sri Lanka,"Nurses and midwives (per 1,000 people)",SH.MED.NUMW.P3,0,25,0
Sri Lanka,Prevalence of anemia among women of reproductive age (% of women ages 15-49),SH.ANM.ALLW.ZS,0,25,0
Sri Lanka,Prevalence of anemia among pregnant women (%),SH.PRG.ANEM,0,25,0
Sri Lanka,"Prevalence of HIV, female (% ages 15-24)",SH.HIV.1524.FE.ZS,0,25,0
Sri Lanka,"Prevalence of HIV, male (% ages 15-24)",SH.HIV.1524.MA.ZS,0,25,0
Sri Lanka,"Prevalence of HIV, total (% of population ages 15-49)",SH.DYN.AIDS.ZS,0,25,0
St. Kitts and Nevis,Adjusted net national income (current US$),NY.ADJ.NNTY.CD,0,25,0
St. Kitts and Nevis,"Adolescent fertility rate (births per 1,000 women ages 15-19)",SP.ADO.TFRT,0,25,0
St. Kitts and Nevis,Gross savings (% of GDP),NY.GNS.ICTR.ZS,0,25,0
St. Kitts and Nevis,"Inflation, consumer prices (annual %)",FP.CPI.TOTL.ZG,0,25,0
St. Kitts and Nevis,"Labor force participation rate, female (% of female population ages 15+) (national estimate)",SL.TLF.CACT.FE.NE.ZS,0,25,0
St. Kitts and Nevis,"Population, female",SP.POP.TOTL.FE.IN,0,25,0
St. Kitts and Nevis,"Population, female (% of total population)",SP.POP.TOTL.FE.ZS,0,25,0
St. Kitts and Nevis,"Population, male",SP.POP.TOTL.MA.IN,0,25,0
St. Kitts and Nevis,"Population, male (% of total population)",SP.POP.TOTL.MA.ZS,0,25,0
St. Kitts and Nevis,Ratio of female to male labor force participation rate (%) (national estimate),SL.TLF.CACT.FM.NE.ZS,0,25,0
St. Kitts and Nevis,"Unemployment, youth female (% of female labor force ages 15-24) (national estimate)",SL.UEM.1524.FE.NE.ZS,0,25,0
St. Kitts and Nevis,Wanted fertility rate (births per woman),SP.DYN.WFRT,0,25,0
St. Kitts and Nevis,"Women making their own informed decisions regarding sexual relations, contraceptive use and reproductive health care (% of women age 15-49)",SG.DMK.SRCR.FN.ZS,0,25,0
St. Kitts and Nevis,Women's share of population ages 15+ living with HIV (%),SH.DYN.AIDS.FE.ZS,0,25,0
St. Kitts and Nevis,"Contraceptive prevalence, any method (% of married women ages 15-49)",SP.DYN.CONU.ZS,0,25,0
St. Kitts and Nevis,Coverage of social insurance programs (% of population),per_si_allsi.cov_pop_tot,0,25,0
St. Kitts and Nevis,Coverage of social safety net programs (% of population),per_sa_allsa.cov_pop_tot,0,25,0
St. Kitts and Nevis,Demand for family planning satisfied by modern methods (% of married women with demand for family planning),SH.FPL.SATM.ZS,0,25,0
St. Kitts and Nevis,Diabetes prevalence (% of population ages 20 to 79),SH.STA.DIAB.ZS,0,25,0
St. Kitts and Nevis,"Life expectancy at birth, total (years)",SP.DYN.LE00.IN,0,25,0
St. Kitts and Nevis,"Life expectancy at birth, female (years)",SP.DYN.LE00.FE.IN,0,25,0
St. Kitts and Nevis,"Life expectancy at birth, male (years)",SP.DYN.LE00.MA.IN,0,25,0
St. Kitts and Nevis,"Nurses and midwives (per 1,000 people)",SH.MED.NUMW.P3,0,25,0
St. Kitts and Nevis,Prevalence of anemia among women of reproductive age (% of women ages 15-49),SH.ANM.ALLW.ZS,0,25,0
St. Kitts and Nevis,Prevalence of anemia among pregnant women (%),SH.PRG.ANEM,0,25,0
St. Kitts and Nevis,"Prevalence of HIV, female (% ages 15-24)",SH.HIV.1524.FE.ZS,0,25,0
St. Kitts and Nevis,"Prevalence of HIV, male (% ages 15-24)",SH.HIV.1524.MA.ZS,0,25,0
St. Kitts and Nevis,"Prevalence of HIV, total (% of population ages 15-49)",SH.DYN.AIDS.ZS,0,25,0
St. Lucia,Adjusted net national income (current US$),NY.ADJ.NNTY.CD,0,25,0
St. Lucia,"Adolescent fertility rate (births per 1,000 women ages 15-19)",SP.ADO.TFRT,0,25,0
St. Lucia,Gross savings (% of GDP),NY.GNS.ICTR.ZS,0,25,0
St. Lucia,"Inflation, consumer prices (annual %)",FP.CPI.TOTL.ZG,0,25,0
St. Lucia,"Labor force participation rate, female (% of female population ages 15+) (national estimate)",SL.TLF.CACT.FE.NE.ZS,0,25,0
St. Lucia,"Population, female",SP.POP.TOTL.FE.IN,0,25,0
St. Lucia,"Population, female (% of total population)",SP.POP.TOTL.FE.ZS,0,25,0
St. Lucia,"Population, male",SP.POP.TOTL.MA.IN,0,25,0
St. Lucia,"Population, male (% of total population)",SP.POP.TOTL.MA.ZS,0,25,0
St. Lucia,Ratio of female to male labor force participation rate (%) (national estimate),SL.TLF.CACT.FM.NE.ZS,0,25,0
St. Lucia,"Unemployment, youth female (% of female labor force ages 15-24) (national estimate)",SL.UEM.1524.FE.NE.ZS,0,25,0
St. Lucia,Wanted fertility rate (births per woman),SP.DYN.WFRT,0,25,0
St. Lucia,"Women making their own informed decisions regarding sexual relations, contraceptive use and reproductive health care (% of women age 15-49)",SG.DMK.SRCR.FN.ZS,0,25,0
St. Lucia,Women's share of population ages 15+ living with HIV (%),SH.DYN.AIDS.FE.ZS,0,25,0
St. Lucia,"Contraceptive prevalence, any method (% of married women ages 15-49)",SP.DYN.CONU.ZS,0,25,0
St. Lucia,Coverage of social insurance programs (% of population),per_si_allsi.cov_pop_tot,0,25,0
St. Lucia,Coverage of social safety net programs (% of population),per_sa_allsa.cov_pop_tot,0,25,0
St. Lucia,Demand for family planning satisfied by modern methods (% of married women with demand for family planning),SH.FPL.SATM.ZS,0,25,0
St. Lucia,Diabetes prevalence (% of population ages 20 to 79),SH.STA.DIAB.ZS,0,25,0
St. Lucia,"Life expectancy at birth, total (years)",SP.DYN.LE00.IN,0,25,0
St. Lucia,"Life expectancy at birth, female (years)",SP.DYN.LE00.FE.IN,0,25,0
St. Lucia,"Life expectancy at birth, male (years)",SP.DYN.LE00.MA.IN,0,25,0
St. Lucia,"Nurses and midwives (per 1,000 people)",SH.MED.NUMW.P3,0,25,0
St. Lucia,Prevalence of anemia among women of reproductive age (% of women ages 15-49),SH.ANM.ALLW.ZS,0,25,0
St. Lucia,Prevalence of anemia among pregnant women (%),SH.PRG.ANEM,0,25,0
St. Lucia,"Prevalence of HIV, female (% ages 15-24)",SH.HIV.1524.FE.ZS,0,25,0
St. Lucia,"Prevalence of HIV, male (% ages 15-24)",SH.HIV.1524.MA.ZS,0,25,0
St. Lucia,"Prevalence of HIV, total (% of population ages 15-49)",SH.DYN.AIDS.ZS,0,25,0
St. Martin (French part),Adjusted net national income (current US$),NY.ADJ.NNTY.CD,0,25,0
St. Martin (French part),"Adolescent fertility rate (births per 1,000 women ages 15-19)",SP.ADO.TFRT,0,25,0
St. Martin (French part),Gross savings (% of GDP),NY.GNS.ICTR.ZS,0,25,0
St. Martin (French part),"Inflation, consumer prices (annual %)",FP.CPI.TOTL.ZG,0,25,0
St. Martin (French part),"Labor force participation rate, female (% of female population ages 15+) (national estimate)",SL.TLF.CACT.FE.NE.ZS,0,25,0
St. Martin (French part),"Population, female",SP.POP.TOTL.FE.IN,0,25,0
St. Martin (French part),"Population, female (% of total population)",SP.POP.TOTL.FE.ZS,0,25,0
St. Martin (French part),"Population, male",SP.POP.TOTL.MA.IN,0,25,0
St. Martin (French part),"Population, male (% of total population)",SP.POP.TOTL.MA.ZS,0,25,0
St. Martin (French part),Ratio of female to male labor force participation rate (%) (national estimate),SL.TLF.CACT.FM.NE.ZS,0,25,0
St. Martin (French part),"Unemployment, youth female (% of female labor force ages 15-24) (national estimate)",SL.UEM.1524.FE.NE.ZS,0,25,0
St. Martin (French part),Wanted fertility rate (births per woman),SP.DYN.WFRT,0,25,0
St. Martin (French part),"Women making their own informed decisions regarding sexual relations, contraceptive use and reproductive health care (% of women age 15-49)",SG.DMK.SRCR.FN.ZS,0,25,0
St. Martin (French part),Women's share of population ages 15+ living with HIV (%),SH.DYN.AIDS.FE.ZS,0,25,0
St. Martin (French part),"Contraceptive prevalence, any method (% of married women ages 15-49)",SP.DYN.CONU.ZS,0,25,0
St. Martin (French part),Coverage of social insurance programs (% of population),per_si_allsi.cov_pop_tot,0,25,0
St. Martin (French part),Coverage of social safety net programs (% of population),per_sa_allsa.cov_pop_tot,0,25,0
St. Martin (French part),Demand for family planning satisfied by modern methods (% of married women with demand for family planning),SH.FPL.SATM.ZS,0,25,0
St. Martin (French part),Diabetes prevalence (% of population ages 20 to 79),SH.STA.DIAB.ZS,0,25,0
St. Martin (French part),"Life expectancy at birth, total (years)",SP.DYN.LE00.IN,0,25,0
St. Martin (French part),"Life expectancy at birth, female (years)",SP.DYN.LE00.FE.IN,0,25,0
St. Martin (French part),"Life expectancy at birth, male (years)",SP.DYN.LE00.MA.IN,0,25,0
St. Martin (French part),"Nurses and midwives (per 1,000 people)",SH.MED.NUMW.P3,0,25,0
St. Martin (French part),Prevalence of anemia among women of reproductive age (% of women ages 15-49),SH.ANM.ALLW.ZS,0,25,0
St. Martin (French part),Prevalence of anemia among pregnant women (%),SH.PRG.ANEM,0,25,0
St. Martin (French part),"Prevalence of HIV, female (% ages 15-24)",SH.HIV.1524.FE.ZS,0,25,0
St. Martin (French part),"Prevalence of HIV, male (% ages 15-24)",SH.HIV.1524.MA.ZS,0,25,0
St. Martin (French part),"Prevalence of HIV, total (% of population ages 15-49)",SH.DYN.AIDS.ZS,0,25,0
St. Vincent and the Grenadines,Adjusted net national income (current US$),NY.ADJ.NNTY.CD,0,25,0
St. Vincent and the Grenadines,"Adolescent fertility rate (births per 1,000 women ages 15-19)",SP.ADO.TFRT,0,25,0
St. Vincent and the Grenadines,Gross savings (% of GDP),NY.GNS.ICTR.ZS,0,25,0
St. Vincent and the Grenadines,"Inflation, consumer prices (annual %)",FP.CPI.TOTL.ZG,0,25,0
St. Vincent and the Grenadines,"Labor force participation rate, female (% of female population ages 15+) (national estimate)",SL.TLF.CACT.FE.NE.ZS,0,25,0
St. Vincent and the Grenadines,"Population, female",SP.POP.TOTL.FE.IN,0,25,0
St. Vincent and the Grenadines,"Population, female (% of total population)",SP.POP.TOTL.FE.ZS,0,25,0
St. Vincent and the Grenadines,"Population, male",SP.POP.TOTL.MA.IN,0,25,0
St. Vincent and the Grenadines,"Population, male (% of total population)",SP.POP.TOTL.MA.ZS,0,25,0
St. Vincent and the Grenadines,Ratio of female to male labor force participation rate (%) (national estimate),SL.TLF.CACT.FM.NE.ZS,0,25,0
St. Vincent and the Grenadines,"Unemployment, youth female (% of female labor force ages 15-24) (national estimate)",SL.UEM.1524.FE.NE.ZS,0,25,0
St. Vincent and the Grenadines,Wanted fertility rate (births per woman),SP.DYN.WFRT,0,25,0
St. Vincent and the Grenadines,"Women making their own informed decisions regarding sexual relations, contraceptive use and reproductive health care (% of women age 15-49)",SG.DMK.SRCR.FN.ZS,0,25,0
St. Vincent and the Grenadines,Women's share of population ages 15+ living with HIV (%),SH.DYN.AIDS.FE.ZS,0,25,0
St. Vincent and the Grenadines,"Contraceptive prevalence, any method (% of married women ages 15-49)",SP.DYN.CONU.ZS,0,25,0
St. Vincent and the Grenadines,Coverage of social insurance programs (% of population),per_si_allsi.cov_pop_tot,0,25,0
St. Vincent and the Grenadines,Coverage of social safety net programs (% of population),per_sa_allsa.cov_pop_tot,0,25,0
St. Vincent and the Grenadines,Demand for family planning satisfied by modern methods (% of married women with demand for family planning),SH.FPL.SATM.ZS,0,25,0
St. Vincent and the Grenadines,Diabetes prevalence (% of population ages 20 to 79),SH.STA.DIAB.ZS,0,25,0
St. Vincent and the Grenadines,"Life expectancy at birth, total (years)",SP.DYN.LE00.IN,0,25,0
St. Vincent and the Grenadines,"Life expectancy at birth, female (years)",SP.DYN.LE00.FE.IN,0,25,0
St. Vincent and the Grenadines,"Life expectancy at birth, male (years)",SP.DYN.LE00.MA.IN,0,25,0
St. Vincent and the Grenadines,"Nurses and midwives (per 1,000 people)",SH.MED.NUMW.P3,0,25,0
St. Vincent and the Grenadines,Prevalence of anemia among women of reproductive age (% of women ages 15-49),SH.ANM.ALLW.ZS,0,25,0
St. Vincent and the Grenadines,Prevalence of anemia among pregnant women (%),SH.PRG.ANEM,0,25,0
St. Vincent and the Grenadines,"Prevalence of HIV, female (% ages 15-24)",SH.HIV.1524.FE.ZS,0,25,0
St. Vincent and the Grenadines,"Prevalence of HIV, male (% ages 15-24)",SH.HIV.1524.MA.ZS,0,25,0
St. Vincent and the Grenadines,"Prevalence of HIV, total (% of population ages 15-49)",SH.DYN.AIDS.ZS,0,25,0
Sudan,Adjusted net national income (current US$),NY.ADJ.NNTY.CD,0,25,0
Sudan,"Adolescent fertility rate (births per 1,000 women ages 15-19)",SP.ADO.TFRT,0,25,0
Sudan,Gross savings (% of GDP),NY.GNS.ICTR.ZS,0,25,0
Sudan,"Inflation, consumer prices (annual %)",FP.CPI.TOTL.ZG,0,25,0
Sudan,"Labor force participation rate, female (% of female population ages 15+) (national estimate)",SL.TLF.CACT.FE.NE.ZS,0,25,0
Sudan,"Population, female",SP.POP.TOTL.FE.IN,0,25,0
Sudan,"Population, female (% of total population)",SP.POP.TOTL.FE.ZS,0,25,0
Sudan,"Population, male",SP.POP.TOTL.MA.IN,0,25,0
Sudan,"Population, male (% of total population)",SP.POP.TOTL.MA.ZS,0,25,0
Sudan,Ratio of female to male labor force participation rate (%) (national estimate),SL.TLF.CACT.FM.NE.ZS,0,25,0
Sudan,"Unemployment, youth female (% of female labor force ages 15-24) (national estimate)",SL.UEM.1524.FE.NE.ZS,0,25,0
Sudan,Wanted fertility rate (births per woman),SP.DYN.WFRT,0,25,0
Sudan,"Women making their own informed decisions regarding sexual relations, contraceptive use and reproductive health care (% of women age 15-49)",SG.DMK.SRCR.FN.ZS,0,25,0
Sudan,Women's share of population ages 15+ living with HIV (%),SH.DYN.AIDS.FE.ZS,0,25,0
Sudan,"Contraceptive prevalence, any method (% of married women ages 15-49)",SP.DYN.CONU.ZS,0,25,0
Sudan,Coverage of social insurance programs (% of population),per_si_allsi.cov_pop_tot,0,25,0
Sudan,Coverage of social safety net programs (% of population),per_sa_allsa.cov_pop_tot,0,25,0
Sudan,Demand for family planning satisfied by modern methods (% of married women with demand for family planning),SH.FPL.SATM.ZS,0,25,0
Sudan,Diabetes prevalence (% of population ages 20 to 79),SH.STA.DIAB.ZS,0,25,0
Sudan,"Life expectancy at birth, total (years)",SP.DYN.LE00.IN,0,25,0
Sudan,"Life expectancy at birth, female (years)",SP.DYN.LE00.FE.IN,0,25,0
Sudan,"Life expectancy at birth, male (years)",SP.DYN.LE00.MA.IN,0,25,0
Sudan,"Nurses and midwives (per 1,000 people)",SH.MED.NUMW.P3,0,25,0
Sudan,Prevalence of anemia among women of reproductive age (% of women ages 15-49),SH.ANM.ALLW.ZS,0,25,0
Sudan,Prevalence of anemia among pregnant women (%),SH.PRG.ANEM,0,25,0
Sudan,"Prevalence of HIV, female (% ages 15-24)",SH.HIV.1524.FE.ZS,0,25,0
Sudan,"Prevalence of HIV, male (% ages 15-24)",SH.HIV.1524.MA.ZS,0,25,0
Sudan,"Prevalence of HIV, total (% of population ages 15-49)",SH.DYN.AIDS.ZS,0,25,0
Suriname,Adjusted net national income (current US$),NY.ADJ.NNTY.CD,0,25,0
Suriname,"Adolescent fertility rate (births per 1,000 women ages 15-19)",SP.ADO.TFRT,0,25,0
Suriname,Gross savings (% of GDP),NY.GNS.ICTR.ZS,0,25,0
Suriname,"Inflation, consumer prices (annual %)",FP.CPI.TOTL.ZG,0,25,0
Suriname,"Labor force participation rate, female (% of female population ages 15+) (national estimate)",SL.TLF.CACT.FE.NE.ZS,0,25,0
Suriname,"Population, female",SP.POP.TOTL.FE.IN,0,25,0
Suriname,"Population, female (% of total population)",SP.POP.TOTL.FE.ZS,0,25,0
Suriname,"Population, male",SP.POP.TOTL.MA.IN,0,25,0
Suriname,"Population, male (% of total population)",SP.POP.TOTL.MA.ZS,0,25,0
Suriname,Ratio of female to male labor force participation rate (%) (national estimate),SL.TLF.CACT.FM.NE.ZS,0,25,0
Suriname,"Unemployment, youth female (% of female labor force ages 15-24) (national estimate)",SL.UEM.1524.FE.NE.ZS,0,25,0
Suriname,Wanted fertility rate (births per woman),SP.DYN.WFRT,0,25,0
Suriname,"Women making their own informed decisions regarding sexual relations, contraceptive use and reproductive health care (% of women age 15-49)",SG.DMK.SRCR.FN.ZS,0,25,0
Suriname,Women's share of population ages 15+ living with HIV (%),SH.DYN.AIDS.FE.ZS,0,25,0
Suriname,"Contraceptive prevalence, any method (% of married women ages 15-49)",SP.DYN.CONU.ZS,0,25,0
Suriname,Coverage of social insurance programs (% of population),per_si_allsi.cov_pop_tot,0,25,0
Suriname,Coverage of social safety net programs (% of population),per_sa_allsa.cov_pop_tot,0,25,0
Suriname,Demand for family planning satisfied by modern methods (% of married women with demand for family planning),SH.FPL.SATM.ZS,0,25,0
Suriname,Diabetes prevalence (% of population ages 20 to 79),SH.STA.DIAB.ZS,0,25,0
Suriname,"Life expectancy at birth, total (years)",SP.DYN.LE00.IN,0,25,0
Suriname,"Life expectancy at birth, female (years)",SP.DYN.LE00.FE.IN,0,25,0
Suriname,"Life expectancy at birth, male (years)",SP.DYN.LE00.MA.IN,0,25,0
Suriname,"Nurses and midwives (per 1,000 people)",SH.MED.NUMW.P3,0,25,0
Suriname,Prevalence of anemia among women of reproductive age (% of women ages 15-49),SH.ANM.ALLW.ZS,0,25,0
Suriname,Prevalence of anemia among pregnant women (%),SH.PRG.ANEM,0,25,0
Suriname,"Prevalence of HIV, female (% ages 15-24)",SH.HIV.1524.FE.ZS,0,25,0
Suriname,"Prevalence of HIV, male (% ages 15-24)",SH.HIV.1524.MA.ZS,0,25,0
Suriname,"Prevalence of HIV, total (% of population ages 15-49)",SH.DYN.AIDS.ZS,0,25,0
Sweden,Adjusted net national income (current US$),NY.ADJ.NNTY.CD,0,25,0
Sweden,"Adolescent fertility rate (births per 1,000 women ages 15-19)",SP.ADO.TFRT,0,25,0
Sweden,Gross savings (% of GDP),NY.GNS.ICTR.ZS,0,25,0
Sweden,"Inflation, consumer prices (annual %)",FP.CPI.TOTL.ZG,0,25,0
Sweden,"Labor force participation rate, female (% of female population ages 15+) (national estimate)",SL.TLF.CACT.FE.NE.ZS,0,25,0
Sweden,"Population, female",SP.POP.TOTL.FE.IN,0,25,0
Sweden,"Population, female (% of total population)",SP.POP.TOTL.FE.ZS,0,25,0
Sweden,"Population, male",SP.POP.TOTL.MA.IN,0,25,0
Sweden,"Population, male (% of total population)",SP.POP.TOTL.MA.ZS,0,25,0
Sweden,Ratio of female to male labor force participation rate (%) (national estimate),SL.TLF.CACT.FM.NE.ZS,0,25,0
Sweden,"Unemployment, youth female (% of female labor force ages 15-24) (national estimate)",SL.UEM.1524.FE.NE.ZS,0,25,0
Sweden,Wanted fertility rate (births per woman),SP.DYN.WFRT,0,25,0
Sweden,"Women making their own informed decisions regarding sexual relations, contraceptive use and reproductive health care (% of women age 15-49)",SG.DMK.SRCR.FN.ZS,0,25,0
Sweden,Women's share of population ages 15+ living with HIV (%),SH.DYN.AIDS.FE.ZS,0,25,0
Sweden,"Contraceptive prevalence, any method (% of married women ages 15-49)",SP.DYN.CONU.ZS,0,25,0
Sweden,Coverage of social insurance programs (% of population),per_si_allsi.cov_pop_tot,0,25,0
Sweden,Coverage of social safety net programs (% of population),per_sa_allsa.cov_pop_tot,0,25,0
Sweden,Demand for family planning satisfied by modern methods (% of married women with demand for family planning),SH.FPL.SATM.ZS,0,25,0
Sweden,Diabetes prevalence (% of population ages 20 to 79),SH.STA.DIAB.ZS,0,25,0
Sweden,"Life expectancy at birth, total (years)",SP.DYN.LE00.IN,0,25,0
Sweden,"Life expectancy at birth, female (years)",SP.DYN.LE00.FE.IN,0,25,0
Sweden,"Life expectancy at birth, male (years)",SP.DYN.LE00.MA.IN,0,25,0
Sweden,"Nurses and midwives (per 1,000 people)",SH.MED.NUMW.P3,0,25,0
Sweden,Prevalence of anemia among women of reproductive age (% of women ages 15-49),SH.ANM.ALLW.ZS,0,25,0
Sweden,Prevalence of anemia among pregnant women (%),SH.PRG.ANEM,0,25,0
Sweden,"Prevalence of HIV, female (% ages 15-24)",SH.HIV.1524.FE.ZS,0,25,0
Sweden,"Prevalence of HIV, male (% ages 15-24)",SH.HIV.1524.MA.ZS,0,25,0
Sweden,"Prevalence of HIV, total (% of population ages 15-49)",SH.DYN.AIDS.ZS,0,25,0
Switzerland,Adjusted net national income (current US$),NY.ADJ.NNTY.CD,0,25,0
Switzerland,"Adolescent fertility rate (births per 1,000 women ages 15-19)",SP.ADO.TFRT,0,25,0
Switzerland,Gross savings (% of GDP),NY.GNS.ICTR.ZS,0,25,0
Switzerland,"Inflation, consumer prices (annual %)",FP.CPI.TOTL.ZG,0,25,0
Switzerland,"Labor force participation rate, female (% of female population ages 15+) (national estimate)",SL.TLF.CACT.FE.NE.ZS,0,25,0
Switzerland,"Population, female",SP.POP.TOTL.FE.IN,0,25,0
Switzerland,"Population, female (% of total population)",SP.POP.TOTL.FE.ZS,0,25,0
Switzerland,"Population, male",SP.POP.TOTL.MA.IN,0,25,0
Switzerland,"Population, male (% of total population)",SP.POP.TOTL.MA.ZS,0,25,0
Switzerland,Ratio of female to male labor force participation rate (%) (national estimate),SL.TLF.CACT.FM.NE.ZS,0,25,0
Switzerland,"Unemployment, youth female (% of female labor force ages 15-24) (national estimate)",SL.UEM.1524.FE.NE.ZS,0,25,0
Switzerland,Wanted fertility rate (births per woman),SP.DYN.WFRT,0,25,0
Switzerland,"Women making their own informed decisions regarding sexual relations, contraceptive use and reproductive health care (% of women age 15-49)",SG.DMK.SRCR.FN.ZS,0,25,0
Switzerland,Women's share of population ages 15+ living with HIV (%),SH.DYN.AIDS.FE.ZS,0,25,0
Switzerland,"Contraceptive prevalence, any method (% of married women ages 15-49)",SP.DYN.CONU.ZS,0,25,0
Switzerland,Coverage of social insurance programs (% of population),per_si_allsi.cov_pop_tot,0,25,0
Switzerland,Coverage of social safety net programs (% of population),per_sa_allsa.cov_pop_tot,0,25,0
Switzerland,Demand for family planning satisfied by modern methods (% of married women with demand for family planning),SH.FPL.SATM.ZS,0,25,0
Switzerland,Diabetes prevalence (% of population ages 20 to 79),SH.STA.DIAB.ZS,0,25,0
Switzerland,"Life expectancy at birth, total (years)",SP.DYN.LE00.IN,0,25,0
Switzerland,"Life expectancy at birth, female (years)",SP.DYN.LE00.FE.IN,0,25,0
Switzerland,"Life expectancy at birth, male (years)",SP.DYN.LE00.MA.IN,0,25,0
Switzerland,"Nurses and midwives (per 1,000 people)",SH.MED.NUMW.P3,0,25,0
Switzerland,Prevalence of anemia among women of reproductive age (% of women ages 15-49),SH.ANM.ALLW.ZS,0,25,0
Switzerland,Prevalence of anemia among pregnant women (%),SH.PRG.ANEM,0,25,0
Switzerland,"Prevalence of HIV, female (% ages 15-24)",SH.HIV.1524.FE.ZS,0,25,0
Switzerland,"Prevalence of HIV, male (% ages 15-24)",SH.HIV.1524.MA.ZS,0,25,0
Switzerland,"Prevalence of HIV, total (% of population ages 15-49)",SH.DYN.AIDS.ZS,0,25,0
Syrian Arab Republic,Adjusted net national income (current US$),NY.ADJ.NNTY.CD,0,25,0
Syrian Arab Republic,"Adolescent fertility rate (births per 1,000 women ages 15-19)",SP.ADO.TFRT,0,25,0
Syrian Arab Republic,Gross savings (% of GDP),NY.GNS.ICTR.ZS,0,25,0
Syrian Arab Republic,"Inflation, consumer prices (annual %)",FP.CPI.TOTL.ZG,0,25,0
Syrian Arab Republic,"Labor force participation rate, female (% of female population ages 15+) (national estimate)",SL.TLF.CACT.FE.NE.ZS,0,25,0
Syrian Arab Republic,"Population, female",SP.POP.TOTL.FE.IN,0,25,0
Syrian Arab Republic,"Population, female (% of total population)",SP.POP.TOTL.FE.ZS,0,25,0
Syrian Arab Republic,"Population, male",SP.POP.TOTL.MA.IN,0,25,0
Syrian Arab Republic,"Population, male (% of total population)",SP.POP.TOTL.MA.ZS,0,25,0
Syrian Arab Republic,Ratio of female to male labor force participation rate (%) (national estimate),SL.TLF.CACT.FM.NE.ZS,0,25,0
Syrian Arab Republic,"Unemployment, youth female (% of female labor force ages 15-24) (national estimate)",SL.UEM.1524.FE.NE.ZS,0,25,0
Syrian Arab Republic,Wanted fertility rate (births per woman),SP.DYN.WFRT,0,25,0
Syrian Arab Republic,"Women making their own informed decisions regarding sexual relations, contraceptive use and reproductive health care (% of women age 15-49)",SG.DMK.SRCR.FN.ZS,0,25,0
Syrian Arab Republic,Women's share of population ages 15+ living with HIV (%),SH.DYN.AIDS.FE.ZS,0,25,0
Syrian Arab Republic,"Contraceptive prevalence, any method (% of married women ages 15-49)",SP.DYN.CONU.ZS,0,25,0
Syrian Arab Republic,Coverage of social insurance programs (% of population),per_si_allsi.cov_pop_tot,0,25,0
Syrian Arab Republic,Coverage of social safety net programs (% of population),per_sa_allsa.cov_pop_tot,0,25,0
Syrian Arab Republic,Demand for family planning satisfied by modern methods (% of married women with demand for family planning),SH.FPL.SATM.ZS,0,25,0
Syrian Arab Republic,Diabetes prevalence (% of population ages 20 to 79),SH.STA.DIAB.ZS,0,25,0
Syrian Arab Republic,"Life expectancy at birth, total (years)",SP.DYN.LE00.IN,0,25,0
Syrian Arab Republic,"Life expectancy at birth, female (years)",SP.DYN.LE00.FE.IN,0,25,0
Syrian Arab Republic,"Life expectancy at birth, male (years)",SP.DYN.LE00.MA.IN,0,25,0
Syrian Arab Republic,"Nurses and midwives (per 1,000 people)",SH.MED.NUMW.P3,0,25,0
Syrian Arab Republic,Prevalence of anemia among women of reproductive age (% of women ages 15-49),SH.ANM.ALLW.ZS,0,25,0
Syrian Arab Republic,Prevalence of anemia among pregnant women (%),SH.PRG.ANEM,0,25,0
Syrian Arab Republic,"Prevalence of HIV, female (% ages 15-24)",SH.HIV.1524.FE.ZS,0,25,0
Syrian Arab Republic,"Prevalence of HIV, male (% ages 15-24)",SH.HIV.1524.MA.ZS,0,25,0
Syrian Arab Republic,"Prevalence of HIV, total (% of population ages 15-49)",SH.DYN.AIDS.ZS,0,25,0
Tajikistan,Adjusted net national income (current US$),NY.ADJ.NNTY.CD,0,25,0
Tajikistan,"Adolescent fertility rate (births per 1,000 women ages 15-19)",SP.ADO.TFRT,0,25,0
Tajikistan,Gross savings (% of GDP),NY.GNS.ICTR.ZS,0,25,0
Tajikistan,"Inflation, consumer prices (annual %)",FP.CPI.TOTL.ZG,0,25,0
Tajikistan,"Labor force participation rate, female (% of female population ages 15+) (national estimate)",SL.TLF.CACT.FE.NE.ZS,0,25,0
Tajikistan,"Population, female",SP.POP.TOTL.FE.IN,0,25,0
Tajikistan,"Population, female (% of total population)",SP.POP.TOTL.FE.ZS,0,25,0
Tajikistan,"Population, male",SP.POP.TOTL.MA.IN,0,25,0
Tajikistan,"Population, male (% of total population)",SP.POP.TOTL.MA.ZS,0,25,0
Tajikistan,Ratio of female to male labor force participation rate (%) (national estimate),SL.TLF.CACT.FM.NE.ZS,0,25,0
Tajikistan,"Unemployment, youth female (% of female labor force ages 15-24) (national estimate)",SL.UEM.1524.FE.NE.ZS,0,25,0
Tajikistan,Wanted fertility rate (births per woman),SP.DYN.WFRT,0,25,0
Tajikistan,"Women making their own informed decisions regarding sexual relations, contraceptive use and reproductive health care (% of women age 15-49)",SG.DMK.SRCR.FN.ZS,0,25,0
Tajikistan,Women's share of population ages 15+ living with HIV (%),SH.DYN.AIDS.FE.ZS,0,25,0
Tajikistan,"Contraceptive prevalence, any method (% of married women ages 15-49)",SP.DYN.CONU.ZS,0,25,0
Tajikistan,Coverage of social insurance programs (% of population),per_si_allsi.cov_pop_tot,0,25,0
Tajikistan,Coverage of social safety net programs (% of population),per_sa_allsa.cov_pop_tot,0,25,0
Tajikistan,Demand for family planning satisfied by modern methods (% of married women with demand for family planning),SH.FPL.SATM.ZS,0,25,0
Tajikistan,Diabetes prevalence (% of population ages 20 to 79),SH.STA.DIAB.ZS,0,25,0
Tajikistan,"Life expectancy at birth, total (years)",SP.DYN.LE00.IN,0,25,0
Tajikistan,"Life expectancy at birth, female (years)",SP.DYN.LE00.FE.IN,0,25,0
Tajikistan,"Life expectancy at birth, male (years)",SP.DYN.LE00.MA.IN,0,25,0
Tajikistan,"Nurses and midwives (per 1,000 people)",SH.MED.NUMW.P3,0,25,0
Tajikistan,Prevalence of anemia among women of reproductive age (% of women ages 15-49),SH.ANM.ALLW.ZS,0,25,0
Tajikistan,Prevalence of anemia among pregnant women (%),SH.PRG.ANEM,0,25,0
Tajikistan,"Prevalence of HIV, female (% ages 15-24)",SH.HIV.1524.FE.ZS,0,25,0
Tajikistan,"Prevalence of HIV, male (% ages 15-24)",SH.HIV.1524.MA.ZS,0,25,0
Tajikistan,"Prevalence of HIV, total (% of population ages 15-49)",SH.DYN.AIDS.ZS,0,25,0
Tanzania,Adjusted net national income (current US$),NY.ADJ.NNTY.CD,0,25,0
Tanzania,"Adolescent fertility rate (births per 1,000 women ages 15-19)",SP.ADO.TFRT,0,25,0
Tanzania,Gross savings (% of GDP),NY.GNS.ICTR.ZS,0,25,0
Tanzania,"Inflation, consumer prices (annual %)",FP.CPI.TOTL.ZG,0,25,0
Tanzania,"Labor force participation rate, female (% of female population ages 15+) (national estimate)",SL.TLF.CACT.FE.NE.ZS,0,25,0
Tanzania,"Population, female",SP.POP.TOTL.FE.IN,0,25,0
Tanzania,"Population, female (% of total population)",SP.POP.TOTL.FE.ZS,0,25,0
Tanzania,"Population, male",SP.POP.TOTL.MA.IN,0,25,0
Tanzania,"Population, male (% of total population)",SP.POP.TOTL.MA.ZS,0,25,0
Tanzania,Ratio of female to male labor force participation rate (%) (national estimate),SL.TLF.CACT.FM.NE.ZS,0,25,0
Tanzania,"Unemployment, youth female (% of female labor force ages 15-24) (national estimate)",SL.UEM.1524.FE.NE.ZS,0,25,0
Tanzania,Wanted fertility rate (births per woman),SP.DYN.WFRT,0,25,0
Tanzania,"Women making their own informed decisions regarding sexual relations, contraceptive use and reproductive health care (% of women age 15-49)",SG.DMK.SRCR.FN.ZS,0,25,0
Tanzania,Women's share of population ages 15+ living with HIV (%),SH.DYN.AIDS.FE.ZS,0,25,0
Tanzania,"Contraceptive prevalence, any method (% of married women ages 15-49)",SP.DYN.CONU.ZS,0,25,0
Tanzania,Coverage of social insurance programs (% of population),per_si_allsi.cov_pop_tot,0,25,0
Tanzania,Coverage of social safety net programs (% of population),per_sa_allsa.cov_pop_tot,0,25,0
Tanzania,Demand for family planning satisfied by modern methods (% of married women with demand for family planning),SH.FPL.SATM.ZS,0,25,0
Tanzania,Diabetes prevalence (% of population ages 20 to 79),SH.STA.DIAB.ZS,0,25,0
Tanzania,"Life expectancy at birth, total (years)",SP.DYN.LE00.IN,0,25,0
Tanzania,"Life expectancy at birth, female (years)",SP.DYN.LE00.FE.IN,0,25,0
Tanzania,"Life expectancy at birth, male (years)",SP.DYN.LE00.MA.IN,0,25,0
Tanzania,"Nurses and midwives (per 1,000 people)",SH.MED.NUMW.P3,0,25,0
Tanzania,Prevalence of anemia among women of reproductive age (% of women ages 15-49),SH.ANM.ALLW.ZS,0,25,0
Tanzania,Prevalence of anemia among pregnant women (%),SH.PRG.ANEM,0,25,0
Tanzania,"Prevalence of HIV, female (% ages 15-24)",SH.HIV.1524.FE.ZS,0,25,0
Tanzania,"Prevalence of HIV, male (% ages 15-24)",SH.HIV.1524.MA.ZS,0,25,0
Tanzania,"Prevalence of HIV, total (% of population ages 15-49)",SH.DYN.AIDS.ZS,0,25,0
Thailand,Adjusted net national income (current US$),NY.ADJ.NNTY.CD,0,25,0
Thailand,"Adolescent fertility rate (births per 1,000 women ages 15-19)",SP.ADO.TFRT,0,25,0
Thailand,Gross savings (% of GDP),NY.GNS.ICTR.ZS,0,25,0
Thailand,"Inflation, consumer prices (annual %)",FP.CPI.TOTL.ZG,0,25,0
Thailand,"Labor force participation rate, female (% of female population ages 15+) (national estimate)",SL.TLF.CACT.FE.NE.ZS,0,25,0
Thailand,"Population, female",SP.POP.TOTL.FE.IN,0,25,0
Thailand,"Population, female (% of total population)",SP.POP.TOTL.FE.ZS,0,25,0
Thailand,"Population, male",SP.POP.TOTL.MA.IN,0,25,0
Thailand,"Population, male (% of total population)",SP.POP.TOTL.MA.ZS,0,25,0
Thailand,Ratio of female to male labor force participation rate (%) (national estimate),SL.TLF.CACT.FM.NE.ZS,0,25,0
Thailand,"Unemployment, youth female (% of female labor force ages 15-24) (national estimate)",SL.UEM.1524.FE.NE.ZS,0,25,0
Thailand,Wanted fertility rate (births per woman),SP.DYN.WFRT,0,25,0
Thailand,"Women making their own informed decisions regarding sexual relations, contraceptive use and reproductive health care (% of women age 15-49)",SG.DMK.SRCR.FN.ZS,0,25,0
Thailand,Women's share of population ages 15+ living with HIV (%),SH.DYN.AIDS.FE.ZS,0,25,0
Thailand,"Contraceptive prevalence, any method (% of married women ages 15-49)",SP.DYN.CONU.ZS,0,25,0
Thailand,Coverage of social insurance programs (% of population),per_si_allsi.cov_pop_tot,0,25,0
Thailand,Coverage of social safety net programs (% of population),per_sa_allsa.cov_pop_tot,0,25,0
Thailand,Demand for family planning satisfied by modern methods (% of married women with demand for family planning),SH.FPL.SATM.ZS,0,25,0
Thailand,Diabetes prevalence (% of population ages 20 to 79),SH.STA.DIAB.ZS,0,25,0
Thailand,"Life expectancy at birth, total (years)",SP.DYN.LE00.IN,0,25,0
Thailand,"Life expectancy at birth, female (years)",SP.DYN.LE00.FE.IN,0,25,0
Thailand,"Life expectancy at birth, male (years)",SP.DYN.LE00.MA.IN,0,25,0
Thailand,"Nurses and midwives (per 1,000 people)",SH.MED.NUMW.P3,0,25,0
Thailand,Prevalence of anemia among women of reproductive age (% of women ages 15-49),SH.ANM.ALLW.ZS,0,25,0
Thailand,Prevalence of anemia among pregnant women (%),SH.PRG.ANEM,0,25,0
Thailand,"Prevalence of HIV, female (% ages 15-24)",SH.HIV.1524.FE.ZS,0,25,0
Thailand,"Prevalence of HIV, male (% ages 15-24)",SH.HIV.1524.MA.ZS,0,25,0
Thailand,"Prevalence of HIV, total (% of population ages 15-49)",SH.DYN.AIDS.ZS,0,25,0
Timor-Leste,Adjusted net national income (current US$),NY.ADJ.NNTY.CD,0,25,0
Timor-Leste,"Adolescent fertility rate (births per 1,000 women ages 15-19)",SP.ADO.TFRT,0,25,0
Timor-Leste,Gross savings (% of GDP),NY.GNS.ICTR.ZS,0,25,0
Timor-Leste,"Inflation, consumer prices (annual %)",FP.CPI.TOTL.ZG,0,25,0
Timor-Leste,"Labor force participation rate, female (% of female population ages 15+) (national estimate)",SL.TLF.CACT.FE.NE.ZS,0,25,0
Timor-Leste,"Population, female",SP.POP.TOTL.FE.IN,0,25,0
Timor-Leste,"Population, female (% of total population)",SP.POP.TOTL.FE.ZS,0,25,0
Timor-Leste,"Population, male",SP.POP.TOTL.MA.IN,0,25,0
Timor-Leste,"Population, male (% of total population)",SP.POP.TOTL.MA.ZS,0,25,0
Timor-Leste,Ratio of female to male labor force participation rate (%) (national estimate),SL.TLF.CACT.FM.NE.ZS,0,25,0
Timor-Leste,"Unemployment, youth female (% of female labor force ages 15-24) (national estimate)",SL.UEM.1524.FE.NE.ZS,0,25,0
Timor-Leste,Wanted fertility rate (births per woman),SP.DYN.WFRT,0,25,0
Timor-Leste,"Women making their own informed decisions regarding sexual relations, contraceptive use and reproductive health care (% of women age 15-49)",SG.DMK.SRCR.FN.ZS,0,25,0
Timor-Leste,Women's share of population ages 15+ living with HIV (%),SH.DYN.AIDS.FE.ZS,0,25,0
Timor-Leste,"Contraceptive prevalence, any method (% of married women ages 15-49)",SP.DYN.CONU.ZS,0,25,0
Timor-Leste,Coverage of social insurance programs (% of population),per_si_allsi.cov_pop_tot,0,25,0
Timor-Leste,Coverage of social safety net programs (% of population),per_sa_allsa.cov_pop_tot,0,25,0
Timor-Leste,Demand for family planning satisfied by modern methods (% of married women with demand for family planning),SH.FPL.SATM.ZS,0,25,0
Timor-Leste,Diabetes prevalence (% of population ages 20 to 79),SH.STA.DIAB.ZS,0,25,0
Timor-Leste,"Life expectancy at birth, total (years)",SP.DYN.LE00.IN,0,25,0
Timor-Leste,"Life expectancy at birth, female (years)",SP.DYN.LE00.FE.IN,0,25,0
Timor-Leste,"Life expectancy at birth, male (years)",SP.DYN.LE00.MA.IN,0,25,0
Timor-Leste,"Nurses and midwives (per 1,000 people)",SH.MED.NUMW.P3,0,25,0
Timor-Leste,Prevalence of anemia among women of reproductive age (% of women ages 15-49),SH.ANM.ALLW.ZS,0,25,0
Timor-Leste,Prevalence of anemia among pregnant women (%),SH.PRG.ANEM,0,25,0
Timor-Leste,"Prevalence of HIV, female (% ages 15-24)",SH.HIV.1524.FE.ZS,0,25,0
Timor-Leste,"Prevalence of HIV, male (% ages 15-24)",SH.HIV.1524.MA.ZS,0,25,0
Timor-Leste,"Prevalence of HIV, total (% of population ages 15-49)",SH.DYN.AIDS.ZS,0,25,0
Togo,Adjusted net national income (current US$),NY.ADJ.NNTY.CD,0,25,0
Togo,"Adolescent fertility rate (births per 1,000 women ages 15-19)",SP.ADO.TFRT,0,25,0
Togo,Gross savings (% of GDP),NY.GNS.ICTR.ZS,0,25,0
Togo,"Inflation, consumer prices (annual %)",FP.CPI.TOTL.ZG,0,25,0
Togo,"Labor force participation rate, female (% of female population ages 15+) (national estimate)",SL.TLF.CACT.FE.NE.ZS,0,25,0
Togo,"Population, female",SP.POP.TOTL.FE.IN,0,25,0
Togo,"Population, female (% of total population)",SP.POP.TOTL.FE.ZS,0,25,0
Togo,"Population, male",SP.POP.TOTL.MA.IN,0,25,0
Togo,"Population, male (% of total population)",SP.POP.TOTL.MA.ZS,0,25,0
Togo,Ratio of female to male labor force participation rate (%) (national estimate),SL.TLF.CACT.FM.NE.ZS,0,25,0
Togo,"Unemployment, youth female (% of female labor force ages 15-24) (national estimate)",SL.UEM.1524.FE.NE.ZS,0,25,0
Togo,Wanted fertility rate (births per woman),SP.DYN.WFRT,0,25,0
Togo,"Women making their own informed decisions regarding sexual relations, contraceptive use and reproductive health care (% of women age 15-49)",SG.DMK.SRCR.FN.ZS,0,25,0
Togo,Women's share of population ages 15+ living with HIV (%),SH.DYN.AIDS.FE.ZS,0,25,0
Togo,"Contraceptive prevalence, any method (% of married women ages 15-49)",SP.DYN.CONU.ZS,0,25,0
Togo,Coverage of social insurance programs (% of population),per_si_allsi.cov_pop_tot,0,25,0
Togo,Coverage of social safety net programs (% of population),per_sa_allsa.cov_pop_tot,0,25,0
Togo,Demand for family planning satisfied by modern methods (% of married women with demand for family planning),SH.FPL.SATM.ZS,0,25,0
Togo,Diabetes prevalence (% of population ages 20 to 79),SH.STA.DIAB.ZS,0,25,0
Togo,"Life expectancy at birth, total (years)",SP.DYN.LE00.IN,0,25,0
Togo,"Life expectancy at birth, female (years)",SP.DYN.LE00.FE.IN,0,25,0
Togo,"Life expectancy at birth, male (years)",SP.DYN.LE00.MA.IN,0,25,0
Togo,"Nurses and midwives (per 1,000 people)",SH.MED.NUMW.P3,0,25,0
Togo,Prevalence of anemia among women of reproductive age (% of women ages 15-49),SH.ANM.ALLW.ZS,0,25,0
Togo,Prevalence of anemia among pregnant women (%),SH.PRG.ANEM,0,25,0
Togo,"Prevalence of HIV, female (% ages 15-24)",SH.HIV.1524.FE.ZS,0,25,0
Togo,"Prevalence of HIV, male (% ages 15-24)",SH.HIV.1524.MA.ZS,0,25,0
Togo,"Prevalence of HIV, total (% of population ages 15-49)",SH.DYN.AIDS.ZS,0,25,0
Tonga,Adjusted net national income (current US$),NY.ADJ.NNTY.CD,0,25,0
Tonga,"Adolescent fertility rate (births per 1,000 women ages 15-19)",SP.ADO.TFRT,0,25,0
Tonga,Gross savings (% of GDP),NY.GNS.ICTR.ZS,0,25,0
Tonga,"Inflation, consumer prices (annual %)",FP.CPI.TOTL.ZG,0,25,0
Tonga,"Labor force participation rate, female (% of female population ages 15+) (national estimate)",SL.TLF.CACT.FE.NE.ZS,0,25,0
Tonga,"Population, female",SP.POP.TOTL.FE.IN,0,25,0
Tonga,"Population, female (% of total population)",SP.POP.TOTL.FE.ZS,0,25,0
Tonga,"Population, male",SP.POP.TOTL.MA.IN,0,25,0
Tonga,"Population, male (% of total population)",SP.POP.TOTL.MA.ZS,0,25,0
Tonga,Ratio of female to male labor force participation rate (%) (national estimate),SL.TLF.CACT.FM.NE.ZS,0,25,0
Tonga,"Unemployment, youth female (% of female labor force ages 15-24) (national estimate)",SL.UEM.1524.FE.NE.ZS,0,25,0
Tonga,Wanted fertility rate (births per woman),SP.DYN.WFRT,0,25,0
Tonga,"Women making their own informed decisions regarding sexual relations, contraceptive use and reproductive health care (% of women age 15-49)",SG.DMK.SRCR.FN.ZS,0,25,0
Tonga,Women's share of population ages 15+ living with HIV (%),SH.DYN.AIDS.FE.ZS,0,25,0
Tonga,"Contraceptive prevalence, any method (% of married women ages 15-49)",SP.DYN.CONU.ZS,0,25,0
Tonga,Coverage of social insurance programs (% of population),per_si_allsi.cov_pop_tot,0,25,0
Tonga,Coverage of social safety net programs (% of population),per_sa_allsa.cov_pop_tot,0,25,0
Tonga,Demand for family planning satisfied by modern methods (% of married women with demand for family planning),SH.FPL.SATM.ZS,0,25,0
Tonga,Diabetes prevalence (% of population ages 20 to 79),SH.STA.DIAB.ZS,0,25,0
Tonga,"Life expectancy at birth, total (years)",SP.DYN.LE00.IN,0,25,0
Tonga,"Life expectancy at birth, female (years)",SP.DYN.LE00.FE.IN,0,25,0
Tonga,"Life expectancy at birth, male (years)",SP.DYN.LE00.MA.IN,0,25,0
Tonga,"Nurses and midwives (per 1,000 people)",SH.MED.NUMW.P3,0,25,0
Tonga,Prevalence of anemia among women of reproductive age (% of women ages 15-49),SH.ANM.ALLW.ZS,0,25,0
Tonga,Prevalence of anemia among pregnant women (%),SH.PRG.ANEM,0,25,0
Tonga,"Prevalence of HIV, female (% ages 15-24)",SH.HIV.1524.FE.ZS,0,25,0
Tonga,"Prevalence of HIV, male (% ages 15-24)",SH.HIV.1524.MA.ZS,0,25,0
Tonga,"Prevalence of HIV, total (% of population ages 15-49)",SH.DYN.AIDS.ZS,0,25,0
Trinidad and Tobago,Adjusted net national income (current US$),NY.ADJ.NNTY.CD,0,25,0
Trinidad and Tobago,"Adolescent fertility rate (births per 1,000 women ages 15-19)",SP.ADO.TFRT,0,25,0
Trinidad and Tobago,Gross savings (% of GDP),NY.GNS.ICTR.ZS,0,25,0
Trinidad and Tobago,"Inflation, consumer prices (annual %)",FP.CPI.TOTL.ZG,0,25,0
Trinidad and Tobago,"Labor force participation rate, female (% of female population ages 15+) (national estimate)",SL.TLF.CACT.FE.NE.ZS,0,25,0
Trinidad and Tobago,"Population, female",SP.POP.TOTL.FE.IN,0,25,0
Trinidad and Tobago,"Population, female (% of total population)",SP.POP.TOTL.FE.ZS,0,25,0
Trinidad and Tobago,"Population, male",SP.POP.TOTL.MA.IN,0,25,0
Trinidad and Tobago,"Population, male (% of total population)",SP.POP.TOTL.MA.ZS,0,25,0
Trinidad and Tobago,Ratio of female to male labor force participation rate (%) (national estimate),SL.TLF.CACT.FM.NE.ZS,0,25,0
Trinidad and Tobago,"Unemployment, youth female (% of female labor force ages 15-24) (national estimate)",SL.UEM.1524.FE.NE.ZS,0,25,0
Trinidad and Tobago,Wanted fertility rate (births per woman),SP.DYN.WFRT,0,25,0
Trinidad and Tobago,"Women making their own informed decisions regarding sexual relations, contraceptive use and reproductive health care (% of women age 15-49)",SG.DMK.SRCR.FN.ZS,0,25,0
Trinidad and Tobago,Women's share of population ages 15+ living with HIV (%),SH.DYN.AIDS.FE.ZS,0,25,0
Trinidad and Tobago,"Contraceptive prevalence, any method (% of married women ages 15-49)",SP.DYN.CONU.ZS,0,25,0
Trinidad and Tobago,Coverage of social insurance programs (% of population),per_si_allsi.cov_pop_tot,0,25,0
Trinidad and Tobago,Coverage of social safety net programs (% of population),per_sa_allsa.cov_pop_tot,0,25,0
Trinidad and Tobago,Demand for family planning satisfied by modern methods (% of married women with demand for family planning),SH.FPL.SATM.ZS,0,25,0
Trinidad and Tobago,Diabetes prevalence (% of population ages 20 to 79),SH.STA.DIAB.ZS,0,25,0
Trinidad and Tobago,"Life expectancy at birth, total (years)",SP.DYN.LE00.IN,0,25,0
Trinidad and Tobago,"Life expectancy at birth, female (years)",SP.DYN.LE00.FE.IN,0,25,0
Trinidad and Tobago,"Life expectancy at birth, male (years)",SP.DYN.LE00.MA.IN,0,25,0
Trinidad and Tobago,"Nurses and midwives (per 1,000 people)",SH.MED.NUMW.P3,0,25,0
Trinidad and Tobago,Prevalence of anemia among women of reproductive age (% of women ages 15-49),SH.ANM.ALLW.ZS,0,25,0
Trinidad and Tobago,Prevalence of anemia among pregnant women (%),SH.PRG.ANEM,0,25,0
Trinidad and Tobago,"Prevalence of HIV, female (% ages 15-24)",SH.HIV.1524.FE.ZS,0,25,0
Trinidad and Tobago,"Prevalence of HIV, male (% ages 15-24)",SH.HIV.1524.MA.ZS,0,25,0
Trinidad and Tobago,"Prevalence of HIV, total (% of population ages 15-49)",SH.DYN.AIDS.ZS,0,25,0
Tunisia,Adjusted net national income (current US$),NY.ADJ.NNTY.CD,0,25,0
Tunisia,"Adolescent fertility rate (births per 1,000 women ages 15-19)",SP.ADO.TFRT,0,25,0
Tunisia,Gross savings (% of GDP),NY.GNS.ICTR.ZS,0,25,0
Tunisia,"Inflation, consumer prices (annual %)",FP.CPI.TOTL.ZG,0,25,0
Tunisia,"Labor force participation rate, female (% of female population ages 15+) (national estimate)",SL.TLF.CACT.FE.NE.ZS,0,25,0
Tunisia,"Population, female",SP.POP.TOTL.FE.IN,0,25,0
Tunisia,"Population, female (% of total population)",SP.POP.TOTL.FE.ZS,0,25,0
Tunisia,"Population, male",SP.POP.TOTL.MA.IN,0,25,0
Tunisia,"Population, male (% of total population)",SP.POP.TOTL.MA.ZS,0,25,0
Tunisia,Ratio of female to male labor force participation rate (%) (national estimate),SL.TLF.CACT.FM.NE.ZS,0,25,0
Tunisia,"Unemployment, youth female (% of female labor force ages 15-24) (national estimate)",SL.UEM.1524.FE.NE.ZS,0,25,0
Tunisia,Wanted fertility rate (births per woman),SP.DYN.WFRT,0,25,0
Tunisia,"Women making their own informed decisions regarding sexual relations, contraceptive use and reproductive health care (% of women age 15-49)",SG.DMK.SRCR.FN.ZS,0,25,0
Tunisia,Women's share of population ages 15+ living with HIV (%),SH.DYN.AIDS.FE.ZS,0,25,0
Tunisia,"Contraceptive prevalence, any method (% of married women ages 15-49)",SP.DYN.CONU.ZS,0,25,0
Tunisia,Coverage of social insurance programs (% of population),per_si_allsi.cov_pop_tot,0,25,0
Tunisia,Coverage of social safety net programs (% of population),per_sa_allsa.cov_pop_tot,0,25,0
Tunisia,Demand for family planning satisfied by modern methods (% of married women with demand for family planning),SH.FPL.SATM.ZS,0,25,0
Tunisia,Diabetes prevalence (% of population ages 20 to 79),SH.STA.DIAB.ZS,0,25,0
Tunisia,"Life expectancy at birth, total (years)",SP.DYN.LE00.IN,0,25,0
Tunisia,"Life expectancy at birth, female (years)",SP.DYN.LE00.FE.IN,0,25,0
Tunisia,"Life expectancy at birth, male (years)",SP.DYN.LE00.MA.IN,0,25,0
Tunisia,"Nurses and midwives (per 1,000 people)",SH.MED.NUMW.P3,0,25,0
Tunisia,Prevalence of anemia among women of reproductive age (% of women ages 15-49),SH.ANM.ALLW.ZS,0,25,0
Tunisia,Prevalence of anemia among pregnant women (%),SH.PRG.ANEM,0,25,0
Tunisia,"Prevalence of HIV, female (% ages 15-24)",SH.HIV.1524.FE.ZS,0,25,0
Tunisia,"Prevalence of HIV, male (% ages 15-24)",SH.HIV.1524.MA.ZS,0,25,0
Tunisia,"Prevalence of HIV, total (% of population ages 15-49)",SH.DYN.AIDS.ZS,0,25,0
Turkiye,Adjusted net national income (current US$),NY.ADJ.NNTY.CD,0,25,0
Turkiye,"Adolescent fertility rate (births per 1,000 women ages 15-19)",SP.ADO.TFRT,0,25,0
Turkiye,Gross savings (% of GDP),NY.GNS.ICTR.ZS,0,25,0
Turkiye,"Inflation, consumer prices (annual %)",FP.CPI.TOTL.ZG,0,25,0
Turkiye,"Labor force participation rate, female (% of female population ages 15+) (national estimate)",SL.TLF.CACT.FE.NE.ZS,0,25,0
Turkiye,"Population, female",SP.POP.TOTL.FE.IN,0,25,0
Turkiye,"Population, female (% of total population)",SP.POP.TOTL.FE.ZS,0,25,0
Turkiye,"Population, male",SP.POP.TOTL.MA.IN,0,25,0
Turkiye,"Population, male (% of total population)",SP.POP.TOTL.MA.ZS,0,25,0
Turkiye,Ratio of female to male labor force participation rate (%) (national estimate),SL.TLF.CACT.FM.NE.ZS,0,25,0
Turkiye,"Unemployment, youth female (% of female labor force ages 15-24) (national estimate)",SL.UEM.1524.FE.NE.ZS,0,25,0
Turkiye,Wanted fertility rate (births per woman),SP.DYN.WFRT,0,25,0
Turkiye,"Women making their own informed decisions regarding sexual relations, contraceptive use and reproductive health care (% of women age 15-49)",SG.DMK.SRCR.FN.ZS,0,25,0
Turkiye,Women's share of population ages 15+ living with HIV (%),SH.DYN.AIDS.FE.ZS,0,25,0
Turkiye,"Contraceptive prevalence, any method (% of married women ages 15-49)",SP.DYN.CONU.ZS,0,25,0
Turkiye,Coverage of social insurance programs (% of population),per_si_allsi.cov_pop_tot,0,25,0
Turkiye,Coverage of social safety net programs (% of population),per_sa_allsa.cov_pop_tot,0,25,0
Turkiye,Demand for family planning satisfied by modern methods (% of married women with demand for family planning),SH.FPL.SATM.ZS,0,25,0
Turkiye,Diabetes prevalence (% of population ages 20 to 79),SH.STA.DIAB.ZS,0,25,0
Turkiye,"Life expectancy at birth, total (years)",SP.DYN.LE00.IN,0,25,0
Turkiye,"Life expectancy at birth, female (years)",SP.DYN.LE00.FE.IN,0,25,0
Turkiye,"Life expectancy at birth, male (years)",SP.DYN.LE00.MA.IN,0,25,0
Turkiye,"Nurses and midwives (per 1,000 people)",SH.MED.NUMW.P3,0,25,0
Turkiye,Prevalence of anemia among women of reproductive age (% of women ages 15-49),SH.ANM.ALLW.ZS,0,25,0
Turkiye,Prevalence of anemia among pregnant women (%),SH.PRG.ANEM,0,25,0
Turkiye,"Prevalence of HIV, female (% ages 15-24)",SH.HIV.1524.FE.ZS,0,25,0
Turkiye,"Prevalence of HIV, male (% ages 15-24)",SH.HIV.1524.MA.ZS,0,25,0
Turkiye,"Prevalence of HIV, total (% of population ages 15-49)",SH.DYN.AIDS.ZS,0,25,0
Turkmenistan,Adjusted net national income (current US$),NY.ADJ.NNTY.CD,0,25,0
Turkmenistan,"Adolescent fertility rate (births per 1,000 women ages 15-19)",SP.ADO.TFRT,0,25,0
Turkmenistan,Gross savings (% of GDP),NY.GNS.ICTR.ZS,0,25,0
Turkmenistan,"Inflation, consumer prices (annual %)",FP.CPI.TOTL.ZG,0,25,0
Turkmenistan,"Labor force participation rate, female (% of female population ages 15+) (national estimate)",SL.TLF.CACT.FE.NE.ZS,0,25,0
Turkmenistan,"Population, female",SP.POP.TOTL.FE.IN,0,25,0
Turkmenistan,"Population, female (% of total population)",SP.POP.TOTL.FE.ZS,0,25,0
Turkmenistan,"Population, male",SP.POP.TOTL.MA.IN,0,25,0
Turkmenistan,"Population, male (% of total population)",SP.POP.TOTL.MA.ZS,0,25,0
Turkmenistan,Ratio of female to male labor force participation rate (%) (national estimate),SL.TLF.CACT.FM.NE.ZS,0,25,0
Turkmenistan,"Unemployment, youth female (% of female labor force ages 15-24) (national estimate)",SL.UEM.1524.FE.NE.ZS,0,25,0
Turkmenistan,Wanted fertility rate (births per woman),SP.DYN.WFRT,0,25,0
Turkmenistan,"Women making their own informed decisions regarding sexual relations, contraceptive use and reproductive health care (% of women age 15-49)",SG.DMK.SRCR.FN.ZS,0,25,0
Turkmenistan,Women's share of population ages 15+ living with HIV (%),SH.DYN.AIDS.FE.ZS,0,25,0
Turkmenistan,"Contraceptive prevalence, any method (% of married women ages 15-49)",SP.DYN.CONU.ZS,0,25,0
Turkmenistan,Coverage of social insurance programs (% of population),per_si_allsi.cov_pop_tot,0,25,0
Turkmenistan,Coverage of social safety net programs (% of population),per_sa_allsa.cov_pop_tot,0,25,0
Turkmenistan,Demand for family planning satisfied by modern methods (% of married women with demand for family planning),SH.FPL.SATM.ZS,0,25,0
Turkmenistan,Diabetes prevalence (% of population ages 20 to 79),SH.STA.DIAB.ZS,0,25,0
Turkmenistan,"Life expectancy at birth, total (years)",SP.DYN.LE00.IN,0,25,0
Turkmenistan,"Life expectancy at birth, female (years)",SP.DYN.LE00.FE.IN,0,25,0
Turkmenistan,"Life expectancy at birth, male (years)",SP.DYN.LE00.MA.IN,0,25,0
Turkmenistan,"Nurses and midwives (per 1,000 people)",SH.MED.NUMW.P3,0,25,0
Turkmenistan,Prevalence of anemia among women of reproductive age (% of women ages 15-49),SH.ANM.ALLW.ZS,0,25,0
Turkmenistan,Prevalence of anemia among pregnant women (%),SH.PRG.ANEM,0,25,0
Turkmenistan,"Prevalence of HIV, female (% ages 15-24)",SH.HIV.1524.FE.ZS,0,25,0
Turkmenistan,"Prevalence of HIV, male (% ages 15-24)",SH.HIV.1524.MA.ZS,0,25,0
Turkmenistan,"Prevalence of HIV, total (% of population ages 15-49)",SH.DYN.AIDS.ZS,0,25,0
Turks and Caicos Islands,Adjusted net national income (current US$),NY.ADJ.NNTY.CD,0,25,0
Turks and Caicos Islands,"Adolescent fertility rate (births per 1,000 women ages 15-19)",SP.ADO.TFRT,0,25,0
Turks and Caicos Islands,Gross savings (% of GDP),NY.GNS.ICTR.ZS,0,25,0
Turks and Caicos Islands,"Inflation, consumer prices (annual %)",FP.CPI.TOTL.ZG,0,25,0
Turks and Caicos Islands,"Labor force participation rate, female (% of female population ages 15+) (national estimate)",SL.TLF.CACT.FE.NE.ZS,0,25,0
Turks and Caicos Islands,"Population, female",SP.POP.TOTL.FE.IN,0,25,0
Turks and Caicos Islands,"Population, female (% of total population)",SP.POP.TOTL.FE.ZS,0,25,0
Turks and Caicos Islands,"Population, male",SP.POP.TOTL.MA.IN,0,25,0
Turks and Caicos Islands,"Population, male (% of total population)",SP.POP.TOTL.MA.ZS,0,25,0
Turks and Caicos Islands,Ratio of female to male labor force participation rate (%) (national estimate),SL.TLF.CACT.FM.NE.ZS,0,25,0
Turks and Caicos Islands,"Unemployment, youth female (% of female labor force ages 15-24) (national estimate)",SL.UEM.1524.FE.NE.ZS,0,25,0
Turks and Caicos Islands,Wanted fertility rate (births per woman),SP.DYN.WFRT,0,25,0
Turks and Caicos Islands,"Women making their own informed decisions regarding sexual relations, contraceptive use and reproductive health care (% of women age 15-49)",SG.DMK.SRCR.FN.ZS,0,25,0
Turks and Caicos Islands,Women's share of population ages 15+ living with HIV (%),SH.DYN.AIDS.FE.ZS,0,25,0
Turks and Caicos Islands,"Contraceptive prevalence, any method (% of married women ages 15-49)",SP.DYN.CONU.ZS,0,25,0
Turks and Caicos Islands,Coverage of social insurance programs (% of population),per_si_allsi.cov_pop_tot,0,25,0
Turks and Caicos Islands,Coverage of social safety net programs (% of population),per_sa_allsa.cov_pop_tot,0,25,0
Turks and Caicos Islands,Demand for family planning satisfied by modern methods (% of married women with demand for family planning),SH.FPL.SATM.ZS,0,25,0
Turks and Caicos Islands,Diabetes prevalence (% of population ages 20 to 79),SH.STA.DIAB.ZS,0,25,0
Turks and Caicos Islands,"Life expectancy at birth, total (years)",SP.DYN.LE00.IN,0,25,0
Turks and Caicos Islands,"Life expectancy at birth, female (years)",SP.DYN.LE00.FE.IN,0,25,0
Turks and Caicos Islands,"Life expectancy at birth, male (years)",SP.DYN.LE00.MA.IN,0,25,0
Turks and Caicos Islands,"Nurses and midwives (per 1,000 people)",SH.MED.NUMW.P3,0,25,0
Turks and Caicos Islands,Prevalence of anemia among women of reproductive age (% of women ages 15-49),SH.ANM.ALLW.ZS,0,25,0
Turks and Caicos Islands,Prevalence of anemia among pregnant women (%),SH.PRG.ANEM,0,25,0
Turks and Caicos Islands,"Prevalence of HIV, female (% ages 15-24)",SH.HIV.1524.FE.ZS,0,25,0
Turks and Caicos Islands,"Prevalence of HIV, male (% ages 15-24)",SH.HIV.1524.MA.ZS,0,25,0
Turks and Caicos Islands,"Prevalence of HIV, total (% of population ages 15-49)",SH.DYN.AIDS.ZS,0,25,0
Tuvalu,Adjusted net national income (current US$),NY.ADJ.NNTY.CD,0,25,0
Tuvalu,"Adolescent fertility rate (births per 1,000 women ages 15-19)",SP.ADO.TFRT,0,25,0
Tuvalu,Gross savings (% of GDP),NY.GNS.ICTR.ZS,0,25,0
Tuvalu,"Inflation, consumer prices (annual %)",FP.CPI.TOTL.ZG,0,25,0
Tuvalu,"Labor force participation rate, female (% of female population ages 15+) (national estimate)",SL.TLF.CACT.FE.NE.ZS,0,25,0
Tuvalu,"Population, female",SP.POP.TOTL.FE.IN,0,25,0
Tuvalu,"Population, female (% of total population)",SP.POP.TOTL.FE.ZS,0,25,0
Tuvalu,"Population, male",SP.POP.TOTL.MA.IN,0,25,0
Tuvalu,"Population, male (% of total population)",SP.POP.TOTL.MA.ZS,0,25,0
Tuvalu,Ratio of female to male labor force participation rate (%) (national estimate),SL.TLF.CACT.FM.NE.ZS,0,25,0
Tuvalu,"Unemployment, youth female (% of female labor force ages 15-24) (national estimate)",SL.UEM.1524.FE.NE.ZS,0,25,0
Tuvalu,Wanted fertility rate (births per woman),SP.DYN.WFRT,0,25,0
Tuvalu,"Women making their own informed decisions regarding sexual relations, contraceptive use and reproductive health care (% of women age 15-49)",SG.DMK.SRCR.FN.ZS,0,25,0
Tuvalu,Women's share of population ages 15+ living with HIV (%),SH.DYN.AIDS.FE.ZS,0,25,0
Tuvalu,"Contraceptive prevalence, any method (% of married women ages 15-49)",SP.DYN.CONU.ZS,0,25,0
Tuvalu,Coverage of social insurance programs (% of population),per_si_allsi.cov_pop_tot,0,25,0
Tuvalu,Coverage of social safety net programs (% of population),per_sa_allsa.cov_pop_tot,0,25,0
Tuvalu,Demand for family planning satisfied by modern methods (% of married women with demand for family planning),SH.FPL.SATM.ZS,0,25,0
Tuvalu,Diabetes prevalence (% of population ages 20 to 79),SH.STA.DIAB.ZS,0,25,0
Tuvalu,"Life expectancy at birth, total (years)",SP.DYN.LE00.IN,0,25,0
Tuvalu,"Life expectancy at birth, female (years)",SP.DYN.LE00.FE.IN,0,25,0
Tuvalu,"Life expectancy at birth, male (years)",SP.DYN.LE00.MA.IN,0,25,0
Tuvalu,"Nurses and midwives (per 1,000 people)",SH.MED.NUMW.P3,0,25,0
Tuvalu,Prevalence of anemia among women of reproductive age (% of women ages 15-49),SH.ANM.ALLW.ZS,0,25,0
Tuvalu,Prevalence of anemia among pregnant women (%),SH.PRG.ANEM,0,25,0
Tuvalu,"Prevalence of HIV, female (% ages 15-24)",SH.HIV.1524.FE.ZS,0,25,0
Tuvalu,"Prevalence of HIV, male (% ages 15-24)",SH.HIV.1524.MA.ZS,0,25,0
Tuvalu,"Prevalence of HIV, total (% of population ages 15-49)",SH.DYN.AIDS.ZS,0,25,0
Uganda,Adjusted net national income (current US$),NY.ADJ.NNTY.CD,0,25,0
Uganda,"Adolescent fertility rate (births per 1,000 women ages 15-19)",SP.ADO.TFRT,0,25,0
Uganda,Gross savings (% of GDP),NY.GNS.ICTR.ZS,0,25,0
Uganda,"Inflation, consumer prices (annual %)",FP.CPI.TOTL.ZG,0,25,0
Uganda,"Labor force participation rate, female (% of female population ages 15+) (national estimate)",SL.TLF.CACT.FE.NE.ZS,0,25,0
Uganda,"Population, female",SP.POP.TOTL.FE.IN,0,25,0
Uganda,"Population, female (% of total population)",SP.POP.TOTL.FE.ZS,0,25,0
Uganda,"Population, male",SP.POP.TOTL.MA.IN,0,25,0
Uganda,"Population, male (% of total population)",SP.POP.TOTL.MA.ZS,0,25,0
Uganda,Ratio of female to male labor force participation rate (%) (national estimate),SL.TLF.CACT.FM.NE.ZS,0,25,0
Uganda,"Unemployment, youth female (% of female labor force ages 15-24) (national estimate)",SL.UEM.1524.FE.NE.ZS,0,25,0
Uganda,Wanted fertility rate (births per woman),SP.DYN.WFRT,0,25,0
Uganda,"Women making their own informed decisions regarding sexual relations, contraceptive use and reproductive health care (% of women age 15-49)",SG.DMK.SRCR.FN.ZS,0,25,0
Uganda,Women's share of population ages 15+ living with HIV (%),SH.DYN.AIDS.FE.ZS,0,25,0
Uganda,"Contraceptive prevalence, any method (% of married women ages 15-49)",SP.DYN.CONU.ZS,0,25,0
Uganda,Coverage of social insurance programs (% of population),per_si_allsi.cov_pop_tot,0,25,0
Uganda,Coverage of social safety net programs (% of population),per_sa_allsa.cov_pop_tot,0,25,0
Uganda,Demand for family planning satisfied by modern methods (% of married women with demand for family planning),SH.FPL.SATM.ZS,0,25,0
Uganda,Diabetes prevalence (% of population ages 20 to 79),SH.STA.DIAB.ZS,0,25,0
Uganda,"Life expectancy at birth, total (years)",SP.DYN.LE00.IN,0,25,0
Uganda,"Life expectancy at birth, female (years)",SP.DYN.LE00.FE.IN,0,25,0
Uganda,"Life expectancy at birth, male (years)",SP.DYN.LE00.MA.IN,0,25,0
Uganda,"Nurses and midwives (per 1,000 people)",SH.MED.NUMW.P3,0,25,0
Uganda,Prevalence of anemia among women of reproductive age (% of women ages 15-49),SH.ANM.ALLW.ZS,0,25,0
Uganda,Prevalence of anemia among pregnant women (%),SH.PRG.ANEM,0,25,0
Uganda,"Prevalence of HIV, female (% ages 15-24)",SH.HIV.1524.FE.ZS,0,25,0
Uganda,"Prevalence of HIV, male (% ages 15-24)",SH.HIV.1524.MA.ZS,0,25,0
Uganda,"Prevalence of HIV, total (% of population ages 15-49)",SH.DYN.AIDS.ZS,0,25,0
Ukraine,Adjusted net national income (current US$),NY.ADJ.NNTY.CD,0,25,0
Ukraine,"Adolescent fertility rate (births per 1,000 women ages 15-19)",SP.ADO.TFRT,0,25,0
Ukraine,Gross savings (% of GDP),NY.GNS.ICTR.ZS,0,25,0
Ukraine,"Inflation, consumer prices (annual %)",FP.CPI.TOTL.ZG,0,25,0
Ukraine,"Labor force participation rate, female (% of female population ages 15+) (national estimate)",SL.TLF.CACT.FE.NE.ZS,0,25,0
Ukraine,"Population, female",SP.POP.TOTL.FE.IN,0,25,0
Ukraine,"Population, female (% of total population)",SP.POP.TOTL.FE.ZS,0,25,0
Ukraine,"Population, male",SP.POP.TOTL.MA.IN,0,25,0
Ukraine,"Population, male (% of total population)",SP.POP.TOTL.MA.ZS,0,25,0
Ukraine,Ratio of female to male labor force participation rate (%) (national estimate),SL.TLF.CACT.FM.NE.ZS,0,25,0
Ukraine,"Unemployment, youth female (% of female labor force ages 15-24) (national estimate)",SL.UEM.1524.FE.NE.ZS,0,25,0
Ukraine,Wanted fertility rate (births per woman),SP.DYN.WFRT,0,25,0
Ukraine,"Women making their own informed decisions regarding sexual relations, contraceptive use and reproductive health care (% of women age 15-49)",SG.DMK.SRCR.FN.ZS,0,25,0
Ukraine,Women's share of population ages 15+ living with HIV (%),SH.DYN.AIDS.FE.ZS,0,25,0
Ukraine,"Contraceptive prevalence, any method (% of married women ages 15-49)",SP.DYN.CONU.ZS,0,25,0
Ukraine,Coverage of social insurance programs (% of population),per_si_allsi.cov_pop_tot,0,25,0
Ukraine,Coverage of social safety net programs (% of population),per_sa_allsa.cov_pop_tot,0,25,0
Ukraine,Demand for family planning satisfied by modern methods (% of married women with demand for family planning),SH.FPL.SATM.ZS,0,25,0
Ukraine,Diabetes prevalence (% of population ages 20 to 79),SH.STA.DIAB.ZS,0,25,0
Ukraine,"Life expectancy at birth, total (years)",SP.DYN.LE00.IN,0,25,0
Ukraine,"Life expectancy at birth, female (years)",SP.DYN.LE00.FE.IN,0,25,0
Ukraine,"Life expectancy at birth, male (years)",SP.DYN.LE00.MA.IN,0,25,0
Ukraine,"Nurses and midwives (per 1,000 people)",SH.MED.NUMW.P3,0,25,0
Ukraine,Prevalence of anemia among women of reproductive age (% of women ages 15-49),SH.ANM.ALLW.ZS,0,25,0
Ukraine,Prevalence of anemia among pregnant women (%),SH.PRG.ANEM,0,25,0
Ukraine,"Prevalence of HIV, female (% ages 15-24)",SH.HIV.1524.FE.ZS,0,25,0
Ukraine,"Prevalence of HIV, male (% ages 15-24)",SH.HIV.1524.MA.ZS,0,25,0
Ukraine,"Prevalence of HIV, total (% of population ages 15-49)",SH.DYN.AIDS.ZS,0,25,0
United Arab Emirates,Adjusted net national income (current US$),NY.ADJ.NNTY.CD,0,25,0
United Arab Emirates,"Adolescent fertility rate (births per 1,000 women ages 15-19)",SP.ADO.TFRT,0,25,0
United Arab Emirates,Gross savings (% of GDP),NY.GNS.ICTR.ZS,0,25,0
United Arab Emirates,"Inflation, consumer prices (annual %)",FP.CPI.TOTL.ZG,0,25,0
United Arab Emirates,"Labor force participation rate, female (% of female population ages 15+) (national estimate)",SL.TLF.CACT.FE.NE.ZS,0,25,0
United Arab Emirates,"Population, female",SP.POP.TOTL.FE.IN,0,25,0
United Arab Emirates,"Population, female (% of total population)",SP.POP.TOTL.FE.ZS,0,25,0
United Arab Emirates,"Population, male",SP.POP.TOTL.MA.IN,0,25,0
United Arab Emirates,"Population, male (% of total population)",SP.POP.TOTL.MA.ZS,0,25,0
United Arab Emirates,Ratio of female to male labor force participation rate (%) (national estimate),SL.TLF.CACT.FM.NE.ZS,0,25,0
United Arab Emirates,"Unemployment, youth female (% of female labor force ages 15-24) (national estimate)",SL.UEM.1524.FE.NE.ZS,0,25,0
United Arab Emirates,Wanted fertility rate (births per woman),SP.DYN.WFRT,0,25,0
United Arab Emirates,"Women making their own informed decisions regarding sexual relations, contraceptive use and reproductive health care (% of women age 15-49)",SG.DMK.SRCR.FN.ZS,0,25,0
United Arab Emirates,Women's share of population ages 15+ living with HIV (%),SH.DYN.AIDS.FE.ZS,0,25,0
United Arab Emirates,"Contraceptive prevalence, any method (% of married women ages 15-49)",SP.DYN.CONU.ZS,0,25,0
United Arab Emirates,Coverage of social insurance programs (% of population),per_si_allsi.cov_pop_tot,0,25,0
United Arab Emirates,Coverage of social safety net programs (% of population),per_sa_allsa.cov_pop_tot,0,25,0
United Arab Emirates,Demand for family planning satisfied by modern methods (% of married women with demand for family planning),SH.FPL.SATM.ZS,0,25,0
United Arab Emirates,Diabetes prevalence (% of population ages 20 to 79),SH.STA.DIAB.ZS,0,25,0
United Arab Emirates,"Life expectancy at birth, total (years)",SP.DYN.LE00.IN,0,25,0
United Arab Emirates,"Life expectancy at birth, female (years)",SP.DYN.LE00.FE.IN,0,25,0
United Arab Emirates,"Life expectancy at birth, male (years)",SP.DYN.LE00.MA.IN,0,25,0
United Arab Emirates,"Nurses and midwives (per 1,000 people)",SH.MED.NUMW.P3,0,25,0
United Arab Emirates,Prevalence of anemia among women of reproductive age (% of women ages 15-49),SH.ANM.ALLW.ZS,0,25,0
United Arab Emirates,Prevalence of anemia among pregnant women (%),SH.PRG.ANEM,0,25,0
United Arab Emirates,"Prevalence of HIV, female (% ages 15-24)",SH.HIV.1524.FE.ZS,0,25,0
United Arab Emirates,"Prevalence of HIV, male (% ages 15-24)",SH.HIV.1524.MA.ZS,0,25,0
United Arab Emirates,"Prevalence of HIV, total (% of population ages 15-49)",SH.DYN.AIDS.ZS,0,25,0
United Kingdom,Adjusted net national income (current US$),NY.ADJ.NNTY.CD,0,25,0
United Kingdom,"Adolescent fertility rate (births per 1,000 women ages 15-19)",SP.ADO.TFRT,0,25,0
United Kingdom,Gross savings (% of GDP),NY.GNS.ICTR.ZS,0,25,0
United Kingdom,"Inflation, consumer prices (annual %)",FP.CPI.TOTL.ZG,0,25,0
United Kingdom,"Labor force participation rate, female (% of female population ages 15+) (national estimate)",SL.TLF.CACT.FE.NE.ZS,0,25,0
United Kingdom,"Population, female",SP.POP.TOTL.FE.IN,0,25,0
United Kingdom,"Population, female (% of total population)",SP.POP.TOTL.FE.ZS,0,25,0
United Kingdom,"Population, male",SP.POP.TOTL.MA.IN,0,25,0
United Kingdom,"Population, male (% of total population)",SP.POP.TOTL.MA.ZS,0,25,0
United Kingdom,Ratio of female to male labor force participation rate (%) (national estimate),SL.TLF.CACT.FM.NE.ZS,0,25,0
United Kingdom,"Unemployment, youth female (% of female labor force ages 15-24) (national estimate)",SL.UEM.1524.FE.NE.ZS,0,25,0
United Kingdom,Wanted fertility rate (births per woman),SP.DYN.WFRT,0,25,0
United Kingdom,"Women making their own informed decisions regarding sexual relations, contraceptive use and reproductive health care (% of women age 15-49)",SG.DMK.SRCR.FN.ZS,0,25,0
United Kingdom,Women's share of population ages 15+ living with HIV (%),SH.DYN.AIDS.FE.ZS,0,25,0
United Kingdom,"Contraceptive prevalence, any method (% of married women ages 15-49)",SP.DYN.CONU.ZS,0,25,0
United Kingdom,Coverage of social insurance programs (% of population),per_si_allsi.cov_pop_tot,0,25,0
United Kingdom,Coverage of social safety net programs (% of population),per_sa_allsa.cov_pop_tot,0,25,0
United Kingdom,Demand for family planning satisfied by modern methods (% of married women with demand for family planning),SH.FPL.SATM.ZS,0,25,0
United Kingdom,Diabetes prevalence (% of population ages 20 to 79),SH.STA.DIAB.ZS,0,25,0
United Kingdom,"Life expectancy at birth, total (years)",SP.DYN.LE00.IN,0,25,0
United Kingdom,"Life expectancy at birth, female (years)",SP.DYN.LE00.FE.IN,0,25,0
United Kingdom,"Life expectancy at birth, male (years)",SP.DYN.LE00.MA.IN,0,25,0
United Kingdom,"Nurses and midwives (per 1,000 people)",SH.MED.NUMW.P3,0,25,0
United Kingdom,Prevalence of anemia among women of reproductive age (% of women ages 15-49),SH.ANM.ALLW.ZS,0,25,0
United Kingdom,Prevalence of anemia among pregnant women (%),SH.PRG.ANEM,0,25,0
United Kingdom,"Prevalence of HIV, female (% ages 15-24)",SH.HIV.1524.FE.ZS,0,25,0
United Kingdom,"Prevalence of HIV, male (% ages 15-24)",SH.HIV.1524.MA.ZS,0,25,0
United Kingdom,"Prevalence of HIV, total (% of population ages 15-49)",SH.DYN.AIDS.ZS,0,25,0
United States,Adjusted net national income (current US$),NY.ADJ.NNTY.CD,0,25,0
United States,"Adolescent fertility rate (births per 1,000 women ages 15-19)",SP.ADO.TFRT,0,25,0
United States,Gross savings (% of GDP),NY.GNS.ICTR.ZS,0,25,0
United States,"Inflation, consumer prices (annual %)",FP.CPI.TOTL.ZG,0,25,0
United States,"Labor force participation rate, female (% of female population ages 15+) (national estimate)",SL.TLF.CACT.FE.NE.ZS,0,25,0
United States,"Population, female",SP.POP.TOTL.FE.IN,0,25,0
United States,"Population, female (% of total population)",SP.POP.TOTL.FE.ZS,0,25,0
United States,"Population, male",SP.POP.TOTL.MA.IN,0,25,0
United States,"Population, male (% of total population)",SP.POP.TOTL.MA.ZS,0,25,0
United States,Ratio of female to male labor force participation rate (%) (national estimate),SL.TLF.CACT.FM.NE.ZS,0,25,0
United States,"Unemployment, youth female (% of female labor force ages 15-24) (national estimate)",SL.UEM.1524.FE.NE.ZS,0,25,0
United States,Wanted fertility rate (births per woman),SP.DYN.WFRT,0,25,0
United States,"Women making their own informed decisions regarding sexual relations, contraceptive use and reproductive health care (% of women age 15-49)",SG.DMK.SRCR.FN.ZS,0,25,0
United States,Women's share of population ages 15+ living with HIV (%),SH.DYN.AIDS.FE.ZS,0,25,0
United States,"Contraceptive prevalence, any method (% of married women ages 15-49)",SP.DYN.CONU.ZS,0,25,0
United States,Coverage of social insurance programs (% of population),per_si_allsi.cov_pop_tot,0,25,0
United States,Coverage of social safety net programs (% of population),per_sa_allsa.cov_pop_tot,0,25,0
United States,Demand for family planning satisfied by modern methods (% of married women with demand for family planning),SH.FPL.SATM.ZS,0,25,0
United States,Diabetes prevalence (% of population ages 20 to 79),SH.STA.DIAB.ZS,0,25,0
United States,"Life expectancy at birth, total (years)",SP.DYN.LE00.IN,0,25,0
United States,"Life expectancy at birth, female (years)",SP.DYN.LE00.FE.IN,0,25,0
United States,"Life expectancy at birth, male (years)",SP.DYN.LE00.MA.IN,0,25,0
United States,"Nurses and midwives (per 1,000 people)",SH.MED.NUMW.P3,0,25,0
United States,Prevalence of anemia among women of reproductive age (% of women ages 15-49),SH.ANM.ALLW.ZS,0,25,0
United States,Prevalence of anemia among pregnant women (%),SH.PRG.ANEM,0,25,0
United States,"Prevalence of HIV, female (% ages 15-24)",SH.HIV.1524.FE.ZS,0,25,0
United States,"Prevalence of HIV, male (% ages 15-24)",SH.HIV.1524.MA.ZS,0,25,0
United States,"Prevalence of HIV, total (% of population ages 15-49)",SH.DYN.AIDS.ZS,0,25,0
Uruguay,Adjusted net national income (current US$),NY.ADJ.NNTY.CD,0,25,0
Uruguay,"Adolescent fertility rate (births per 1,000 women ages 15-19)",SP.ADO.TFRT,0,25,0
Uruguay,Gross savings (% of GDP),NY.GNS.ICTR.ZS,0,25,0
Uruguay,"Inflation, consumer prices (annual %)",FP.CPI.TOTL.ZG,0,25,0
Uruguay,"Labor force participation rate, female (% of female population ages 15+) (national estimate)",SL.TLF.CACT.FE.NE.ZS,0,25,0
Uruguay,"Population, female",SP.POP.TOTL.FE.IN,0,25,0
Uruguay,"Population, female (% of total population)",SP.POP.TOTL.FE.ZS,0,25,0
Uruguay,"Population, male",SP.POP.TOTL.MA.IN,0,25,0
Uruguay,"Population, male (% of total population)",SP.POP.TOTL.MA.ZS,0,25,0
Uruguay,Ratio of female to male labor force participation rate (%) (national estimate),SL.TLF.CACT.FM.NE.ZS,0,25,0
Uruguay,"Unemployment, youth female (% of female labor force ages 15-24) (national estimate)",SL.UEM.1524.FE.NE.ZS,0,25,0
Uruguay,Wanted fertility rate (births per woman),SP.DYN.WFRT,0,25,0
Uruguay,"Women making their own informed decisions regarding sexual relations, contraceptive use and reproductive health care (% of women age 15-49)",SG.DMK.SRCR.FN.ZS,0,25,0
Uruguay,Women's share of population ages 15+ living with HIV (%),SH.DYN.AIDS.FE.ZS,0,25,0
Uruguay,"Contraceptive prevalence, any method (% of married women ages 15-49)",SP.DYN.CONU.ZS,0,25,0
Uruguay,Coverage of social insurance programs (% of population),per_si_allsi.cov_pop_tot,0,25,0
Uruguay,Coverage of social safety net programs (% of population),per_sa_allsa.cov_pop_tot,0,25,0
Uruguay,Demand for family planning satisfied by modern methods (% of married women with demand for family planning),SH.FPL.SATM.ZS,0,25,0
Uruguay,Diabetes prevalence (% of population ages 20 to 79),SH.STA.DIAB.ZS,0,25,0
Uruguay,"Life expectancy at birth, total (years)",SP.DYN.LE00.IN,0,25,0
Uruguay,"Life expectancy at birth, female (years)",SP.DYN.LE00.FE.IN,0,25,0
Uruguay,"Life expectancy at birth, male (years)",SP.DYN.LE00.MA.IN,0,25,0
Uruguay,"Nurses and midwives (per 1,000 people)",SH.MED.NUMW.P3,0,25,0
Uruguay,Prevalence of anemia among women of reproductive age (% of women ages 15-49),SH.ANM.ALLW.ZS,0,25,0
Uruguay,Prevalence of anemia among pregnant women (%),SH.PRG.ANEM,0,25,0
Uruguay,"Prevalence of HIV, female (% ages 15-24)",SH.HIV.1524.FE.ZS,0,25,0
Uruguay,"Prevalence of HIV, male (% ages 15-24)",SH.HIV.1524.MA.ZS,0,25,0
Uruguay,"Prevalence of HIV, total (% of population ages 15-49)",SH.DYN.AIDS.ZS,0,25,0
Uzbekistan,Adjusted net national income (current US$),NY.ADJ.NNTY.CD,0,25,0
Uzbekistan,"Adolescent fertility rate (births per 1,000 women ages 15-19)",SP.ADO.TFRT,0,25,0
Uzbekistan,Gross savings (% of GDP),NY.GNS.ICTR.ZS,0,25,0
Uzbekistan,"Inflation, consumer prices (annual %)",FP.CPI.TOTL.ZG,0,25,0
Uzbekistan,"Labor force participation rate, female (% of female population ages 15+) (national estimate)",SL.TLF.CACT.FE.NE.ZS,0,25,0
Uzbekistan,"Population, female",SP.POP.TOTL.FE.IN,0,25,0
Uzbekistan,"Population, female (% of total population)",SP.POP.TOTL.FE.ZS,0,25,0
Uzbekistan,"Population, male",SP.POP.TOTL.MA.IN,0,25,0
Uzbekistan,"Population, male (% of total population)",SP.POP.TOTL.MA.ZS,0,25,0
Uzbekistan,Ratio of female to male labor force participation rate (%) (national estimate),SL.TLF.CACT.FM.NE.ZS,0,25,0
Uzbekistan,"Unemployment, youth female (% of female labor force ages 15-24) (national estimate)",SL.UEM.1524.FE.NE.ZS,0,25,0
Uzbekistan,Wanted fertility rate (births per woman),SP.DYN.WFRT,0,25,0
Uzbekistan,"Women making their own informed decisions regarding sexual relations, contraceptive use and reproductive health care (% of women age 15-49)",SG.DMK.SRCR.FN.ZS,0,25,0
Uzbekistan,Women's share of population ages 15+ living with HIV (%),SH.DYN.AIDS.FE.ZS,0,25,0
Uzbekistan,"Contraceptive prevalence, any method (% of married women ages 15-49)",SP.DYN.CONU.ZS,0,25,0
Uzbekistan,Coverage of social insurance programs (% of population),per_si_allsi.cov_pop_tot,0,25,0
Uzbekistan,Coverage of social safety net programs (% of population),per_sa_allsa.cov_pop_tot,0,25,0
Uzbekistan,Demand for family planning satisfied by modern methods (% of married women with demand for family planning),SH.FPL.SATM.ZS,0,25,0
Uzbekistan,Diabetes prevalence (% of population ages 20 to 79),SH.STA.DIAB.ZS,0,25,0
Uzbekistan,"Life expectancy at birth, total (years)",SP.DYN.LE00.IN,0,25,0
Uzbekistan,"Life expectancy at birth, female (years)",SP.DYN.LE00.FE.IN,0,25,0
Uzbekistan,"Life expectancy at birth, male (years)",SP.DYN.LE00.MA.IN,0,25,0
Uzbekistan,"Nurses and midwives (per 1,000 people)",SH.MED.NUMW.P3,0,25,0
Uzbekistan,Prevalence of anemia among women of reproductive age (% of women ages 15-49),SH.ANM.ALLW.ZS,0,25,0
Uzbekistan,Prevalence of anemia among pregnant women (%),SH.PRG.ANEM,0,25,0
Uzbekistan,"Prevalence of HIV, female (% ages 15-24)",SH.HIV.1524.FE.ZS,0,25,0
Uzbekistan,"Prevalence of HIV, male (% ages 15-24)",SH.HIV.1524.MA.ZS,0,25,0
Uzbekistan,"Prevalence of HIV, total (% of population ages 15-49)",SH.DYN.AIDS.ZS,0,25,0
Vanuatu,Adjusted net national income (current US$),NY.ADJ.NNTY.CD,0,25,0
Vanuatu,"Adolescent fertility rate (births per 1,000 women ages 15-19)",SP.ADO.TFRT,0,25,0
Vanuatu,Gross savings (% of GDP),NY.GNS.ICTR.ZS,0,25,0
Vanuatu,"Inflation, consumer prices (annual %)",FP.CPI.TOTL.ZG,0,25,0
Vanuatu,"Labor force participation rate, female (% of female population ages 15+) (national estimate)",SL.TLF.CACT.FE.NE.ZS,0,25,0
Vanuatu,"Population, female",SP.POP.TOTL.FE.IN,0,25,0
Vanuatu,"Population, female (% of total population)",SP.POP.TOTL.FE.ZS,0,25,0
Vanuatu,"Population, male",SP.POP.TOTL.MA.IN,0,25,0
Vanuatu,"Population, male (% of total population)",SP.POP.TOTL.MA.ZS,0,25,0
Vanuatu,Ratio of female to male labor force participation rate (%) (national estimate),SL.TLF.CACT.FM.NE.ZS,0,25,0
Vanuatu,"Unemployment, youth female (% of female labor force ages 15-24) (national estimate)",SL.UEM.1524.FE.NE.ZS,0,25,0
Vanuatu,Wanted fertility rate (births per woman),SP.DYN.WFRT,0,25,0
Vanuatu,"Women making their own informed decisions regarding sexual relations, contraceptive use and reproductive health care (% of women age 15-49)",SG.DMK.SRCR.FN.ZS,0,25,0
Vanuatu,Women's share of population ages 15+ living with HIV (%),SH.DYN.AIDS.FE.ZS,0,25,0
Vanuatu,"Contraceptive prevalence, any method (% of married women ages 15-49)",SP.DYN.CONU.ZS,0,25,0
Vanuatu,Coverage of social insurance programs (% of population),per_si_allsi.cov_pop_tot,0,25,0
Vanuatu,Coverage of social safety net programs (% of population),per_sa_allsa.cov_pop_tot,0,25,0
Vanuatu,Demand for family planning satisfied by modern methods (% of married women with demand for family planning),SH.FPL.SATM.ZS,0,25,0
Vanuatu,Diabetes prevalence (% of population ages 20 to 79),SH.STA.DIAB.ZS,0,25,0
Vanuatu,"Life expectancy at birth, total (years)",SP.DYN.LE00.IN,0,25,0
Vanuatu,"Life expectancy at birth, female (years)",SP.DYN.LE00.FE.IN,0,25,0
Vanuatu,"Life expectancy at birth, male (years)",SP.DYN.LE00.MA.IN,0,25,0
Vanuatu,"Nurses and midwives (per 1,000 people)",SH.MED.NUMW.P3,0,25,0
Vanuatu,Prevalence of anemia among women of reproductive age (% of women ages 15-49),SH.ANM.ALLW.ZS,0,25,0
Vanuatu,Prevalence of anemia among pregnant women (%),SH.PRG.ANEM,0,25,0
Vanuatu,"Prevalence of HIV, female (% ages 15-24)",SH.HIV.1524.FE.ZS,0,25,0
Vanuatu,"Prevalence of HIV, male (% ages 15-24)",SH.HIV.1524.MA.ZS,0,25,0
Vanuatu,"Prevalence of HIV, total (% of population ages 15-49)",SH.DYN.AIDS.ZS,0,25,0
"Venezuela, RB",Adjusted net national income (current US$),NY.ADJ.NNTY.CD,0,25,0
"Venezuela, RB","Adolescent fertility rate (births per 1,000 women ages 15-19)",SP.ADO.TFRT,0,25,0
"Venezuela, RB",Gross savings (% of GDP),NY.GNS.ICTR.ZS,0,25,0
"Venezuela, RB","Inflation, consumer prices (annual %)",FP.CPI.TOTL.ZG,0,25,0
"Venezuela, RB","Labor force participation rate, female (% of female population ages 15+) (national estimate)",SL.TLF.CACT.FE.NE.ZS,0,25,0
"Venezuela, RB","Population, female",SP.POP.TOTL.FE.IN,0,25,0
"Venezuela, RB","Population, female (% of total population)",SP.POP.TOTL.FE.ZS,0,25,0
"Venezuela, RB","Population, male",SP.POP.TOTL.MA.IN,0,25,0
"Venezuela, RB","Population, male (% of total population)",SP.POP.TOTL.MA.ZS,0,25,0
"Venezuela, RB",Ratio of female to male labor force participation rate (%) (national estimate),SL.TLF.CACT.FM.NE.ZS,0,25,0
"Venezuela, RB","Unemployment, youth female (% of female labor force ages 15-24) (national estimate)",SL.UEM.1524.FE.NE.ZS,0,25,0
"Venezuela, RB",Wanted fertility rate (births per woman),SP.DYN.WFRT,0,25,0
"Venezuela, RB","Women making their own informed decisions regarding sexual relations, contraceptive use and reproductive health care (% of women age 15-49)",SG.DMK.SRCR.FN.ZS,0,25,0
"Venezuela, RB",Women's share of population ages 15+ living with HIV (%),SH.DYN.AIDS.FE.ZS,0,25,0
"Venezuela, RB","Contraceptive prevalence, any method (% of married women ages 15-49)",SP.DYN.CONU.ZS,0,25,0
"Venezuela, RB",Coverage of social insurance programs (% of population),per_si_allsi.cov_pop_tot,0,25,0
"Venezuela, RB",Coverage of social safety net programs (% of population),per_sa_allsa.cov_pop_tot,0,25,0
"Venezuela, RB",Demand for family planning satisfied by modern methods (% of married women with demand for family planning),SH.FPL.SATM.ZS,0,25,0
"Venezuela, RB",Diabetes prevalence (% of population ages 20 to 79),SH.STA.DIAB.ZS,0,25,0
"Venezuela, RB","Life expectancy at birth, total (years)",SP.DYN.LE00.IN,0,25,0
"Venezuela, RB","Life expectancy at birth, female (years)",SP.DYN.LE00.FE.IN,0,25,0
"Venezuela, RB","Life expectancy at birth, male (years)",SP.DYN.LE00.MA.IN,0,25,0
"Venezuela, RB","Nurses and midwives (per 1,000 people)",SH.MED.NUMW.P3,0,25,0
"Venezuela, RB",Prevalence of anemia among women of reproductive age (% of women ages 15-49),SH.ANM.ALLW.ZS,0,25,0
"Venezuela, RB",Prevalence of anemia among pregnant women (%),SH.PRG.ANEM,0,25,0
"Venezuela, RB","Prevalence of HIV, female (% ages 15-24)",SH.HIV.1524.FE.ZS,0,25,0
"Venezuela, RB","Prevalence of HIV, male (% ages 15-24)",SH.HIV.1524.MA.ZS,0,25,0
"Venezuela, RB","Prevalence of HIV, total (% of population ages 15-49)",SH.DYN.AIDS.ZS,0,25,0
Viet Nam,Adjusted net national income (current US$),NY.ADJ.NNTY.CD,0,25,0
Viet Nam,"Adolescent fertility rate (births per 1,000 women ages 15-19)",SP.ADO.TFRT,0,25,0
Viet Nam,Gross savings (% of GDP),NY.GNS.ICTR.ZS,0,25,0
Viet Nam,"Inflation, consumer prices (annual %)",FP.CPI.TOTL.ZG,0,25,0
Viet Nam,"Labor force participation rate, female (% of female population ages 15+) (national estimate)",SL.TLF.CACT.FE.NE.ZS,0,25,0
Viet Nam,"Population, female",SP.POP.TOTL.FE.IN,0,25,0
Viet Nam,"Population, female (% of total population)",SP.POP.TOTL.FE.ZS,0,25,0
Viet Nam,"Population, male",SP.POP.TOTL.MA.IN,0,25,0
Viet Nam,"Population, male (% of total population)",SP.POP.TOTL.MA.ZS,0,25,0
Viet Nam,Ratio of female to male labor force participation rate (%) (national estimate),SL.TLF.CACT.FM.NE.ZS,0,25,0
Viet Nam,"Unemployment, youth female (% of female labor force ages 15-24) (national estimate)",SL.UEM.1524.FE.NE.ZS,0,25,0
Viet Nam,Wanted fertility rate (births per woman),SP.DYN.WFRT,0,25,0
Viet Nam,"Women making their own informed decisions regarding sexual relations, contraceptive use and reproductive health care (% of women age 15-49)",SG.DMK.SRCR.FN.ZS,0,25,0
Viet Nam,Women's share of population ages 15+ living with HIV (%),SH.DYN.AIDS.FE.ZS,0,25,0
Viet Nam,"Contraceptive prevalence, any method (% of married women ages 15-49)",SP.DYN.CONU.ZS,0,25,0
Viet Nam,Coverage of social insurance programs (% of population),per_si_allsi.cov_pop_tot,0,25,0
Viet Nam,Coverage of social safety net programs (% of population),per_sa_allsa.cov_pop_tot,0,25,0
Viet Nam,Demand for family planning satisfied by modern methods (% of married women with demand for family planning),SH.FPL.SATM.ZS,0,25,0
Viet Nam,Diabetes prevalence (% of population ages 20 to 79),SH.STA.DIAB.ZS,0,25,0
Viet Nam,"Life expectancy at birth, total (years)",SP.DYN.LE00.IN,0,25,0
Viet Nam,"Life expectancy at birth, female (years)",SP.DYN.LE00.FE.IN,0,25,0
Viet Nam,"Life expectancy at birth, male (years)",SP.DYN.LE00.MA.IN,0,25,0
Viet Nam,"Nurses and midwives (per 1,000 people)",SH.MED.NUMW.P3,0,25,0
Viet Nam,Prevalence of anemia among women of reproductive age (% of women ages 15-49),SH.ANM.ALLW.ZS,0,25,0
Viet Nam,Prevalence of anemia among pregnant women (%),SH.PRG.ANEM,0,25,0
Viet Nam,"Prevalence of HIV, female (% ages 15-24)",SH.HIV.1524.FE.ZS,0,25,0
Viet Nam,"Prevalence of HIV, male (% ages 15-24)",SH.HIV.1524.MA.ZS,0,25,0
Viet Nam,"Prevalence of HIV, total (% of population ages 15-49)",SH.DYN.AIDS.ZS,0,25,0
Virgin Islands (U.S.),Adjusted net national income (current US$),NY.ADJ.NNTY.CD,0,25,0
Virgin Islands (U.S.),"Adolescent fertility rate (births per 1,000 women ages 15-19)",SP.ADO.TFRT,0,25,0
Virgin Islands (U.S.),Gross savings (% of GDP),NY.GNS.ICTR.ZS,0,25,0
Virgin Islands (U.S.),"Inflation, consumer prices (annual %)",FP.CPI.TOTL.ZG,0,25,0
Virgin Islands (U.S.),"Labor force participation rate, female (% of female population ages 15+) (national estimate)",SL.TLF.CACT.FE.NE.ZS,0,25,0
Virgin Islands (U.S.),"Population, female",SP.POP.TOTL.FE.IN,0,25,0
Virgin Islands (U.S.),"Population, female (% of total population)",SP.POP.TOTL.FE.ZS,0,25,0
Virgin Islands (U.S.),"Population, male",SP.POP.TOTL.MA.IN,0,25,0
Virgin Islands (U.S.),"Population, male (% of total population)",SP.POP.TOTL.MA.ZS,0,25,0
Virgin Islands (U.S.),Ratio of female to male labor force participation rate (%) (national estimate),SL.TLF.CACT.FM.NE.ZS,0,25,0
Virgin Islands (U.S.),"Unemployment, youth female (% of female labor force ages 15-24) (national estimate)",SL.UEM.1524.FE.NE.ZS,0,25,0
Virgin Islands (U.S.),Wanted fertility rate (births per woman),SP.DYN.WFRT,0,25,0
Virgin Islands (U.S.),"Women making their own informed decisions regarding sexual relations, contraceptive use and reproductive health care (% of women age 15-49)",SG.DMK.SRCR.FN.ZS,0,25,0
Virgin Islands (U.S.),Women's share of population ages 15+ living with HIV (%),SH.DYN.AIDS.FE.ZS,0,25,0
Virgin Islands (U.S.),"Contraceptive prevalence, any method (% of married women ages 15-49)",SP.DYN.CONU.ZS,0,25,0
Virgin Islands (U.S.),Coverage of social insurance programs (% of population),per_si_allsi.cov_pop_tot,0,25,0
Virgin Islands (U.S.),Coverage of social safety net programs (% of population),per_sa_allsa.cov_pop_tot,0,25,0
Virgin Islands (U.S.),Demand for family planning satisfied by modern methods (% of married women with demand for family planning),SH.FPL.SATM.ZS,0,25,0
Virgin Islands (U.S.),Diabetes prevalence (% of population ages 20 to 79),SH.STA.DIAB.ZS,0,25,0
Virgin Islands (U.S.),"Life expectancy at birth, total (years)",SP.DYN.LE00.IN,0,25,0
Virgin Islands (U.S.),"Life expectancy at birth, female (years)",SP.DYN.LE00.FE.IN,0,25,0
Virgin Islands (U.S.),"Life expectancy at birth, male (years)",SP.DYN.LE00.MA.IN,0,25,0
Virgin Islands (U.S.),"Nurses and midwives (per 1,000 people)",SH.MED.NUMW.P3,0,25,0
Virgin Islands (U.S.),Prevalence of anemia among women of reproductive age (% of women ages 15-49),SH.ANM.ALLW.ZS,0,25,0
Virgin Islands (U.S.),Prevalence of anemia among pregnant women (%),SH.PRG.ANEM,0,25,0
Virgin Islands (U.S.),"Prevalence of HIV, female (% ages 15-24)",SH.HIV.1524.FE.ZS,0,25,0
Virgin Islands (U.S.),"Prevalence of HIV, male (% ages 15-24)",SH.HIV.1524.MA.ZS,0,25,0
Virgin Islands (U.S.),"Prevalence of HIV, total (% of population ages 15-49)",SH.DYN.AIDS.ZS,0,25,0
West Bank and Gaza,Adjusted net national income (current US$),NY.ADJ.NNTY.CD,0,25,0
West Bank and Gaza,"Adolescent fertility rate (births per 1,000 women ages 15-19)",SP.ADO.TFRT,0,25,0
West Bank and Gaza,Gross savings (% of GDP),NY.GNS.ICTR.ZS,0,25,0
West Bank and Gaza,"Inflation, consumer prices (annual %)",FP.CPI.TOTL.ZG,0,25,0
West Bank and Gaza,"Labor force participation rate, female (% of female population ages 15+) (national estimate)",SL.TLF.CACT.FE.NE.ZS,0,25,0
West Bank and Gaza,"Population, female",SP.POP.TOTL.FE.IN,0,25,0
West Bank and Gaza,"Population, female (% of total population)",SP.POP.TOTL.FE.ZS,0,25,0
West Bank and Gaza,"Population, male",SP.POP.TOTL.MA.IN,0,25,0
West Bank and Gaza,"Population, male (% of total population)",SP.POP.TOTL.MA.ZS,0,25,0
West Bank and Gaza,Ratio of female to male labor force participation rate (%) (national estimate),SL.TLF.CACT.FM.NE.ZS,0,25,0
West Bank and Gaza,"Unemployment, youth female (% of female labor force ages 15-24) (national estimate)",SL.UEM.1524.FE.NE.ZS,0,25,0
West Bank and Gaza,Wanted fertility rate (births per woman),SP.DYN.WFRT,0,25,0
West Bank and Gaza,"Women making their own informed decisions regarding sexual relations, contraceptive use and reproductive health care (% of women age 15-49)",SG.DMK.SRCR.FN.ZS,0,25,0
West Bank and Gaza,Women's share of population ages 15+ living with HIV (%),SH.DYN.AIDS.FE.ZS,0,25,0
West Bank and Gaza,"Contraceptive prevalence, any method (% of married women ages 15-49)",SP.DYN.CONU.ZS,0,25,0
West Bank and Gaza,Coverage of social insurance programs (% of population),per_si_allsi.cov_pop_tot,0,25,0
West Bank and Gaza,Coverage of social safety net programs (% of population),per_sa_allsa.cov_pop_tot,0,25,0
West Bank and Gaza,Demand for family planning satisfied by modern methods (% of married women with demand for family planning),SH.FPL.SATM.ZS,0,25,0
West Bank and Gaza,Diabetes prevalence (% of population ages 20 to 79),SH.STA.DIAB.ZS,0,25,0
West Bank and Gaza,"Life expectancy at birth, total (years)",SP.DYN.LE00.IN,0,25,0
West Bank and Gaza,"Life expectancy at birth, female (years)",SP.DYN.LE00.FE.IN,0,25,0
West Bank and Gaza,"Life expectancy at birth, male (years)",SP.DYN.LE00.MA.IN,0,25,0
West Bank and Gaza,"Nurses and midwives (per 1,000 people)",SH.MED.NUMW.P3,0,25,0
West Bank and Gaza,Prevalence of anemia among women of reproductive age (% of women ages 15-49),SH.ANM.ALLW.ZS,0,25,0
West Bank and Gaza,Prevalence of anemia among pregnant women (%),SH.PRG.ANEM,0,25,0
West Bank and Gaza,"Prevalence of HIV, female (% ages 15-24)",SH.HIV.1524.FE.ZS,0,25,0
West Bank and Gaza,"Prevalence of HIV, male (% ages 15-24)",SH.HIV.1524.MA.ZS,0,25,0
West Bank and Gaza,"Prevalence of HIV, total (% of population ages 15-49)",SH.DYN.AIDS.ZS,0,25,0
"Yemen, Rep.",Adjusted net national income (current US$),NY.ADJ.NNTY.CD,0,25,0
"Yemen, Rep.","Adolescent fertility rate (births per 1,000 women ages 15-19)",SP.ADO.TFRT,0,25,0
"Yemen, Rep.",Gross savings (% of GDP),NY.GNS.ICTR.ZS,0,25,0
"Yemen, Rep.","Inflation, consumer prices (annual %)",FP.CPI.TOTL.ZG,0,25,0
"Yemen, Rep.","Labor force participation rate, female (% of female population ages 15+) (national estimate)",SL.TLF.CACT.FE.NE.ZS,0,25,0
"Yemen, Rep.","Population, female",SP.POP.TOTL.FE.IN,0,25,0
"Yemen, Rep.","Population, female (% of total population)",SP.POP.TOTL.FE.ZS,0,25,0
"Yemen, Rep.","Population, male",SP.POP.TOTL.MA.IN,0,25,0
"Yemen, Rep.","Population, male (% of total population)",SP.POP.TOTL.MA.ZS,0,25,0
"Yemen, Rep.",Ratio of female to male labor force participation rate (%) (national estimate),SL.TLF.CACT.FM.NE.ZS,0,25,0
"Yemen, Rep.","Unemployment, youth female (% of female labor force ages 15-24) (national estimate)",SL.UEM.1524.FE.NE.ZS,0,25,0
"Yemen, Rep.",Wanted fertility rate (births per woman),SP.DYN.WFRT,0,25,0
"Yemen, Rep.","Women making their own informed decisions regarding sexual relations, contraceptive use and reproductive health care (% of women age 15-49)",SG.DMK.SRCR.FN.ZS,0,25,0
"Yemen, Rep.",Women's share of population ages 15+ living with HIV (%),SH.DYN.AIDS.FE.ZS,0,25,0
"Yemen, Rep.","Contraceptive prevalence, any method (% of married women ages 15-49)",SP.DYN.CONU.ZS,0,25,0
"Yemen, Rep.",Coverage of social insurance programs (% of population),per_si_allsi.cov_pop_tot,0,25,0
"Yemen, Rep.",Coverage of social safety net programs (% of population),per_sa_allsa.cov_pop_tot,0,25,0
"Yemen, Rep.",Demand for family planning satisfied by modern methods (% of married women with demand for family planning),SH.FPL.SATM.ZS,0,25,0
"Yemen, Rep.",Diabetes prevalence (% of population ages 20 to 79),SH.STA.DIAB.ZS,0,25,0
"Yemen, Rep.","Life expectancy at birth, total (years)",SP.DYN.LE00.IN,0,25,0
"Yemen, Rep.","Life expectancy at birth, female (years)",SP.DYN.LE00.FE.IN,0,25,0
"Yemen, Rep.","Life expectancy at birth, male (years)",SP.DYN.LE00.MA.IN,0,25,0
"Yemen, Rep.","Nurses and midwives (per 1,000 people)",SH.MED.NUMW.P3,0,25,0
"Yemen, Rep.",Prevalence of anemia among women of reproductive age (% of women ages 15-49),SH.ANM.ALLW.ZS,0,25,0
"Yemen, Rep.",Prevalence of anemia among pregnant women (%),SH.PRG.ANEM,0,25,0
"Yemen, Rep.","Prevalence of HIV, female (% ages 15-24)",SH.HIV.1524.FE.ZS,0,25,0
"Yemen, Rep.","Prevalence of HIV, male (% ages 15-24)",SH.HIV.1524.MA.ZS,0,25,0
"Yemen, Rep.","Prevalence of HIV, total (% of population ages 15-49)",SH.DYN.AIDS.ZS,0,25,0
Zambia,Adjusted net national income (current US$),NY.ADJ.NNTY.CD,0,25,0
Zambia,"Adolescent fertility rate (births per 1,000 women ages 15-19)",SP.ADO.TFRT,0,25,0
Zambia,Gross savings (% of GDP),NY.GNS.ICTR.ZS,0,25,0
Zambia,"Inflation, consumer prices (annual %)",FP.CPI.TOTL.ZG,0,25,0
Zambia,"Labor force participation rate, female (% of female population ages 15+) (national estimate)",SL.TLF.CACT.FE.NE.ZS,0,25,0
Zambia,"Population, female",SP.POP.TOTL.FE.IN,0,25,0
Zambia,"Population, female (% of total population)",SP.POP.TOTL.FE.ZS,0,25,0
Zambia,"Population, male",SP.POP.TOTL.MA.IN,0,25,0
Zambia,"Population, male (% of total population)",SP.POP.TOTL.MA.ZS,0,25,0
Zambia,Ratio of female to male labor force participation rate (%) (national estimate),SL.TLF.CACT.FM.NE.ZS,0,25,0
Zambia,"Unemployment, youth female (% of female labor force ages 15-24) (national estimate)",SL.UEM.1524.FE.NE.ZS,0,25,0
Zambia,Wanted fertility rate (births per woman),SP.DYN.WFRT,0,25,0
Zambia,"Women making their own informed decisions regarding sexual relations, contraceptive use and reproductive health care (% of women age 15-49)",SG.DMK.SRCR.FN.ZS,0,25,0
Zambia,Women's share of population ages 15+ living with HIV (%),SH.DYN.AIDS.FE.ZS,0,25,0
Zambia,"Contraceptive prevalence, any method (% of married women ages 15-49)",SP.DYN.CONU.ZS,0,25,0
Zambia,Coverage of social insurance programs (% of population),per_si_allsi.cov_pop_tot,0,25,0
Zambia,Coverage of social safety net programs (% of population),per_sa_allsa.cov_pop_tot,0,25,0
Zambia,Demand for family planning satisfied by modern methods (% of married women with demand for family planning),SH.FPL.SATM.ZS,0,25,0
Zambia,Diabetes prevalence (% of population ages 20 to 79),SH.STA.DIAB.ZS,0,25,0
Zambia,"Life expectancy at birth, total (years)",SP.DYN.LE00.IN,0,25,0
Zambia,"Life expectancy at birth, female (years)",SP.DYN.LE00.FE.IN,0,25,0
Zambia,"Life expectancy at birth, male (years)",SP.DYN.LE00.MA.IN,0,25,0
Zambia,"Nurses and midwives (per 1,000 people)",SH.MED.NUMW.P3,0,25,0
Zambia,Prevalence of anemia among women of reproductive age (% of women ages 15-49),SH.ANM.ALLW.ZS,0,25,0
Zambia,Prevalence of anemia among pregnant women (%),SH.PRG.ANEM,0,25,0
Zambia,"Prevalence of HIV, female (% ages 15-24)",SH.HIV.1524.FE.ZS,0,25,0
Zambia,"Prevalence of HIV, male (% ages 15-24)",SH.HIV.1524.MA.ZS,0,25,0
Zambia,"Prevalence of HIV, total (% of population ages 15-49)",SH.DYN.AIDS.ZS,0,25,0
Zimbabwe,Adjusted net national income (current US$),NY.ADJ.NNTY.CD,0,25,0
Zimbabwe,"Adolescent fertility rate (births per 1,000 women ages 15-19)",SP.ADO.TFRT,0,25,0
Zimbabwe,Gross savings (% of GDP),NY.GNS.ICTR.ZS,0,25,0
Zimbabwe,"Inflation, consumer prices (annual %)",FP.CPI.TOTL.ZG,0,25,0
Zimbabwe,"Labor force participation rate, female (% of female population ages 15+) (national estimate)",SL.TLF.CACT.FE.NE.ZS,0,25,0
Zimbabwe,"Population, female",SP.POP.TOTL.FE.IN,0,25,0
Zimbabwe,"Population, female (% of total population)",SP.POP.TOTL.FE.ZS,0,25,0
Zimbabwe,"Population, male",SP.POP.TOTL.MA.IN,0,25,0
Zimbabwe,"Population, male (% of total population)",SP.POP.TOTL.MA.ZS,0,25,0
Zimbabwe,Ratio of female to male labor force participation rate (%) (national estimate),SL.TLF.CACT.FM.NE.ZS,0,25,0
Zimbabwe,"Unemployment, youth female (% of female labor force ages 15-24) (national estimate)",SL.UEM.1524.FE.NE.ZS,0,25,0
Zimbabwe,Wanted fertility rate (births per woman),SP.DYN.WFRT,0,25,0
Zimbabwe,"Women making their own informed decisions regarding sexual relations, contraceptive use and reproductive health care (% of women age 15-49)",SG.DMK.SRCR.FN.ZS,0,25,0
Zimbabwe,Women's share of population ages 15+ living with HIV (%),SH.DYN.AIDS.FE.ZS,0,25,0
Zimbabwe,"Contraceptive prevalence, any method (% of married women ages 15-49)",SP.DYN.CONU.ZS,0,25,0
Zimbabwe,Coverage of social insurance programs (% of population),per_si_allsi.cov_pop_tot,0,25,0
Zimbabwe,Coverage of social safety net programs (% of population),per_sa_allsa.cov_pop_tot,0,25,0
Zimbabwe,Demand for family planning satisfied by modern methods (% of married women with demand for family planning),SH.FPL.SATM.ZS,0,25,0
Zimbabwe,Diabetes prevalence (% of population ages 20 to 79),SH.STA.DIAB.ZS,0,25,0
Zimbabwe,"Life expectancy at birth, total (years)",SP.DYN.LE00.IN,0,25,0
Zimbabwe,"Life expectancy at birth, female (years)",SP.DYN.LE00.FE.IN,0,25,0
Zimbabwe,"Life expectancy at birth, male (years)",SP.DYN.LE00.MA.IN,0,25,0
Zimbabwe,"Nurses and midwives (per 1,000 people)",SH.MED.NUMW.P3,0,25,0
Zimbabwe,Prevalence of anemia among women of reproductive age (% of women ages 15-49),SH.ANM.ALLW.ZS,0,25,0
Zimbabwe,Prevalence of anemia among pregnant women (%),SH.PRG.ANEM,0,25,0
Zimbabwe,"Prevalence of HIV, female (% ages 15-24)",SH.HIV.1524.FE.ZS,0,25,0
Zimbabwe,"Prevalence of HIV, male (% ages 15-24)",SH.HIV.1524.MA.ZS,0,25,0
Zimbabwe,"Prevalence of HIV, total (% of population ages 15-49)",SH.DYN.AIDS.ZS,0,25,0
Africa Eastern and Southern,Adjusted net national income (current US$),NY.ADJ.NNTY.CD,0,25,0
Africa Eastern and Southern,"Adolescent fertility rate (births per 1,000 women ages 15-19)",SP.ADO.TFRT,0,25,0
Africa Eastern and Southern,Gross savings (% of GDP),NY.GNS.ICTR.ZS,0,25,0
Africa Eastern and Southern,"Inflation, consumer prices (annual %)",FP.CPI.TOTL.ZG,0,25,0
Africa Eastern and Southern,"Labor force participation rate, female (% of female population ages 15+) (national estimate)",SL.TLF.CACT.FE.NE.ZS,0,25,0
Africa Eastern and Southern,"Population, female",SP.POP.TOTL.FE.IN,0,25,0
Africa Eastern and Southern,"Population, female (% of total population)",SP.POP.TOTL.FE.ZS,0,25,0
Africa Eastern and Southern,"Population, male",SP.POP.TOTL.MA.IN,0,25,0
Africa Eastern and Southern,"Population, male (% of total population)",SP.POP.TOTL.MA.ZS,0,25,0
Africa Eastern and Southern,Ratio of female to male labor force participation rate (%) (national estimate),SL.TLF.CACT.FM.NE.ZS,0,25,0
Africa Eastern and Southern,"Unemployment, youth female (% of female labor force ages 15-24) (national estimate)",SL.UEM.1524.FE.NE.ZS,0,25,0
Africa Eastern and Southern,Wanted fertility rate (births per woman),SP.DYN.WFRT,0,25,0
Africa Eastern and Southern,"Women making their own informed decisions regarding sexual relations, contraceptive use and reproductive health care (% of women age 15-49)",SG.DMK.SRCR.FN.ZS,0,25,0
Africa Eastern and Southern,Women's share of population ages 15+ living with HIV (%),SH.DYN.AIDS.FE.ZS,0,25,0
Africa Eastern and Southern,"Contraceptive prevalence, any method (% of married women ages 15-49)",SP.DYN.CONU.ZS,0,25,0
Africa Eastern and Southern,Coverage of social insurance programs (% of population),per_si_allsi.cov_pop_tot,0,25,0
Africa Eastern and Southern,Coverage of social safety net programs (% of population),per_sa_allsa.cov_pop_tot,0,25,0
Africa Eastern and Southern,Demand for family planning satisfied by modern methods (% of married women with demand for family planning),SH.FPL.SATM.ZS,0,25,0
Africa Eastern and Southern,Diabetes prevalence (% of population ages 20 to 79),SH.STA.DIAB.ZS,0,25,0
Africa Eastern and Southern,"Life expectancy at birth, total (years)",SP.DYN.LE00.IN,0,25,0
Africa Eastern and Southern,"Life expectancy at birth, female (years)",SP.DYN.LE00.FE.IN,0,25,0
Africa Eastern and Southern,"Life expectancy at birth, male (years)",SP.DYN.LE00.MA.IN,0,25,0
Africa Eastern and Southern,"Nurses and midwives (per 1,000 people)",SH.MED.NUMW.P3,0,25,0
Africa Eastern and Southern,Prevalence of anemia among women of reproductive age (% of women ages 15-49),SH.ANM.ALLW.ZS,0,25,0
Africa Eastern and Southern,Prevalence of anemia among pregnant women (%),SH.PRG.ANEM,0,25,0
Africa Eastern and Southern,"Prevalence of HIV, female (% ages 15-24)",SH.HIV.1524.FE.ZS,0,25,0
Africa Eastern and Southern,"Prevalence of HIV, male (% ages 15-24)",SH.HIV.1524.MA.ZS,0,25,0
Africa Eastern and Southern,"Prevalence of HIV, total (% of population ages 15-49)",SH.DYN.AIDS.ZS,0,25,0
Africa Western and Central,Adjusted net national income (current US$),NY.ADJ.NNTY.CD,0,25,0
Africa Western and Central,"Adolescent fertility rate (births per 1,000 women ages 15-19)",SP.ADO.TFRT,0,25,0
Africa Western and Central,Gross savings (% of GDP),NY.GNS.ICTR.ZS,0,25,0
Africa Western and Central,"Inflation, consumer prices (annual %)",FP.CPI.TOTL.ZG,0,25,0
Africa Western and Central,"Labor force participation rate, female (% of female population ages 15+) (national estimate)",SL.TLF.CACT.FE.NE.ZS,0,25,0
Africa Western and Central,"Population, female",SP.POP.TOTL.FE.IN,0,25,0
Africa Western and Central,"Population, female (% of total population)",SP.POP.TOTL.FE.ZS,0,25,0
Africa Western and Central,"Population, male",SP.POP.TOTL.MA.IN,0,25,0
Africa Western and Central,"Population, male (% of total population)",SP.POP.TOTL.MA.ZS,0,25,0
Africa Western and Central,Ratio of female to male labor force participation rate (%) (national estimate),SL.TLF.CACT.FM.NE.ZS,0,25,0
Africa Western and Central,"Unemployment, youth female (% of female labor force ages 15-24) (national estimate)",SL.UEM.1524.FE.NE.ZS,0,25,0
Africa Western and Central,Wanted fertility rate (births per woman),SP.DYN.WFRT,0,25,0
Africa Western and Central,"Women making their own informed decisions regarding sexual relations, contraceptive use and reproductive health care (% of women age 15-49)",SG.DMK.SRCR.FN.ZS,0,25,0
Africa Western and Central,Women's share of population ages 15+ living with HIV (%),SH.DYN.AIDS.FE.ZS,0,25,0
Africa Western and Central,"Contraceptive prevalence, any method (% of married women ages 15-49)",SP.DYN.CONU.ZS,0,25,0
Africa Western and Central,Coverage of social insurance programs (% of population),per_si_allsi.cov_pop_tot,0,25,0
Africa Western and Central,Coverage of social safety net programs (% of population),per_sa_allsa.cov_pop_tot,0,25,0
Africa Western and Central,Demand for family planning satisfied by modern methods (% of married women with demand for family planning),SH.FPL.SATM.ZS,0,25,0
Africa Western and Central,Diabetes prevalence (% of population ages 20 to 79),SH.STA.DIAB.ZS,0,25,0
Africa Western and Central,"Life expectancy at birth, total (years)",SP.DYN.LE00.IN,0,25,0
Africa Western and Central,"Life expectancy at birth, female (years)",SP.DYN.LE00.FE.IN,0,25,0
Africa Western and Central,"Life expectancy at birth, male (years)",SP.DYN.LE00.MA.IN,0,25,0
Africa Western and Central,"Nurses and midwives (per 1,000 people)",SH.MED.NUMW.P3,0,25,0
Africa Western and Central,Prevalence of anemia among women of reproductive age (% of women ages 15-49),SH.ANM.ALLW.ZS,0,25,0
Africa Western and Central,Prevalence of anemia among pregnant women (%),SH.PRG.ANEM,0,25,0
Africa Western and Central,"Prevalence of HIV, female (% ages 15-24)",SH.HIV.1524.FE.ZS,0,25,0
Africa Western and Central,"Prevalence of HIV, male (% ages 15-24)",SH.HIV.1524.MA.ZS,0,25,0
Africa Western and Central,"Prevalence of HIV, total (% of population ages 15-49)",SH.DYN.AIDS.ZS,0,25,0
Arab World,Adjusted net national income (current US$),NY.ADJ.NNTY.CD,0,25,0
Arab World,"Adolescent fertility rate (births per 1,000 women ages 15-19)",SP.ADO.TFRT,0,25,0
Arab World,Gross savings (% of GDP),NY.GNS.ICTR.ZS,0,25,0
Arab World,"Inflation, consumer prices (annual %)",FP.CPI.TOTL.ZG,0,25,0
Arab World,"Labor force participation rate, female (% of female population ages 15+) (national estimate)",SL.TLF.CACT.FE.NE.ZS,0,25,0
Arab World,"Population, female",SP.POP.TOTL.FE.IN,0,25,0
Arab World,"Population, female (% of total population)",SP.POP.TOTL.FE.ZS,0,25,0
Arab World,"Population, male",SP.POP.TOTL.MA.IN,0,25,0
Arab World,"Population, male (% of total population)",SP.POP.TOTL.MA.ZS,0,25,0
Arab World,Ratio of female to male labor force participation rate (%) (national estimate),SL.TLF.CACT.FM.NE.ZS,0,25,0
Arab World,"Unemployment, youth female (% of female labor force ages 15-24) (national estimate)",SL.UEM.1524.FE.NE.ZS,0,25,0
Arab World,Wanted fertility rate (births per woman),SP.DYN.WFRT,0,25,0
Arab World,"Women making their own informed decisions regarding sexual relations, contraceptive use and reproductive health care (% of women age 15-49)",SG.DMK.SRCR.FN.ZS,0,25,0
Arab World,Women's share of population ages 15+ living with HIV (%),SH.DYN.AIDS.FE.ZS,0,25,0
Arab World,"Contraceptive prevalence, any method (% of married women ages 15-49)",SP.DYN.CONU.ZS,0,25,0
Arab World,Coverage of social insurance programs (% of population),per_si_allsi.cov_pop_tot,0,25,0
Arab World,Coverage of social safety net programs (% of population),per_sa_allsa.cov_pop_tot,0,25,0
Arab World,Demand for family planning satisfied by modern methods (% of married women with demand for family planning),SH.FPL.SATM.ZS,0,25,0
Arab World,Diabetes prevalence (% of population ages 20 to 79),SH.STA.DIAB.ZS,0,25,0
Arab World,"Life expectancy at birth, total (years)",SP.DYN.LE00.IN,0,25,0
Arab World,"Life expectancy at birth, female (years)",SP.DYN.LE00.FE.IN,0,25,0
Arab World,"Life expectancy at birth, male (years)",SP.DYN.LE00.MA.IN,0,25,0
Arab World,"Nurses and midwives (per 1,000 people)",SH.MED.NUMW.P3,0,25,0
Arab World,Prevalence of anemia among women of reproductive age (% of women ages 15-49),SH.ANM.ALLW.ZS,0,25,0
Arab World,Prevalence of anemia among pregnant women (%),SH.PRG.ANEM,0,25,0
Arab World,"Prevalence of HIV, female (% ages 15-24)",SH.HIV.1524.FE.ZS,0,25,0
Arab World,"Prevalence of HIV, male (% ages 15-24)",SH.HIV.1524.MA.ZS,0,25,0
Arab World,"Prevalence of HIV, total (% of population ages 15-49)",SH.DYN.AIDS.ZS,0,25,0
Caribbean small states,Adjusted net national income (current US$),NY.ADJ.NNTY.CD,0,25,0
Caribbean small states,"Adolescent fertility rate (births per 1,000 women ages 15-19)",SP.ADO.TFRT,0,25,0
Caribbean small states,Gross savings (% of GDP),NY.GNS.ICTR.ZS,0,25,0
Caribbean small states,"Inflation, consumer prices (annual %)",FP.CPI.TOTL.ZG,0,25,0
Caribbean small states,"Labor force participation rate, female (% of female population ages 15+) (national estimate)",SL.TLF.CACT.FE.NE.ZS,0,25,0
Caribbean small states,"Population, female",SP.POP.TOTL.FE.IN,0,25,0
Caribbean small states,"Population, female (% of total population)",SP.POP.TOTL.FE.ZS,0,25,0
Caribbean small states,"Population, male",SP.POP.TOTL.MA.IN,0,25,0
Caribbean small states,"Population, male (% of total population)",SP.POP.TOTL.MA.ZS,0,25,0
Caribbean small states,Ratio of female to male labor force participation rate (%) (national estimate),SL.TLF.CACT.FM.NE.ZS,0,25,0
Caribbean small states,"Unemployment, youth female (% of female labor force ages 15-24) (national estimate)",SL.UEM.1524.FE.NE.ZS,0,25,0
Caribbean small states,Wanted fertility rate (births per woman),SP.DYN.WFRT,0,25,0
Caribbean small states,"Women making their own informed decisions regarding sexual relations, contraceptive use and reproductive health care (% of women age 15-49)",SG.DMK.SRCR.FN.ZS,0,25,0
Caribbean small states,Women's share of population ages 15+ living with HIV (%),SH.DYN.AIDS.FE.ZS,0,25,0
Caribbean small states,"Contraceptive prevalence, any method (% of married women ages 15-49)",SP.DYN.CONU.ZS,0,25,0
Caribbean small states,Coverage of social insurance programs (% of population),per_si_allsi.cov_pop_tot,0,25,0
Caribbean small states,Coverage of social safety net programs (% of population),per_sa_allsa.cov_pop_tot,0,25,0
Caribbean small states,Demand for family planning satisfied by modern methods (% of married women with demand for family planning),SH.FPL.SATM.ZS,0,25,0
Caribbean small states,Diabetes prevalence (% of population ages 20 to 79),SH.STA.DIAB.ZS,0,25,0
Caribbean small states,"Life expectancy at birth, total (years)",SP.DYN.LE00.IN,0,25,0
Caribbean small states,"Life expectancy at birth, female (years)",SP.DYN.LE00.FE.IN,0,25,0
Caribbean small states,"Life expectancy at birth, male (years)",SP.DYN.LE00.MA.IN,0,25,0
Caribbean small states,"Nurses and midwives (per 1,000 people)",SH.MED.NUMW.P3,0,25,0
Caribbean small states,Prevalence of anemia among women of reproductive age (% of women ages 15-49),SH.ANM.ALLW.ZS,0,25,0
Caribbean small states,Prevalence of anemia among pregnant women (%),SH.PRG.ANEM,0,25,0
Caribbean small states,"Prevalence of HIV, female (% ages 15-24)",SH.HIV.1524.FE.ZS,0,25,0
Caribbean small states,"Prevalence of HIV, male (% ages 15-24)",SH.HIV.1524.MA.ZS,0,25,0
Caribbean small states,"Prevalence of HIV, total (% of population ages 15-49)",SH.DYN.AIDS.ZS,0,25,0
Central Europe and the Baltics,Adjusted net national income (current US$),NY.ADJ.NNTY.CD,0,25,0
Central Europe and the Baltics,"Adolescent fertility rate (births per 1,000 women ages 15-19)",SP.ADO.TFRT,0,25,0
Central Europe and the Baltics,Gross savings (% of GDP),NY.GNS.ICTR.ZS,0,25,0
Central Europe and the Baltics,"Inflation, consumer prices (annual %)",FP.CPI.TOTL.ZG,0,25,0
Central Europe and the Baltics,"Labor force participation rate, female (% of female population ages 15+) (national estimate)",SL.TLF.CACT.FE.NE.ZS,0,25,0
Central Europe and the Baltics,"Population, female",SP.POP.TOTL.FE.IN,0,25,0
Central Europe and the Baltics,"Population, female (% of total population)",SP.POP.TOTL.FE.ZS,0,25,0
Central Europe and the Baltics,"Population, male",SP.POP.TOTL.MA.IN,0,25,0
Central Europe and the Baltics,"Population, male (% of total population)",SP.POP.TOTL.MA.ZS,0,25,0
Central Europe and the Baltics,Ratio of female to male labor force participation rate (%) (national estimate),SL.TLF.CACT.FM.NE.ZS,0,25,0
Central Europe and the Baltics,"Unemployment, youth female (% of female labor force ages 15-24) (national estimate)",SL.UEM.1524.FE.NE.ZS,0,25,0
Central Europe and the Baltics,Wanted fertility rate (births per woman),SP.DYN.WFRT,0,25,0
Central Europe and the Baltics,"Women making their own informed decisions regarding sexual relations, contraceptive use and reproductive health care (% of women age 15-49)",SG.DMK.SRCR.FN.ZS,0,25,0
Central Europe and the Baltics,Women's share of population ages 15+ living with HIV (%),SH.DYN.AIDS.FE.ZS,0,25,0
Central Europe and the Baltics,"Contraceptive prevalence, any method (% of married women ages 15-49)",SP.DYN.CONU.ZS,0,25,0
Central Europe and the Baltics,Coverage of social insurance programs (% of population),per_si_allsi.cov_pop_tot,0,25,0
Central Europe and the Baltics,Coverage of social safety net programs (% of population),per_sa_allsa.cov_pop_tot,0,25,0
Central Europe and the Baltics,Demand for family planning satisfied by modern methods (% of married women with demand for family planning),SH.FPL.SATM.ZS,0,25,0
Central Europe and the Baltics,Diabetes prevalence (% of population ages 20 to 79),SH.STA.DIAB.ZS,0,25,0
Central Europe and the Baltics,"Life expectancy at birth, total (years)",SP.DYN.LE00.IN,0,25,0
Central Europe and the Baltics,"Life expectancy at birth, female (years)",SP.DYN.LE00.FE.IN,0,25,0
Central Europe and the Baltics,"Life expectancy at birth, male (years)",SP.DYN.LE00.MA.IN,0,25,0
Central Europe and the Baltics,"Nurses and midwives (per 1,000 people)",SH.MED.NUMW.P3,0,25,0
Central Europe and the Baltics,Prevalence of anemia among women of reproductive age (% of women ages 15-49),SH.ANM.ALLW.ZS,0,25,0
Central Europe and the Baltics,Prevalence of anemia among pregnant women (%),SH.PRG.ANEM,0,25,0
Central Europe and the Baltics,"Prevalence of HIV, female (% ages 15-24)",SH.HIV.1524.FE.ZS,0,25,0
Central Europe and the Baltics,"Prevalence of HIV, male (% ages 15-24)",SH.HIV.1524.MA.ZS,0,25,0
Central Europe and the Baltics,"Prevalence of HIV, total (% of population ages 15-49)",SH.DYN.AIDS.ZS,0,25,0
Early-demographic dividend,Adjusted net national income (current US$),NY.ADJ.NNTY.CD,0,25,0
Early-demographic dividend,"Adolescent fertility rate (births per 1,000 women ages 15-19)",SP.ADO.TFRT,0,25,0
Early-demographic dividend,Gross savings (% of GDP),NY.GNS.ICTR.ZS,0,25,0
Early-demographic dividend,"Inflation, consumer prices (annual %)",FP.CPI.TOTL.ZG,0,25,0
Early-demographic dividend,"Labor force participation rate, female (% of female population ages 15+) (national estimate)",SL.TLF.CACT.FE.NE.ZS,0,25,0
Early-demographic dividend,"Population, female",SP.POP.TOTL.FE.IN,0,25,0
Early-demographic dividend,"Population, female (% of total population)",SP.POP.TOTL.FE.ZS,0,25,0
Early-demographic dividend,"Population, male",SP.POP.TOTL.MA.IN,0,25,0
Early-demographic dividend,"Population, male (% of total population)",SP.POP.TOTL.MA.ZS,0,25,0
Early-demographic dividend,Ratio of female to male labor force participation rate (%) (national estimate),SL.TLF.CACT.FM.NE.ZS,0,25,0
Early-demographic dividend,"Unemployment, youth female (% of female labor force ages 15-24) (national estimate)",SL.UEM.1524.FE.NE.ZS,0,25,0
Early-demographic dividend,Wanted fertility rate (births per woman),SP.DYN.WFRT,0,25,0
Early-demographic dividend,"Women making their own informed decisions regarding sexual relations, contraceptive use and reproductive health care (% of women age 15-49)",SG.DMK.SRCR.FN.ZS,0,25,0
Early-demographic dividend,Women's share of population ages 15+ living with HIV (%),SH.DYN.AIDS.FE.ZS,0,25,0
Early-demographic dividend,"Contraceptive prevalence, any method (% of married women ages 15-49)",SP.DYN.CONU.ZS,0,25,0
Early-demographic dividend,Coverage of social insurance programs (% of population),per_si_allsi.cov_pop_tot,0,25,0
Early-demographic dividend,Coverage of social safety net programs (% of population),per_sa_allsa.cov_pop_tot,0,25,0
Early-demographic dividend,Demand for family planning satisfied by modern methods (% of married women with demand for family planning),SH.FPL.SATM.ZS,0,25,0
Early-demographic dividend,Diabetes prevalence (% of population ages 20 to 79),SH.STA.DIAB.ZS,0,25,0
Early-demographic dividend,"Life expectancy at birth, total (years)",SP.DYN.LE00.IN,0,25,0
Early-demographic dividend,"Life expectancy at birth, female (years)",SP.DYN.LE00.FE.IN,0,25,0
Early-demographic dividend,"Life expectancy at birth, male (years)",SP.DYN.LE00.MA.IN,0,25,0
Early-demographic dividend,"Nurses and midwives (per 1,000 people)",SH.MED.NUMW.P3,0,25,0
Early-demographic dividend,Prevalence of anemia among women of reproductive age (% of women ages 15-49),SH.ANM.ALLW.ZS,0,25,0
Early-demographic dividend,Prevalence of anemia among pregnant women (%),SH.PRG.ANEM,0,25,0
Early-demographic dividend,"Prevalence of HIV, female (% ages 15-24)",SH.HIV.1524.FE.ZS,0,25,0
Early-demographic dividend,"Prevalence of HIV, male (% ages 15-24)",SH.HIV.1524.MA.ZS,0,25,0
Early-demographic dividend,"Prevalence of HIV, total (% of population ages 15-49)",SH.DYN.AIDS.ZS,0,25,0
East Asia & Pacific,Adjusted net national income (current US$),NY.ADJ.NNTY.CD,0,25,0
East Asia & Pacific,"Adolescent fertility rate (births per 1,000 women ages 15-19)",SP.ADO.TFRT,0,25,0
East Asia & Pacific,Gross savings (% of GDP),NY.GNS.ICTR.ZS,0,25,0
East Asia & Pacific,"Inflation, consumer prices (annual %)",FP.CPI.TOTL.ZG,0,25,0
East Asia & Pacific,"Labor force participation rate, female (% of female population ages 15+) (national estimate)",SL.TLF.CACT.FE.NE.ZS,0,25,0
East Asia & Pacific,"Population, female",SP.POP.TOTL.FE.IN,0,25,0
East Asia & Pacific,"Population, female (% of total population)",SP.POP.TOTL.FE.ZS,0,25,0
East Asia & Pacific,"Population, male",SP.POP.TOTL.MA.IN,0,25,0
East Asia & Pacific,"Population, male (% of total population)",SP.POP.TOTL.MA.ZS,0,25,0
East Asia & Pacific,Ratio of female to male labor force participation rate (%) (national estimate),SL.TLF.CACT.FM.NE.ZS,0,25,0
East Asia & Pacific,"Unemployment, youth female (% of female labor force ages 15-24) (national estimate)",SL.UEM.1524.FE.NE.ZS,0,25,0
East Asia & Pacific,Wanted fertility rate (births per woman),SP.DYN.WFRT,0,25,0
East Asia & Pacific,"Women making their own informed decisions regarding sexual relations, contraceptive use and reproductive health care (% of women age 15-49)",SG.DMK.SRCR.FN.ZS,0,25,0
East Asia & Pacific,Women's share of population ages 15+ living with HIV (%),SH.DYN.AIDS.FE.ZS,0,25,0
East Asia & Pacific,"Contraceptive prevalence, any method (% of married women ages 15-49)",SP.DYN.CONU.ZS,0,25,0
East Asia & Pacific,Coverage of social insurance programs (% of population),per_si_allsi.cov_pop_tot,0,25,0
East Asia & Pacific,Coverage of social safety net programs (% of population),per_sa_allsa.cov_pop_tot,0,25,0
East Asia & Pacific,Demand for family planning satisfied by modern methods (% of married women with demand for family planning),SH.FPL.SATM.ZS,0,25,0
East Asia & Pacific,Diabetes prevalence (% of population ages 20 to 79),SH.STA.DIAB.ZS,0,25,0
East Asia & Pacific,"Life expectancy at birth, total (years)",SP.DYN.LE00.IN,0,25,0
East Asia & Pacific,"Life expectancy at birth, female (years)",SP.DYN.LE00.FE.IN,0,25,0
East Asia & Pacific,"Life expectancy at birth, male (years)",SP.DYN.LE00.MA.IN,0,25,0
East Asia & Pacific,"Nurses and midwives (per 1,000 people)",SH.MED.NUMW.P3,0,25,0
East Asia & Pacific,Prevalence of anemia among women of reproductive age (% of women ages 15-49),SH.ANM.ALLW.ZS,0,25,0
East Asia & Pacific,Prevalence of anemia among pregnant women (%),SH.PRG.ANEM,0,25,0
East Asia & Pacific,"Prevalence of HIV, female (% ages 15-24)",SH.HIV.1524.FE.ZS,0,25,0
East Asia & Pacific,"Prevalence of HIV, male (% ages 15-24)",SH.HIV.1524.MA.ZS,0,25,0
East Asia & Pacific,"Prevalence of HIV, total (% of population ages 15-49)",SH.DYN.AIDS.ZS,0,25,0
East Asia & Pacific (excluding high income),Adjusted net national income (current US$),NY.ADJ.NNTY.CD,0,25,0
East Asia & Pacific (excluding high income),"Adolescent fertility rate (births per 1,000 women ages 15-19)",SP.ADO.TFRT,0,25,0
East Asia & Pacific (excluding high income),Gross savings (% of GDP),NY.GNS.ICTR.ZS,0,25,0
East Asia & Pacific (excluding high income),"Inflation, consumer prices (annual %)",FP.CPI.TOTL.ZG,0,25,0
East Asia & Pacific (excluding high income),"Labor force participation rate, female (% of female population ages 15+) (national estimate)",SL.TLF.CACT.FE.NE.ZS,0,25,0
East Asia & Pacific (excluding high income),"Population, female",SP.POP.TOTL.FE.IN,0,25,0
East Asia & Pacific (excluding high income),"Population, female (% of total population)",SP.POP.TOTL.FE.ZS,0,25,0
East Asia & Pacific (excluding high income),"Population, male",SP.POP.TOTL.MA.IN,0,25,0
East Asia & Pacific (excluding high income),"Population, male (% of total population)",SP.POP.TOTL.MA.ZS,0,25,0
East Asia & Pacific (excluding high income),Ratio of female to male labor force participation rate (%) (national estimate),SL.TLF.CACT.FM.NE.ZS,0,25,0
East Asia & Pacific (excluding high income),"Unemployment, youth female (% of female labor force ages 15-24) (national estimate)",SL.UEM.1524.FE.NE.ZS,0,25,0
East Asia & Pacific (excluding high income),Wanted fertility rate (births per woman),SP.DYN.WFRT,0,25,0
East Asia & Pacific (excluding high income),"Women making their own informed decisions regarding sexual relations, contraceptive use and reproductive health care (% of women age 15-49)",SG.DMK.SRCR.FN.ZS,0,25,0
East Asia & Pacific (excluding high income),Women's share of population ages 15+ living with HIV (%),SH.DYN.AIDS.FE.ZS,0,25,0
East Asia & Pacific (excluding high income),"Contraceptive prevalence, any method (% of married women ages 15-49)",SP.DYN.CONU.ZS,0,25,0
East Asia & Pacific (excluding high income),Coverage of social insurance programs (% of population),per_si_allsi.cov_pop_tot,0,25,0
East Asia & Pacific (excluding high income),Coverage of social safety net programs (% of population),per_sa_allsa.cov_pop_tot,0,25,0
East Asia & Pacific (excluding high income),Demand for family planning satisfied by modern methods (% of married women with demand for family planning),SH.FPL.SATM.ZS,0,25,0
East Asia & Pacific (excluding high income),Diabetes prevalence (% of population ages 20 to 79),SH.STA.DIAB.ZS,0,25,0
East Asia & Pacific (excluding high income),"Life expectancy at birth, total (years)",SP.DYN.LE00.IN,0,25,0
East Asia & Pacific (excluding high income),"Life expectancy at birth, female (years)",SP.DYN.LE00.FE.IN,0,25,0
East Asia & Pacific (excluding high income),"Life expectancy at birth, male (years)",SP.DYN.LE00.MA.IN,0,25,0
East Asia & Pacific (excluding high income),"Nurses and midwives (per 1,000 people)",SH.MED.NUMW.P3,0,25,0
East Asia & Pacific (excluding high income),Prevalence of anemia among women of reproductive age (% of women ages 15-49),SH.ANM.ALLW.ZS,0,25,0
East Asia & Pacific (excluding high income),Prevalence of anemia among pregnant women (%),SH.PRG.ANEM,0,25,0
East Asia & Pacific (excluding high income),"Prevalence of HIV, female (% ages 15-24)",SH.HIV.1524.FE.ZS,0,25,0
East Asia & Pacific (excluding high income),"Prevalence of HIV, male (% ages 15-24)",SH.HIV.1524.MA.ZS,0,25,0
East Asia & Pacific (excluding high income),"Prevalence of HIV, total (% of population ages 15-49)",SH.DYN.AIDS.ZS,0,25,0
East Asia & Pacific (IDA & IBRD countries),Adjusted net national income (current US$),NY.ADJ.NNTY.CD,0,25,0
East Asia & Pacific (IDA & IBRD countries),"Adolescent fertility rate (births per 1,000 women ages 15-19)",SP.ADO.TFRT,0,25,0
East Asia & Pacific (IDA & IBRD countries),Gross savings (% of GDP),NY.GNS.ICTR.ZS,0,25,0
East Asia & Pacific (IDA & IBRD countries),"Inflation, consumer prices (annual %)",FP.CPI.TOTL.ZG,0,25,0
East Asia & Pacific (IDA & IBRD countries),"Labor force participation rate, female (% of female population ages 15+) (national estimate)",SL.TLF.CACT.FE.NE.ZS,0,25,0
East Asia & Pacific (IDA & IBRD countries),"Population, female",SP.POP.TOTL.FE.IN,0,25,0
East Asia & Pacific (IDA & IBRD countries),"Population, female (% of total population)",SP.POP.TOTL.FE.ZS,0,25,0
East Asia & Pacific (IDA & IBRD countries),"Population, male",SP.POP.TOTL.MA.IN,0,25,0
East Asia & Pacific (IDA & IBRD countries),"Population, male (% of total population)",SP.POP.TOTL.MA.ZS,0,25,0
East Asia & Pacific (IDA & IBRD countries),Ratio of female to male labor force participation rate (%) (national estimate),SL.TLF.CACT.FM.NE.ZS,0,25,0
East Asia & Pacific (IDA & IBRD countries),"Unemployment, youth female (% of female labor force ages 15-24) (national estimate)",SL.UEM.1524.FE.NE.ZS,0,25,0
East Asia & Pacific (IDA & IBRD countries),Wanted fertility rate (births per woman),SP.DYN.WFRT,0,25,0
East Asia & Pacific (IDA & IBRD countries),"Women making their own informed decisions regarding sexual relations, contraceptive use and reproductive health care (% of women age 15-49)",SG.DMK.SRCR.FN.ZS,0,25,0
East Asia & Pacific (IDA & IBRD countries),Women's share of population ages 15+ living with HIV (%),SH.DYN.AIDS.FE.ZS,0,25,0
East Asia & Pacific (IDA & IBRD countries),"Contraceptive prevalence, any method (% of married women ages 15-49)",SP.DYN.CONU.ZS,0,25,0
East Asia & Pacific (IDA & IBRD countries),Coverage of social insurance programs (% of population),per_si_allsi.cov_pop_tot,0,25,0
East Asia & Pacific (IDA & IBRD countries),Coverage of social safety net programs (% of population),per_sa_allsa.cov_pop_tot,0,25,0
East Asia & Pacific (IDA & IBRD countries),Demand for family planning satisfied by modern methods (% of married women with demand for family planning),SH.FPL.SATM.ZS,0,25,0
East Asia & Pacific (IDA & IBRD countries),Diabetes prevalence (% of population ages 20 to 79),SH.STA.DIAB.ZS,0,25,0
East Asia & Pacific (IDA & IBRD countries),"Life expectancy at birth, total (years)",SP.DYN.LE00.IN,0,25,0
East Asia & Pacific (IDA & IBRD countries),"Life expectancy at birth, female (years)",SP.DYN.LE00.FE.IN,0,25,0
East Asia & Pacific (IDA & IBRD countries),"Life expectancy at birth, male (years)",SP.DYN.LE00.MA.IN,0,25,0
East Asia & Pacific (IDA & IBRD countries),"Nurses and midwives (per 1,000 people)",SH.MED.NUMW.P3,0,25,0
East Asia & Pacific (IDA & IBRD countries),Prevalence of anemia among women of reproductive age (% of women ages 15-49),SH.ANM.ALLW.ZS,0,25,0
East Asia & Pacific (IDA & IBRD countries),Prevalence of anemia among pregnant women (%),SH.PRG.ANEM,0,25,0
East Asia & Pacific (IDA & IBRD countries),"Prevalence of HIV, female (% ages 15-24)",SH.HIV.1524.FE.ZS,0,25,0
East Asia & Pacific (IDA & IBRD countries),"Prevalence of HIV, male (% ages 15-24)",SH.HIV.1524.MA.ZS,0,25,0
East Asia & Pacific (IDA & IBRD countries),"Prevalence of HIV, total (% of population ages 15-49)",SH.DYN.AIDS.ZS,0,25,0
Euro area,Adjusted net national income (current US$),NY.ADJ.NNTY.CD,0,25,0
Euro area,"Adolescent fertility rate (births per 1,000 women ages 15-19)",SP.ADO.TFRT,0,25,0
Euro area,Gross savings (% of GDP),NY.GNS.ICTR.ZS,0,25,0
Euro area,"Inflation, consumer prices (annual %)",FP.CPI.TOTL.ZG,0,25,0
Euro area,"Labor force participation rate, female (% of female population ages 15+) (national estimate)",SL.TLF.CACT.FE.NE.ZS,0,25,0
Euro area,"Population, female",SP.POP.TOTL.FE.IN,0,25,0
Euro area,"Population, female (% of total population)",SP.POP.TOTL.FE.ZS,0,25,0
Euro area,"Population, male",SP.POP.TOTL.MA.IN,0,25,0
Euro area,"Population, male (% of total population)",SP.POP.TOTL.MA.ZS,0,25,0
Euro area,Ratio of female to male labor force participation rate (%) (national estimate),SL.TLF.CACT.FM.NE.ZS,0,25,0
Euro area,"Unemployment, youth female (% of female labor force ages 15-24) (national estimate)",SL.UEM.1524.FE.NE.ZS,0,25,0
Euro area,Wanted fertility rate (births per woman),SP.DYN.WFRT,0,25,0
Euro area,"Women making their own informed decisions regarding sexual relations, contraceptive use and reproductive health care (% of women age 15-49)",SG.DMK.SRCR.FN.ZS,0,25,0
Euro area,Women's share of population ages 15+ living with HIV (%),SH.DYN.AIDS.FE.ZS,0,25,0
Euro area,"Contraceptive prevalence, any method (% of married women ages 15-49)",SP.DYN.CONU.ZS,0,25,0
Euro area,Coverage of social insurance programs (% of population),per_si_allsi.cov_pop_tot,0,25,0
Euro area,Coverage of social safety net programs (% of population),per_sa_allsa.cov_pop_tot,0,25,0
Euro area,Demand for family planning satisfied by modern methods (% of married women with demand for family planning),SH.FPL.SATM.ZS,0,25,0
Euro area,Diabetes prevalence (% of population ages 20 to 79),SH.STA.DIAB.ZS,0,25,0
Euro area,"Life expectancy at birth, total (years)",SP.DYN.LE00.IN,0,25,0
Euro area,"Life expectancy at birth, female (years)",SP.DYN.LE00.FE.IN,0,25,0
Euro area,"Life expectancy at birth, male (years)",SP.DYN.LE00.MA.IN,0,25,0
Euro area,"Nurses and midwives (per 1,000 people)",SH.MED.NUMW.P3,0,25,0
Euro area,Prevalence of anemia among women of reproductive age (% of women ages 15-49),SH.ANM.ALLW.ZS,0,25,0
Euro area,Prevalence of anemia among pregnant women (%),SH.PRG.ANEM,0,25,0
Euro area,"Prevalence of HIV, female (% ages 15-24)",SH.HIV.1524.FE.ZS,0,25,0
Euro area,"Prevalence of HIV, male (% ages 15-24)",SH.HIV.1524.MA.ZS,0,25,0
Euro area,"Prevalence of HIV, total (% of population ages 15-49)",SH.DYN.AIDS.ZS,0,25,0
Europe & Central Asia,Adjusted net national income (current US$),NY.ADJ.NNTY.CD,0,25,0
Europe & Central Asia,"Adolescent fertility rate (births per 1,000 women ages 15-19)",SP.ADO.TFRT,0,25,0
Europe & Central Asia,Gross savings (% of GDP),NY.GNS.ICTR.ZS,0,25,0
Europe & Central Asia,"Inflation, consumer prices (annual %)",FP.CPI.TOTL.ZG,0,25,0
Europe & Central Asia,"Labor force participation rate, female (% of female population ages 15+) (national estimate)",SL.TLF.CACT.FE.NE.ZS,0,25,0
Europe & Central Asia,"Population, female",SP.POP.TOTL.FE.IN,0,25,0
Europe & Central Asia,"Population, female (% of total population)",SP.POP.TOTL.FE.ZS,0,25,0
Europe & Central Asia,"Population, male",SP.POP.TOTL.MA.IN,0,25,0
Europe & Central Asia,"Population, male (% of total population)",SP.POP.TOTL.MA.ZS,0,25,0
Europe & Central Asia,Ratio of female to male labor force participation rate (%) (national estimate),SL.TLF.CACT.FM.NE.ZS,0,25,0
Europe & Central Asia,"Unemployment, youth female (% of female labor force ages 15-24) (national estimate)",SL.UEM.1524.FE.NE.ZS,0,25,0
Europe & Central Asia,Wanted fertility rate (births per woman),SP.DYN.WFRT,0,25,0
Europe & Central Asia,"Women making their own informed decisions regarding sexual relations, contraceptive use and reproductive health care (% of women age 15-49)",SG.DMK.SRCR.FN.ZS,0,25,0
Europe & Central Asia,Women's share of population ages 15+ living with HIV (%),SH.DYN.AIDS.FE.ZS,0,25,0
Europe & Central Asia,"Contraceptive prevalence, any method (% of married women ages 15-49)",SP.DYN.CONU.ZS,0,25,0
Europe & Central Asia,Coverage of social insurance programs (% of population),per_si_allsi.cov_pop_tot,0,25,0
Europe & Central Asia,Coverage of social safety net programs (% of population),per_sa_allsa.cov_pop_tot,0,25,0
Europe & Central Asia,Demand for family planning satisfied by modern methods (% of married women with demand for family planning),SH.FPL.SATM.ZS,0,25,0
Europe & Central Asia,Diabetes prevalence (% of population ages 20 to 79),SH.STA.DIAB.ZS,0,25,0
Europe & Central Asia,"Life expectancy at birth, total (years)",SP.DYN.LE00.IN,0,25,0
Europe & Central Asia,"Life expectancy at birth, female (years)",SP.DYN.LE00.FE.IN,0,25,0
Europe & Central Asia,"Life expectancy at birth, male (years)",SP.DYN.LE00.MA.IN,0,25,0
Europe & Central Asia,"Nurses and midwives (per 1,000 people)",SH.MED.NUMW.P3,0,25,0
Europe & Central Asia,Prevalence of anemia among women of reproductive age (% of women ages 15-49),SH.ANM.ALLW.ZS,0,25,0
Europe & Central Asia,Prevalence of anemia among pregnant women (%),SH.PRG.ANEM,0,25,0
Europe & Central Asia,"Prevalence of HIV, female (% ages 15-24)",SH.HIV.1524.FE.ZS,0,25,0
Europe & Central Asia,"Prevalence of HIV, male (% ages 15-24)",SH.HIV.1524.MA.ZS,0,25,0
Europe & Central Asia,"Prevalence of HIV, total (% of population ages 15-49)",SH.DYN.AIDS.ZS,0,25,0
Europe & Central Asia (excluding high income),Adjusted net national income (current US$),NY.ADJ.NNTY.CD,0,25,0
Europe & Central Asia (excluding high income),"Adolescent fertility rate (births per 1,000 women ages 15-19)",SP.ADO.TFRT,0,25,0
Europe & Central Asia (excluding high income),Gross savings (% of GDP),NY.GNS.ICTR.ZS,0,25,0
Europe & Central Asia (excluding high income),"Inflation, consumer prices (annual %)",FP.CPI.TOTL.ZG,0,25,0
Europe & Central Asia (excluding high income),"Labor force participation rate, female (% of female population ages 15+) (national estimate)",SL.TLF.CACT.FE.NE.ZS,0,25,0
Europe & Central Asia (excluding high income),"Population, female",SP.POP.TOTL.FE.IN,0,25,0
Europe & Central Asia (excluding high income),"Population, female (% of total population)",SP.POP.TOTL.FE.ZS,0,25,0
Europe & Central Asia (excluding high income),"Population, male",SP.POP.TOTL.MA.IN,0,25,0
Europe & Central Asia (excluding high income),"Population, male (% of total population)",SP.POP.TOTL.MA.ZS,0,25,0
Europe & Central Asia (excluding high income),Ratio of female to male labor force participation rate (%) (national estimate),SL.TLF.CACT.FM.NE.ZS,0,25,0
Europe & Central Asia (excluding high income),"Unemployment, youth female (% of female labor force ages 15-24) (national estimate)",SL.UEM.1524.FE.NE.ZS,0,25,0
Europe & Central Asia (excluding high income),Wanted fertility rate (births per woman),SP.DYN.WFRT,0,25,0
Europe & Central Asia (excluding high income),"Women making their own informed decisions regarding sexual relations, contraceptive use and reproductive health care (% of women age 15-49)",SG.DMK.SRCR.FN.ZS,0,25,0
Europe & Central Asia (excluding high income),Women's share of population ages 15+ living with HIV (%),SH.DYN.AIDS.FE.ZS,0,25,0
Europe & Central Asia (excluding high income),"Contraceptive prevalence, any method (% of married women ages 15-49)",SP.DYN.CONU.ZS,0,25,0
Europe & Central Asia (excluding high income),Coverage of social insurance programs (% of population),per_si_allsi.cov_pop_tot,0,25,0
Europe & Central Asia (excluding high income),Coverage of social safety net programs (% of population),per_sa_allsa.cov_pop_tot,0,25,0
Europe & Central Asia (excluding high income),Demand for family planning satisfied by modern methods (% of married women with demand for family planning),SH.FPL.SATM.ZS,0,25,0
Europe & Central Asia (excluding high income),Diabetes prevalence (% of population ages 20 to 79),SH.STA.DIAB.ZS,0,25,0
Europe & Central Asia (excluding high income),"Life expectancy at birth, total (years)",SP.DYN.LE00.IN,0,25,0
Europe & Central Asia (excluding high income),"Life expectancy at birth, female (years)",SP.DYN.LE00.FE.IN,0,25,0
Europe & Central Asia (excluding high income),"Life expectancy at birth, male (years)",SP.DYN.LE00.MA.IN,0,25,0
Europe & Central Asia (excluding high income),"Nurses and midwives (per 1,000 people)",SH.MED.NUMW.P3,0,25,0
Europe & Central Asia (excluding high income),Prevalence of anemia among women of reproductive age (% of women ages 15-49),SH.ANM.ALLW.ZS,0,25,0
Europe & Central Asia (excluding high income),Prevalence of anemia among pregnant women (%),SH.PRG.ANEM,0,25,0
Europe & Central Asia (excluding high income),"Prevalence of HIV, female (% ages 15-24)",SH.HIV.1524.FE.ZS,0,25,0
Europe & Central Asia (excluding high income),"Prevalence of HIV, male (% ages 15-24)",SH.HIV.1524.MA.ZS,0,25,0
Europe & Central Asia (excluding high income),"Prevalence of HIV, total (% of population ages 15-49)",SH.DYN.AIDS.ZS,0,25,0
Europe & Central Asia (IDA & IBRD countries),Adjusted net national income (current US$),NY.ADJ.NNTY.CD,0,25,0
Europe & Central Asia (IDA & IBRD countries),"Adolescent fertility rate (births per 1,000 women ages 15-19)",SP.ADO.TFRT,0,25,0
Europe & Central Asia (IDA & IBRD countries),Gross savings (% of GDP),NY.GNS.ICTR.ZS,0,25,0
Europe & Central Asia (IDA & IBRD countries),"Inflation, consumer prices (annual %)",FP.CPI.TOTL.ZG,0,25,0
Europe & Central Asia (IDA & IBRD countries),"Labor force participation rate, female (% of female population ages 15+) (national estimate)",SL.TLF.CACT.FE.NE.ZS,0,25,0
Europe & Central Asia (IDA & IBRD countries),"Population, female",SP.POP.TOTL.FE.IN,0,25,0
Europe & Central Asia (IDA & IBRD countries),"Population, female (% of total population)",SP.POP.TOTL.FE.ZS,0,25,0
Europe & Central Asia (IDA & IBRD countries),"Population, male",SP.POP.TOTL.MA.IN,0,25,0
Europe & Central Asia (IDA & IBRD countries),"Population, male (% of total population)",SP.POP.TOTL.MA.ZS,0,25,0
Europe & Central Asia (IDA & IBRD countries),Ratio of female to male labor force participation rate (%) (national estimate),SL.TLF.CACT.FM.NE.ZS,0,25,0
Europe & Central Asia (IDA & IBRD countries),"Unemployment, youth female (% of female labor force ages 15-24) (national estimate)",SL.UEM.1524.FE.NE.ZS,0,25,0
Europe & Central Asia (IDA & IBRD countries),Wanted fertility rate (births per woman),SP.DYN.WFRT,0,25,0
Europe & Central Asia (IDA & IBRD countries),"Women making their own informed decisions regarding sexual relations, contraceptive use and reproductive health care (% of women age 15-49)",SG.DMK.SRCR.FN.ZS,0,25,0
Europe & Central Asia (IDA & IBRD countries),Women's share of population ages 15+ living with HIV (%),SH.DYN.AIDS.FE.ZS,0,25,0
Europe & Central Asia (IDA & IBRD countries),"Contraceptive prevalence, any method (% of married women ages 15-49)",SP.DYN.CONU.ZS,0,25,0
Europe & Central Asia (IDA & IBRD countries),Coverage of social insurance programs (% of population),per_si_allsi.cov_pop_tot,0,25,0
Europe & Central Asia (IDA & IBRD countries),Coverage of social safety net programs (% of population),per_sa_allsa.cov_pop_tot,0,25,0
Europe & Central Asia (IDA & IBRD countries),Demand for family planning satisfied by modern methods (% of married women with demand for family planning),SH.FPL.SATM.ZS,0,25,0
Europe & Central Asia (IDA & IBRD countries),Diabetes prevalence (% of population ages 20 to 79),SH.STA.DIAB.ZS,0,25,0
Europe & Central Asia (IDA & IBRD countries),"Life expectancy at birth, total (years)",SP.DYN.LE00.IN,0,25,0
Europe & Central Asia (IDA & IBRD countries),"Life expectancy at birth, female (years)",SP.DYN.LE00.FE.IN,0,25,0
Europe & Central Asia (IDA & IBRD countries),"Life expectancy at birth, male (years)",SP.DYN.LE00.MA.IN,0,25,0
Europe & Central Asia (IDA & IBRD countries),"Nurses and midwives (per 1,000 people)",SH.MED.NUMW.P3,0,25,0
Europe & Central Asia (IDA & IBRD countries),Prevalence of anemia among women of reproductive age (% of women ages 15-49),SH.ANM.ALLW.ZS,0,25,0
Europe & Central Asia (IDA & IBRD countries),Prevalence of anemia among pregnant women (%),SH.PRG.ANEM,0,25,0
Europe & Central Asia (IDA & IBRD countries),"Prevalence of HIV, female (% ages 15-24)",SH.HIV.1524.FE.ZS,0,25,0
Europe & Central Asia (IDA & IBRD countries),"Prevalence of HIV, male (% ages 15-24)",SH.HIV.1524.MA.ZS,0,25,0
Europe & Central Asia (IDA & IBRD countries),"Prevalence of HIV, total (% of population ages 15-49)",SH.DYN.AIDS.ZS,0,25,0
European Union,Adjusted net national income (current US$),NY.ADJ.NNTY.CD,0,25,0
European Union,"Adolescent fertility rate (births per 1,000 women ages 15-19)",SP.ADO.TFRT,0,25,0
European Union,Gross savings (% of GDP),NY.GNS.ICTR.ZS,0,25,0
European Union,"Inflation, consumer prices (annual %)",FP.CPI.TOTL.ZG,0,25,0
European Union,"Labor force participation rate, female (% of female population ages 15+) (national estimate)",SL.TLF.CACT.FE.NE.ZS,0,25,0
European Union,"Population, female",SP.POP.TOTL.FE.IN,0,25,0
European Union,"Population, female (% of total population)",SP.POP.TOTL.FE.ZS,0,25,0
European Union,"Population, male",SP.POP.TOTL.MA.IN,0,25,0
European Union,"Population, male (% of total population)",SP.POP.TOTL.MA.ZS,0,25,0
European Union,Ratio of female to male labor force participation rate (%) (national estimate),SL.TLF.CACT.FM.NE.ZS,0,25,0
European Union,"Unemployment, youth female (% of female labor force ages 15-24) (national estimate)",SL.UEM.1524.FE.NE.ZS,0,25,0
European Union,Wanted fertility rate (births per woman),SP.DYN.WFRT,0,25,0
European Union,"Women making their own informed decisions regarding sexual relations, contraceptive use and reproductive health care (% of women age 15-49)",SG.DMK.SRCR.FN.ZS,0,25,0
European Union,Women's share of population ages 15+ living with HIV (%),SH.DYN.AIDS.FE.ZS,0,25,0
European Union,"Contraceptive prevalence, any method (% of married women ages 15-49)",SP.DYN.CONU.ZS,0,25,0
European Union,Coverage of social insurance programs (% of population),per_si_allsi.cov_pop_tot,0,25,0
European Union,Coverage of social safety net programs (% of population),per_sa_allsa.cov_pop_tot,0,25,0
European Union,Demand for family planning satisfied by modern methods (% of married women with demand for family planning),SH.FPL.SATM.ZS,0,25,0
European Union,Diabetes prevalence (% of population ages 20 to 79),SH.STA.DIAB.ZS,0,25,0
European Union,"Life expectancy at birth, total (years)",SP.DYN.LE00.IN,0,25,0
European Union,"Life expectancy at birth, female (years)",SP.DYN.LE00.FE.IN,0,25,0
European Union,"Life expectancy at birth, male (years)",SP.DYN.LE00.MA.IN,0,25,0
European Union,"Nurses and midwives (per 1,000 people)",SH.MED.NUMW.P3,0,25,0
European Union,Prevalence of anemia among women of reproductive age (% of women ages 15-49),SH.ANM.ALLW.ZS,0,25,0
European Union,Prevalence of anemia among pregnant women (%),SH.PRG.ANEM,0,25,0
European Union,"Prevalence of HIV, female (% ages 15-24)",SH.HIV.1524.FE.ZS,0,25,0
European Union,"Prevalence of HIV, male (% ages 15-24)",SH.HIV.1524.MA.ZS,0,25,0
European Union,"Prevalence of HIV, total (% of population ages 15-49)",SH.DYN.AIDS.ZS,0,25,0
Fragile and conflict affected situations,Adjusted net national income (current US$),NY.ADJ.NNTY.CD,0,25,0
Fragile and conflict affected situations,"Adolescent fertility rate (births per 1,000 women ages 15-19)",SP.ADO.TFRT,0,25,0
Fragile and conflict affected situations,Gross savings (% of GDP),NY.GNS.ICTR.ZS,0,25,0
Fragile and conflict affected situations,"Inflation, consumer prices (annual %)",FP.CPI.TOTL.ZG,0,25,0
Fragile and conflict affected situations,"Labor force participation rate, female (% of female population ages 15+) (national estimate)",SL.TLF.CACT.FE.NE.ZS,0,25,0
Fragile and conflict affected situations,"Population, female",SP.POP.TOTL.FE.IN,0,25,0
Fragile and conflict affected situations,"Population, female (% of total population)",SP.POP.TOTL.FE.ZS,0,25,0
Fragile and conflict affected situations,"Population, male",SP.POP.TOTL.MA.IN,0,25,0
Fragile and conflict affected situations,"Population, male (% of total population)",SP.POP.TOTL.MA.ZS,0,25,0
Fragile and conflict affected situations,Ratio of female to male labor force participation rate (%) (national estimate),SL.TLF.CACT.FM.NE.ZS,0,25,0
Fragile and conflict affected situations,"Unemployment, youth female (% of female labor force ages 15-24) (national estimate)",SL.UEM.1524.FE.NE.ZS,0,25,0
Fragile and conflict affected situations,Wanted fertility rate (births per woman),SP.DYN.WFRT,0,25,0
Fragile and conflict affected situations,"Women making their own informed decisions regarding sexual relations, contraceptive use and reproductive health care (% of women age 15-49)",SG.DMK.SRCR.FN.ZS,0,25,0
Fragile and conflict affected situations,Women's share of population ages 15+ living with HIV (%),SH.DYN.AIDS.FE.ZS,0,25,0
Fragile and conflict affected situations,"Contraceptive prevalence, any method (% of married women ages 15-49)",SP.DYN.CONU.ZS,0,25,0
Fragile and conflict affected situations,Coverage of social insurance programs (% of population),per_si_allsi.cov_pop_tot,0,25,0
Fragile and conflict affected situations,Coverage of social safety net programs (% of population),per_sa_allsa.cov_pop_tot,0,25,0
Fragile and conflict affected situations,Demand for family planning satisfied by modern methods (% of married women with demand for family planning),SH.FPL.SATM.ZS,0,25,0
Fragile and conflict affected situations,Diabetes prevalence (% of population ages 20 to 79),SH.STA.DIAB.ZS,0,25,0
Fragile and conflict affected situations,"Life expectancy at birth, total (years)",SP.DYN.LE00.IN,0,25,0
Fragile and conflict affected situations,"Life expectancy at birth, female (years)",SP.DYN.LE00.FE.IN,0,25,0
Fragile and conflict affected situations,"Life expectancy at birth, male (years)",SP.DYN.LE00.MA.IN,0,25,0
Fragile and conflict affected situations,"Nurses and midwives (per 1,000 people)",SH.MED.NUMW.P3,0,25,0
Fragile and conflict affected situations,Prevalence of anemia among women of reproductive age (% of women ages 15-49),SH.ANM.ALLW.ZS,0,25,0
Fragile and conflict affected situations,Prevalence of anemia among pregnant women (%),SH.PRG.ANEM,0,25,0
Fragile and conflict affected situations,"Prevalence of HIV, female (% ages 15-24)",SH.HIV.1524.FE.ZS,0,25,0
Fragile and conflict affected situations,"Prevalence of HIV, male (% ages 15-24)",SH.HIV.1524.MA.ZS,0,25,0
Fragile and conflict affected situations,"Prevalence of HIV, total (% of population ages 15-49)",SH.DYN.AIDS.ZS,0,25,0
Heavily indebted poor countries (HIPC),Adjusted net national income (current US$),NY.ADJ.NNTY.CD,0,25,0
Heavily indebted poor countries (HIPC),"Adolescent fertility rate (births per 1,000 women ages 15-19)",SP.ADO.TFRT,0,25,0
Heavily indebted poor countries (HIPC),Gross savings (% of GDP),NY.GNS.ICTR.ZS,0,25,0
Heavily indebted poor countries (HIPC),"Inflation, consumer prices (annual %)",FP.CPI.TOTL.ZG,0,25,0
Heavily indebted poor countries (HIPC),"Labor force participation rate, female (% of female population ages 15+) (national estimate)",SL.TLF.CACT.FE.NE.ZS,0,25,0
Heavily indebted poor countries (HIPC),"Population, female",SP.POP.TOTL.FE.IN,0,25,0
Heavily indebted poor countries (HIPC),"Population, female (% of total population)",SP.POP.TOTL.FE.ZS,0,25,0
Heavily indebted poor countries (HIPC),"Population, male",SP.POP.TOTL.MA.IN,0,25,0
Heavily indebted poor countries (HIPC),"Population, male (% of total population)",SP.POP.TOTL.MA.ZS,0,25,0
Heavily indebted poor countries (HIPC),Ratio of female to male labor force participation rate (%) (national estimate),SL.TLF.CACT.FM.NE.ZS,0,25,0
Heavily indebted poor countries (HIPC),"Unemployment, youth female (% of female labor force ages 15-24) (national estimate)",SL.UEM.1524.FE.NE.ZS,0,25,0
Heavily indebted poor countries (HIPC),Wanted fertility rate (births per woman),SP.DYN.WFRT,0,25,0
Heavily indebted poor countries (HIPC),"Women making their own informed decisions regarding sexual relations, contraceptive use and reproductive health care (% of women age 15-49)",SG.DMK.SRCR.FN.ZS,0,25,0
Heavily indebted poor countries (HIPC),Women's share of population ages 15+ living with HIV (%),SH.DYN.AIDS.FE.ZS,0,25,0
Heavily indebted poor countries (HIPC),"Contraceptive prevalence, any method (% of married women ages 15-49)",SP.DYN.CONU.ZS,0,25,0
Heavily indebted poor countries (HIPC),Coverage of social insurance programs (% of population),per_si_allsi.cov_pop_tot,0,25,0
Heavily indebted poor countries (HIPC),Coverage of social safety net programs (% of population),per_sa_allsa.cov_pop_tot,0,25,0
Heavily indebted poor countries (HIPC),Demand for family planning satisfied by modern methods (% of married women with demand for family planning),SH.FPL.SATM.ZS,0,25,0
Heavily indebted poor countries (HIPC),Diabetes prevalence (% of population ages 20 to 79),SH.STA.DIAB.ZS,0,25,0
Heavily indebted poor countries (HIPC),"Life expectancy at birth, total (years)",SP.DYN.LE00.IN,0,25,0
Heavily indebted poor countries (HIPC),"Life expectancy at birth, female (years)",SP.DYN.LE00.FE.IN,0,25,0
Heavily indebted poor countries (HIPC),"Life expectancy at birth, male (years)",SP.DYN.LE00.MA.IN,0,25,0
Heavily indebted poor countries (HIPC),"Nurses and midwives (per 1,000 people)",SH.MED.NUMW.P3,0,25,0
Heavily indebted poor countries (HIPC),Prevalence of anemia among women of reproductive age (% of women ages 15-49),SH.ANM.ALLW.ZS,0,25,0
Heavily indebted poor countries (HIPC),Prevalence of anemia among pregnant women (%),SH.PRG.ANEM,0,25,0
Heavily indebted poor countries (HIPC),"Prevalence of HIV, female (% ages 15-24)",SH.HIV.1524.FE.ZS,0,25,0
Heavily indebted poor countries (HIPC),"Prevalence of HIV, male (% ages 15-24)",SH.HIV.1524.MA.ZS,0,25,0
Heavily indebted poor countries (HIPC),"Prevalence of HIV, total (% of population ages 15-49)",SH.DYN.AIDS.ZS,0,25,0
High income,Adjusted net national income (current US$),NY.ADJ.NNTY.CD,0,25,0
High income,"Adolescent fertility rate (births per 1,000 women ages 15-19)",SP.ADO.TFRT,0,25,0
High income,Gross savings (% of GDP),NY.GNS.ICTR.ZS,0,25,0
High income,"Inflation, consumer prices (annual %)",FP.CPI.TOTL.ZG,0,25,0
High income,"Labor force participation rate, female (% of female population ages 15+) (national estimate)",SL.TLF.CACT.FE.NE.ZS,0,25,0
High income,"Population, female",SP.POP.TOTL.FE.IN,0,25,0
High income,"Population, female (% of total population)",SP.POP.TOTL.FE.ZS,0,25,0
High income,"Population, male",SP.POP.TOTL.MA.IN,0,25,0
High income,"Population, male (% of total population)",SP.POP.TOTL.MA.ZS,0,25,0
High income,Ratio of female to male labor force participation rate (%) (national estimate),SL.TLF.CACT.FM.NE.ZS,0,25,0
High income,"Unemployment, youth female (% of female labor force ages 15-24) (national estimate)",SL.UEM.1524.FE.NE.ZS,0,25,0
High income,Wanted fertility rate (births per woman),SP.DYN.WFRT,0,25,0
High income,"Women making their own informed decisions regarding sexual relations, contraceptive use and reproductive health care (% of women age 15-49)",SG.DMK.SRCR.FN.ZS,0,25,0
High income,Women's share of population ages 15+ living with HIV (%),SH.DYN.AIDS.FE.ZS,0,25,0
High income,"Contraceptive prevalence, any method (% of married women ages 15-49)",SP.DYN.CONU.ZS,0,25,0
High income,Coverage of social insurance programs (% of population),per_si_allsi.cov_pop_tot,0,25,0
High income,Coverage of social safety net programs (% of population),per_sa_allsa.cov_pop_tot,0,25,0
High income,Demand for family planning satisfied by modern methods (% of married women with demand for family planning),SH.FPL.SATM.ZS,0,25,0
High income,Diabetes prevalence (% of population ages 20 to 79),SH.STA.DIAB.ZS,0,25,0
High income,"Life expectancy at birth, total (years)",SP.DYN.LE00.IN,0,25,0
High income,"Life expectancy at birth, female (years)",SP.DYN.LE00.FE.IN,0,25,0
High income,"Life expectancy at birth, male (years)",SP.DYN.LE00.MA.IN,0,25,0
High income,"Nurses and midwives (per 1,000 people)",SH.MED.NUMW.P3,0,25,0
High income,Prevalence of anemia among women of reproductive age (% of women ages 15-49),SH.ANM.ALLW.ZS,0,25,0
High income,Prevalence of anemia among pregnant women (%),SH.PRG.ANEM,0,25,0
High income,"Prevalence of HIV, female (% ages 15-24)",SH.HIV.1524.FE.ZS,0,25,0
High income,"Prevalence of HIV, male (% ages 15-24)",SH.HIV.1524.MA.ZS,0,25,0
High income,"Prevalence of HIV, total (% of population ages 15-49)",SH.DYN.AIDS.ZS,0,25,0
IBRD only,Adjusted net national income (current US$),NY.ADJ.NNTY.CD,0,25,0
IBRD only,"Adolescent fertility rate (births per 1,000 women ages 15-19)",SP.ADO.TFRT,0,25,0
IBRD only,Gross savings (% of GDP),NY.GNS.ICTR.ZS,0,25,0
IBRD only,"Inflation, consumer prices (annual %)",FP.CPI.TOTL.ZG,0,25,0
IBRD only,"Labor force participation rate, female (% of female population ages 15+) (national estimate)",SL.TLF.CACT.FE.NE.ZS,0,25,0
IBRD only,"Population, female",SP.POP.TOTL.FE.IN,0,25,0
IBRD only,"Population, female (% of total population)",SP.POP.TOTL.FE.ZS,0,25,0
IBRD only,"Population, male",SP.POP.TOTL.MA.IN,0,25,0
IBRD only,"Population, male (% of total population)",SP.POP.TOTL.MA.ZS,0,25,0
IBRD only,Ratio of female to male labor force participation rate (%) (national estimate),SL.TLF.CACT.FM.NE.ZS,0,25,0
IBRD only,"Unemployment, youth female (% of female labor force ages 15-24) (national estimate)",SL.UEM.1524.FE.NE.ZS,0,25,0
IBRD only,Wanted fertility rate (births per woman),SP.DYN.WFRT,0,25,0
IBRD only,"Women making their own informed decisions regarding sexual relations, contraceptive use and reproductive health care (% of women age 15-49)",SG.DMK.SRCR.FN.ZS,0,25,0
IBRD only,Women's share of population ages 15+ living with HIV (%),SH.DYN.AIDS.FE.ZS,0,25,0
IBRD only,"Contraceptive prevalence, any method (% of married women ages 15-49)",SP.DYN.CONU.ZS,0,25,0
IBRD only,Coverage of social insurance programs (% of population),per_si_allsi.cov_pop_tot,0,25,0
IBRD only,Coverage of social safety net programs (% of population),per_sa_allsa.cov_pop_tot,0,25,0
IBRD only,Demand for family planning satisfied by modern methods (% of married women with demand for family planning),SH.FPL.SATM.ZS,0,25,0
IBRD only,Diabetes prevalence (% of population ages 20 to 79),SH.STA.DIAB.ZS,0,25,0
IBRD only,"Life expectancy at birth, total (years)",SP.DYN.LE00.IN,0,25,0
IBRD only,"Life expectancy at birth, female (years)",SP.DYN.LE00.FE.IN,0,25,0
IBRD only,"Life expectancy at birth, male (years)",SP.DYN.LE00.MA.IN,0,25,0
IBRD only,"Nurses and midwives (per 1,000 people)",SH.MED.NUMW.P3,0,25,0
IBRD only,Prevalence of anemia among women of reproductive age (% of women ages 15-49),SH.ANM.ALLW.ZS,0,25,0
IBRD only,Prevalence of anemia among pregnant women (%),SH.PRG.ANEM,0,25,0
IBRD only,"Prevalence of HIV, female (% ages 15-24)",SH.HIV.1524.FE.ZS,0,25,0
IBRD only,"Prevalence of HIV, male (% ages 15-24)",SH.HIV.1524.MA.ZS,0,25,0
IBRD only,"Prevalence of HIV, total (% of population ages 15-49)",SH.DYN.AIDS.ZS,0,25,0
IDA & IBRD total,Adjusted net national income (current US$),NY.ADJ.NNTY.CD,0,25,0
IDA & IBRD total,"Adolescent fertility rate (births per 1,000 women ages 15-19)",SP.ADO.TFRT,0,25,0
IDA & IBRD total,Gross savings (% of GDP),NY.GNS.ICTR.ZS,0,25,0
IDA & IBRD total,"Inflation, consumer prices (annual %)",FP.CPI.TOTL.ZG,0,25,0
IDA & IBRD total,"Labor force participation rate, female (% of female population ages 15+) (national estimate)",SL.TLF.CACT.FE.NE.ZS,0,25,0
IDA & IBRD total,"Population, female",SP.POP.TOTL.FE.IN,0,25,0
IDA & IBRD total,"Population, female (% of total population)",SP.POP.TOTL.FE.ZS,0,25,0
IDA & IBRD total,"Population, male",SP.POP.TOTL.MA.IN,0,25,0
IDA & IBRD total,"Population, male (% of total population)",SP.POP.TOTL.MA.ZS,0,25,0
IDA & IBRD total,Ratio of female to male labor force participation rate (%) (national estimate),SL.TLF.CACT.FM.NE.ZS,0,25,0
IDA & IBRD total,"Unemployment, youth female (% of female labor force ages 15-24) (national estimate)",SL.UEM.1524.FE.NE.ZS,0,25,0
IDA & IBRD total,Wanted fertility rate (births per woman),SP.DYN.WFRT,0,25,0
IDA & IBRD total,"Women making their own informed decisions regarding sexual relations, contraceptive use and reproductive health care (% of women age 15-49)",SG.DMK.SRCR.FN.ZS,0,25,0
IDA & IBRD total,Women's share of population ages 15+ living with HIV (%),SH.DYN.AIDS.FE.ZS,0,25,0
IDA & IBRD total,"Contraceptive prevalence, any method (% of married women ages 15-49)",SP.DYN.CONU.ZS,0,25,0
IDA & IBRD total,Coverage of social insurance programs (% of population),per_si_allsi.cov_pop_tot,0,25,0
IDA & IBRD total,Coverage of social safety net programs (% of population),per_sa_allsa.cov_pop_tot,0,25,0
IDA & IBRD total,Demand for family planning satisfied by modern methods (% of married women with demand for family planning),SH.FPL.SATM.ZS,0,25,0
IDA & IBRD total,Diabetes prevalence (% of population ages 20 to 79),SH.STA.DIAB.ZS,0,25,0
IDA & IBRD total,"Life expectancy at birth, total (years)",SP.DYN.LE00.IN,0,25,0
IDA & IBRD total,"Life expectancy at birth, female (years)",SP.DYN.LE00.FE.IN,0,25,0
IDA & IBRD total,"Life expectancy at birth, male (years)",SP.DYN.LE00.MA.IN,0,25,0
IDA & IBRD total,"Nurses and midwives (per 1,000 people)",SH.MED.NUMW.P3,0,25,0
IDA & IBRD total,Prevalence of anemia among women of reproductive age (% of women ages 15-49),SH.ANM.ALLW.ZS,0,25,0
IDA & IBRD total,Prevalence of anemia among pregnant women (%),SH.PRG.ANEM,0,25,0
IDA & IBRD total,"Prevalence of HIV, female (% ages 15-24)",SH.HIV.1524.FE.ZS,0,25,0
IDA & IBRD total,"Prevalence of HIV, male (% ages 15-24)",SH.HIV.1524.MA.ZS,0,25,0
IDA & IBRD total,"Prevalence of HIV, total (% of population ages 15-49)",SH.DYN.AIDS.ZS,0,25,0
IDA blend,Adjusted net national income (current US$),NY.ADJ.NNTY.CD,0,25,0
IDA blend,"Adolescent fertility rate (births per 1,000 women ages 15-19)",SP.ADO.TFRT,0,25,0
IDA blend,Gross savings (% of GDP),NY.GNS.ICTR.ZS,0,25,0
IDA blend,"Inflation, consumer prices (annual %)",FP.CPI.TOTL.ZG,0,25,0
IDA blend,"Labor force participation rate, female (% of female population ages 15+) (national estimate)",SL.TLF.CACT.FE.NE.ZS,0,25,0
IDA blend,"Population, female",SP.POP.TOTL.FE.IN,0,25,0
IDA blend,"Population, female (% of total population)",SP.POP.TOTL.FE.ZS,0,25,0
IDA blend,"Population, male",SP.POP.TOTL.MA.IN,0,25,0
IDA blend,"Population, male (% of total population)",SP.POP.TOTL.MA.ZS,0,25,0
IDA blend,Ratio of female to male labor force participation rate (%) (national estimate),SL.TLF.CACT.FM.NE.ZS,0,25,0
IDA blend,"Unemployment, youth female (% of female labor force ages 15-24) (national estimate)",SL.UEM.1524.FE.NE.ZS,0,25,0
IDA blend,Wanted fertility rate (births per woman),SP.DYN.WFRT,0,25,0
IDA blend,"Women making their own informed decisions regarding sexual relations, contraceptive use and reproductive health care (% of women age 15-49)",SG.DMK.SRCR.FN.ZS,0,25,0
IDA blend,Women's share of population ages 15+ living with HIV (%),SH.DYN.AIDS.FE.ZS,0,25,0
IDA blend,"Contraceptive prevalence, any method (% of married women ages 15-49)",SP.DYN.CONU.ZS,0,25,0
IDA blend,Coverage of social insurance programs (% of population),per_si_allsi.cov_pop_tot,0,25,0
IDA blend,Coverage of social safety net programs (% of population),per_sa_allsa.cov_pop_tot,0,25,0
IDA blend,Demand for family planning satisfied by modern methods (% of married women with demand for family planning),SH.FPL.SATM.ZS,0,25,0
IDA blend,Diabetes prevalence (% of population ages 20 to 79),SH.STA.DIAB.ZS,0,25,0
IDA blend,"Life expectancy at birth, total (years)",SP.DYN.LE00.IN,0,25,0
IDA blend,"Life expectancy at birth, female (years)",SP.DYN.LE00.FE.IN,0,25,0
IDA blend,"Life expectancy at birth, male (years)",SP.DYN.LE00.MA.IN,0,25,0
IDA blend,"Nurses and midwives (per 1,000 people)",SH.MED.NUMW.P3,0,25,0
IDA blend,Prevalence of anemia among women of reproductive age (% of women ages 15-49),SH.ANM.ALLW.ZS,0,25,0
IDA blend,Prevalence of anemia among pregnant women (%),SH.PRG.ANEM,0,25,0
IDA blend,"Prevalence of HIV, female (% ages 15-24)",SH.HIV.1524.FE.ZS,0,25,0
IDA blend,"Prevalence of HIV, male (% ages 15-24)",SH.HIV.1524.MA.ZS,0,25,0
IDA blend,"Prevalence of HIV, total (% of population ages 15-49)",SH.DYN.AIDS.ZS,0,25,0
IDA only,Adjusted net national income (current US$),NY.ADJ.NNTY.CD,0,25,0
IDA only,"Adolescent fertility rate (births per 1,000 women ages 15-19)",SP.ADO.TFRT,0,25,0
IDA only,Gross savings (% of GDP),NY.GNS.ICTR.ZS,0,25,0
IDA only,"Inflation, consumer prices (annual %)",FP.CPI.TOTL.ZG,0,25,0
IDA only,"Labor force participation rate, female (% of female population ages 15+) (national estimate)",SL.TLF.CACT.FE.NE.ZS,0,25,0
IDA only,"Population, female",SP.POP.TOTL.FE.IN,0,25,0
IDA only,"Population, female (% of total population)",SP.POP.TOTL.FE.ZS,0,25,0
IDA only,"Population, male",SP.POP.TOTL.MA.IN,0,25,0
IDA only,"Population, male (% of total population)",SP.POP.TOTL.MA.ZS,0,25,0
IDA only,Ratio of female to male labor force participation rate (%) (national estimate),SL.TLF.CACT.FM.NE.ZS,0,25,0
IDA only,"Unemployment, youth female (% of female labor force ages 15-24) (national estimate)",SL.UEM.1524.FE.NE.ZS,0,25,0
IDA only,Wanted fertility rate (births per woman),SP.DYN.WFRT,0,25,0
IDA only,"Women making their own informed decisions regarding sexual relations, contraceptive use and reproductive health care (% of women age 15-49)",SG.DMK.SRCR.FN.ZS,0,25,0
IDA only,Women's share of population ages 15+ living with HIV (%),SH.DYN.AIDS.FE.ZS,0,25,0
IDA only,"Contraceptive prevalence, any method (% of married women ages 15-49)",SP.DYN.CONU.ZS,0,25,0
IDA only,Coverage of social insurance programs (% of population),per_si_allsi.cov_pop_tot,0,25,0
IDA only,Coverage of social safety net programs (% of population),per_sa_allsa.cov_pop_tot,0,25,0
IDA only,Demand for family planning satisfied by modern methods (% of married women with demand for family planning),SH.FPL.SATM.ZS,0,25,0
IDA only,Diabetes prevalence (% of population ages 20 to 79),SH.STA.DIAB.ZS,0,25,0
IDA only,"Life expectancy at birth, total (years)",SP.DYN.LE00.IN,0,25,0
IDA only,"Life expectancy at birth, female (years)",SP.DYN.LE00.FE.IN,0,25,0
IDA only,"Life expectancy at birth, male (years)",SP.DYN.LE00.MA.IN,0,25,0
IDA only,"Nurses and midwives (per 1,000 people)",SH.MED.NUMW.P3,0,25,0
IDA only,Prevalence of anemia among women of reproductive age (% of women ages 15-49),SH.ANM.ALLW.ZS,0,25,0
IDA only,Prevalence of anemia among pregnant women (%),SH.PRG.ANEM,0,25,0
IDA only,"Prevalence of HIV, female (% ages 15-24)",SH.HIV.1524.FE.ZS,0,25,0
IDA only,"Prevalence of HIV, male (% ages 15-24)",SH.HIV.1524.MA.ZS,0,25,0
IDA only,"Prevalence of HIV, total (% of population ages 15-49)",SH.DYN.AIDS.ZS,0,25,0
IDA total,Adjusted net national income (current US$),NY.ADJ.NNTY.CD,0,25,0
IDA total,"Adolescent fertility rate (births per 1,000 women ages 15-19)",SP.ADO.TFRT,0,25,0
IDA total,Gross savings (% of GDP),NY.GNS.ICTR.ZS,0,25,0
IDA total,"Inflation, consumer prices (annual %)",FP.CPI.TOTL.ZG,0,25,0
IDA total,"Labor force participation rate, female (% of female population ages 15+) (national estimate)",SL.TLF.CACT.FE.NE.ZS,0,25,0
IDA total,"Population, female",SP.POP.TOTL.FE.IN,0,25,0
IDA total,"Population, female (% of total population)",SP.POP.TOTL.FE.ZS,0,25,0
IDA total,"Population, male",SP.POP.TOTL.MA.IN,0,25,0
IDA total,"Population, male (% of total population)",SP.POP.TOTL.MA.ZS,0,25,0
IDA total,Ratio of female to male labor force participation rate (%) (national estimate),SL.TLF.CACT.FM.NE.ZS,0,25,0
IDA total,"Unemployment, youth female (% of female labor force ages 15-24) (national estimate)",SL.UEM.1524.FE.NE.ZS,0,25,0
IDA total,Wanted fertility rate (births per woman),SP.DYN.WFRT,0,25,0
IDA total,"Women making their own informed decisions regarding sexual relations, contraceptive use and reproductive health care (% of women age 15-49)",SG.DMK.SRCR.FN.ZS,0,25,0
IDA total,Women's share of population ages 15+ living with HIV (%),SH.DYN.AIDS.FE.ZS,0,25,0
IDA total,"Contraceptive prevalence, any method (% of married women ages 15-49)",SP.DYN.CONU.ZS,0,25,0
IDA total,Coverage of social insurance programs (% of population),per_si_allsi.cov_pop_tot,0,25,0
IDA total,Coverage of social safety net programs (% of population),per_sa_allsa.cov_pop_tot,0,25,0
IDA total,Demand for family planning satisfied by modern methods (% of married women with demand for family planning),SH.FPL.SATM.ZS,0,25,0
IDA total,Diabetes prevalence (% of population ages 20 to 79),SH.STA.DIAB.ZS,0,25,0
IDA total,"Life expectancy at birth, total (years)",SP.DYN.LE00.IN,0,25,0
IDA total,"Life expectancy at birth, female (years)",SP.DYN.LE00.FE.IN,0,25,0
IDA total,"Life expectancy at birth, male (years)",SP.DYN.LE00.MA.IN,0,25,0
IDA total,"Nurses and midwives (per 1,000 people)",SH.MED.NUMW.P3,0,25,0
IDA total,Prevalence of anemia among women of reproductive age (% of women ages 15-49),SH.ANM.ALLW.ZS,0,25,0
IDA total,Prevalence of anemia among pregnant women (%),SH.PRG.ANEM,0,25,0
IDA total,"Prevalence of HIV, female (% ages 15-24)",SH.HIV.1524.FE.ZS,0,25,0
IDA total,"Prevalence of HIV, male (% ages 15-24)",SH.HIV.1524.MA.ZS,0,25,0
IDA total,"Prevalence of HIV, total (% of population ages 15-49)",SH.DYN.AIDS.ZS,0,25,0
Late-demographic dividend,Adjusted net national income (current US$),NY.ADJ.NNTY.CD,0,25,0
Late-demographic dividend,"Adolescent fertility rate (births per 1,000 women ages 15-19)",SP.ADO.TFRT,0,25,0
Late-demographic dividend,Gross savings (% of GDP),NY.GNS.ICTR.ZS,0,25,0
Late-demographic dividend,"Inflation, consumer prices (annual %)",FP.CPI.TOTL.ZG,0,25,0
Late-demographic dividend,"Labor force participation rate, female (% of female population ages 15+) (national estimate)",SL.TLF.CACT.FE.NE.ZS,0,25,0
Late-demographic dividend,"Population, female",SP.POP.TOTL.FE.IN,0,25,0
Late-demographic dividend,"Population, female (% of total population)",SP.POP.TOTL.FE.ZS,0,25,0
Late-demographic dividend,"Population, male",SP.POP.TOTL.MA.IN,0,25,0
Late-demographic dividend,"Population, male (% of total population)",SP.POP.TOTL.MA.ZS,0,25,0
Late-demographic dividend,Ratio of female to male labor force participation rate (%) (national estimate),SL.TLF.CACT.FM.NE.ZS,0,25,0
Late-demographic dividend,"Unemployment, youth female (% of female labor force ages 15-24) (national estimate)",SL.UEM.1524.FE.NE.ZS,0,25,0
Late-demographic dividend,Wanted fertility rate (births per woman),SP.DYN.WFRT,0,25,0
Late-demographic dividend,"Women making their own informed decisions regarding sexual relations, contraceptive use and reproductive health care (% of women age 15-49)",SG.DMK.SRCR.FN.ZS,0,25,0
Late-demographic dividend,Women's share of population ages 15+ living with HIV (%),SH.DYN.AIDS.FE.ZS,0,25,0
Late-demographic dividend,"Contraceptive prevalence, any method (% of married women ages 15-49)",SP.DYN.CONU.ZS,0,25,0
Late-demographic dividend,Coverage of social insurance programs (% of population),per_si_allsi.cov_pop_tot,0,25,0
Late-demographic dividend,Coverage of social safety net programs (% of population),per_sa_allsa.cov_pop_tot,0,25,0
Late-demographic dividend,Demand for family planning satisfied by modern methods (% of married women with demand for family planning),SH.FPL.SATM.ZS,0,25,0
Late-demographic dividend,Diabetes prevalence (% of population ages 20 to 79),SH.STA.DIAB.ZS,0,25,0
Late-demographic dividend,"Life expectancy at birth, total (years)",SP.DYN.LE00.IN,0,25,0
Late-demographic dividend,"Life expectancy at birth, female (years)",SP.DYN.LE00.FE.IN,0,25,0
Late-demographic dividend,"Life expectancy at birth, male (years)",SP.DYN.LE00.MA.IN,0,25,0
Late-demographic dividend,"Nurses and midwives (per 1,000 people)",SH.MED.NUMW.P3,0,25,0
Late-demographic dividend,Prevalence of anemia among women of reproductive age (% of women ages 15-49),SH.ANM.ALLW.ZS,0,25,0
Late-demographic dividend,Prevalence of anemia among pregnant women (%),SH.PRG.ANEM,0,25,0
Late-demographic dividend,"Prevalence of HIV, female (% ages 15-24)",SH.HIV.1524.FE.ZS,0,25,0
Late-demographic dividend,"Prevalence of HIV, male (% ages 15-24)",SH.HIV.1524.MA.ZS,0,25,0
Late-demographic dividend,"Prevalence of HIV, total (% of population ages 15-49)",SH.DYN.AIDS.ZS,0,25,0
Latin America & Caribbean,Adjusted net national income (current US$),NY.ADJ.NNTY.CD,0,25,0
Latin America & Caribbean,"Adolescent fertility rate (births per 1,000 women ages 15-19)",SP.ADO.TFRT,0,25,0
Latin America & Caribbean,Gross savings (% of GDP),NY.GNS.ICTR.ZS,0,25,0
Latin America & Caribbean,"Inflation, consumer prices (annual %)",FP.CPI.TOTL.ZG,0,25,0
Latin America & Caribbean,"Labor force participation rate, female (% of female population ages 15+) (national estimate)",SL.TLF.CACT.FE.NE.ZS,0,25,0
Latin America & Caribbean,"Population, female",SP.POP.TOTL.FE.IN,0,25,0
Latin America & Caribbean,"Population, female (% of total population)",SP.POP.TOTL.FE.ZS,0,25,0
Latin America & Caribbean,"Population, male",SP.POP.TOTL.MA.IN,0,25,0
Latin America & Caribbean,"Population, male (% of total population)",SP.POP.TOTL.MA.ZS,0,25,0
Latin America & Caribbean,Ratio of female to male labor force participation rate (%) (national estimate),SL.TLF.CACT.FM.NE.ZS,0,25,0
Latin America & Caribbean,"Unemployment, youth female (% of female labor force ages 15-24) (national estimate)",SL.UEM.1524.FE.NE.ZS,0,25,0
Latin America & Caribbean,Wanted fertility rate (births per woman),SP.DYN.WFRT,0,25,0
Latin America & Caribbean,"Women making their own informed decisions regarding sexual relations, contraceptive use and reproductive health care (% of women age 15-49)",SG.DMK.SRCR.FN.ZS,0,25,0
Latin America & Caribbean,Women's share of population ages 15+ living with HIV (%),SH.DYN.AIDS.FE.ZS,0,25,0
Latin America & Caribbean,"Contraceptive prevalence, any method (% of married women ages 15-49)",SP.DYN.CONU.ZS,0,25,0
Latin America & Caribbean,Coverage of social insurance programs (% of population),per_si_allsi.cov_pop_tot,0,25,0
Latin America & Caribbean,Coverage of social safety net programs (% of population),per_sa_allsa.cov_pop_tot,0,25,0
Latin America & Caribbean,Demand for family planning satisfied by modern methods (% of married women with demand for family planning),SH.FPL.SATM.ZS,0,25,0
Latin America & Caribbean,Diabetes prevalence (% of population ages 20 to 79),SH.STA.DIAB.ZS,0,25,0
Latin America & Caribbean,"Life expectancy at birth, total (years)",SP.DYN.LE00.IN,0,25,0
Latin America & Caribbean,"Life expectancy at birth, female (years)",SP.DYN.LE00.FE.IN,0,25,0
Latin America & Caribbean,"Life expectancy at birth, male (years)",SP.DYN.LE00.MA.IN,0,25,0
Latin America & Caribbean,"Nurses and midwives (per 1,000 people)",SH.MED.NUMW.P3,0,25,0
Latin America & Caribbean,Prevalence of anemia among women of reproductive age (% of women ages 15-49),SH.ANM.ALLW.ZS,0,25,0
Latin America & Caribbean,Prevalence of anemia among pregnant women (%),SH.PRG.ANEM,0,25,0
Latin America & Caribbean,"Prevalence of HIV, female (% ages 15-24)",SH.HIV.1524.FE.ZS,0,25,0
Latin America & Caribbean,"Prevalence of HIV, male (% ages 15-24)",SH.HIV.1524.MA.ZS,0,25,0
Latin America & Caribbean,"Prevalence of HIV, total (% of population ages 15-49)",SH.DYN.AIDS.ZS,0,25,0
Latin America & Caribbean (excluding high income),Adjusted net national income (current US$),NY.ADJ.NNTY.CD,0,25,0
Latin America & Caribbean (excluding high income),"Adolescent fertility rate (births per 1,000 women ages 15-19)",SP.ADO.TFRT,0,25,0
Latin America & Caribbean (excluding high income),Gross savings (% of GDP),NY.GNS.ICTR.ZS,0,25,0
Latin America & Caribbean (excluding high income),"Inflation, consumer prices (annual %)",FP.CPI.TOTL.ZG,0,25,0
Latin America & Caribbean (excluding high income),"Labor force participation rate, female (% of female population ages 15+) (national estimate)",SL.TLF.CACT.FE.NE.ZS,0,25,0
Latin America & Caribbean (excluding high income),"Population, female",SP.POP.TOTL.FE.IN,0,25,0
Latin America & Caribbean (excluding high income),"Population, female (% of total population)",SP.POP.TOTL.FE.ZS,0,25,0
Latin America & Caribbean (excluding high income),"Population, male",SP.POP.TOTL.MA.IN,0,25,0
Latin America & Caribbean (excluding high income),"Population, male (% of total population)",SP.POP.TOTL.MA.ZS,0,25,0
Latin America & Caribbean (excluding high income),Ratio of female to male labor force participation rate (%) (national estimate),SL.TLF.CACT.FM.NE.ZS,0,25,0
Latin America & Caribbean (excluding high income),"Unemployment, youth female (% of female labor force ages 15-24) (national estimate)",SL.UEM.1524.FE.NE.ZS,0,25,0
Latin America & Caribbean (excluding high income),Wanted fertility rate (births per woman),SP.DYN.WFRT,0,25,0
Latin America & Caribbean (excluding high income),"Women making their own informed decisions regarding sexual relations, contraceptive use and reproductive health care (% of women age 15-49)",SG.DMK.SRCR.FN.ZS,0,25,0
Latin America & Caribbean (excluding high income),Women's share of population ages 15+ living with HIV (%),SH.DYN.AIDS.FE.ZS,0,25,0
Latin America & Caribbean (excluding high income),"Contraceptive prevalence, any method (% of married women ages 15-49)",SP.DYN.CONU.ZS,0,25,0
Latin America & Caribbean (excluding high income),Coverage of social insurance programs (% of population),per_si_allsi.cov_pop_tot,0,25,0
Latin America & Caribbean (excluding high income),Coverage of social safety net programs (% of population),per_sa_allsa.cov_pop_tot,0,25,0
Latin America & Caribbean (excluding high income),Demand for family planning satisfied by modern methods (% of married women with demand for family planning),SH.FPL.SATM.ZS,0,25,0
Latin America & Caribbean (excluding high income),Diabetes prevalence (% of population ages 20 to 79),SH.STA.DIAB.ZS,0,25,0
Latin America & Caribbean (excluding high income),"Life expectancy at birth, total (years)",SP.DYN.LE00.IN,0,25,0
Latin America & Caribbean (excluding high income),"Life expectancy at birth, female (years)",SP.DYN.LE00.FE.IN,0,25,0
Latin America & Caribbean (excluding high income),"Life expectancy at birth, male (years)",SP.DYN.LE00.MA.IN,0,25,0
Latin America & Caribbean (excluding high income),"Nurses and midwives (per 1,000 people)",SH.MED.NUMW.P3,0,25,0
Latin America & Caribbean (excluding high income),Prevalence of anemia among women of reproductive age (% of women ages 15-49),SH.ANM.ALLW.ZS,0,25,0
Latin America & Caribbean (excluding high income),Prevalence of anemia among pregnant women (%),SH.PRG.ANEM,0,25,0
Latin America & Caribbean (excluding high income),"Prevalence of HIV, female (% ages 15-24)",SH.HIV.1524.FE.ZS,0,25,0
Latin America & Caribbean (excluding high income),"Prevalence of HIV, male (% ages 15-24)",SH.HIV.1524.MA.ZS,0,25,0
Latin America & Caribbean (excluding high income),"Prevalence of HIV, total (% of population ages 15-49)",SH.DYN.AIDS.ZS,0,25,0
Latin America & the Caribbean (IDA & IBRD countries),Adjusted net national income (current US$),NY.ADJ.NNTY.CD,0,25,0
Latin America & the Caribbean (IDA & IBRD countries),"Adolescent fertility rate (births per 1,000 women ages 15-19)",SP.ADO.TFRT,0,25,0
Latin America & the Caribbean (IDA & IBRD countries),Gross savings (% of GDP),NY.GNS.ICTR.ZS,0,25,0
Latin America & the Caribbean (IDA & IBRD countries),"Inflation, consumer prices (annual %)",FP.CPI.TOTL.ZG,0,25,0
Latin America & the Caribbean (IDA & IBRD countries),"Labor force participation rate, female (% of female population ages 15+) (national estimate)",SL.TLF.CACT.FE.NE.ZS,0,25,0
Latin America & the Caribbean (IDA & IBRD countries),"Population, female",SP.POP.TOTL.FE.IN,0,25,0
Latin America & the Caribbean (IDA & IBRD countries),"Population, female (% of total population)",SP.POP.TOTL.FE.ZS,0,25,0
Latin America & the Caribbean (IDA & IBRD countries),"Population, male",SP.POP.TOTL.MA.IN,0,25,0
Latin America & the Caribbean (IDA & IBRD countries),"Population, male (% of total population)",SP.POP.TOTL.MA.ZS,0,25,0
Latin America & the Caribbean (IDA & IBRD countries),Ratio of female to male labor force participation rate (%) (national estimate),SL.TLF.CACT.FM.NE.ZS,0,25,0
Latin America & the Caribbean (IDA & IBRD countries),"Unemployment, youth female (% of female labor force ages 15-24) (national estimate)",SL.UEM.1524.FE.NE.ZS,0,25,0
Latin America & the Caribbean (IDA & IBRD countries),Wanted fertility rate (births per woman),SP.DYN.WFRT,0,25,0
Latin America & the Caribbean (IDA & IBRD countries),"Women making their own informed decisions regarding sexual relations, contraceptive use and reproductive health care (% of women age 15-49)",SG.DMK.SRCR.FN.ZS,0,25,0
Latin America & the Caribbean (IDA & IBRD countries),Women's share of population ages 15+ living with HIV (%),SH.DYN.AIDS.FE.ZS,0,25,0
Latin America & the Caribbean (IDA & IBRD countries),"Contraceptive prevalence, any method (% of married women ages 15-49)",SP.DYN.CONU.ZS,0,25,0
Latin America & the Caribbean (IDA & IBRD countries),Coverage of social insurance programs (% of population),per_si_allsi.cov_pop_tot,0,25,0
Latin America & the Caribbean (IDA & IBRD countries),Coverage of social safety net programs (% of population),per_sa_allsa.cov_pop_tot,0,25,0
Latin America & the Caribbean (IDA & IBRD countries),Demand for family planning satisfied by modern methods (% of married women with demand for family planning),SH.FPL.SATM.ZS,0,25,0
Latin America & the Caribbean (IDA & IBRD countries),Diabetes prevalence (% of population ages 20 to 79),SH.STA.DIAB.ZS,0,25,0
Latin America & the Caribbean (IDA & IBRD countries),"Life expectancy at birth, total (years)",SP.DYN.LE00.IN,0,25,0
Latin America & the Caribbean (IDA & IBRD countries),"Life expectancy at birth, female (years)",SP.DYN.LE00.FE.IN,0,25,0
Latin America & the Caribbean (IDA & IBRD countries),"Life expectancy at birth, male (years)",SP.DYN.LE00.MA.IN,0,25,0
Latin America & the Caribbean (IDA & IBRD countries),"Nurses and midwives (per 1,000 people)",SH.MED.NUMW.P3,0,25,0
Latin America & the Caribbean (IDA & IBRD countries),Prevalence of anemia among women of reproductive age (% of women ages 15-49),SH.ANM.ALLW.ZS,0,25,0
Latin America & the Caribbean (IDA & IBRD countries),Prevalence of anemia among pregnant women (%),SH.PRG.ANEM,0,25,0
Latin America & the Caribbean (IDA & IBRD countries),"Prevalence of HIV, female (% ages 15-24)",SH.HIV.1524.FE.ZS,0,25,0
Latin America & the Caribbean (IDA & IBRD countries),"Prevalence of HIV, male (% ages 15-24)",SH.HIV.1524.MA.ZS,0,25,0
Latin America & the Caribbean (IDA & IBRD countries),"Prevalence of HIV, total (% of population ages 15-49)",SH.DYN.AIDS.ZS,0,25,0
Least developed countries: UN classification,Adjusted net national income (current US$),NY.ADJ.NNTY.CD,0,25,0
Least developed countries: UN classification,"Adolescent fertility rate (births per 1,000 women ages 15-19)",SP.ADO.TFRT,0,25,0
Least developed countries: UN classification,Gross savings (% of GDP),NY.GNS.ICTR.ZS,0,25,0
Least developed countries: UN classification,"Inflation, consumer prices (annual %)",FP.CPI.TOTL.ZG,0,25,0
Least developed countries: UN classification,"Labor force participation rate, female (% of female population ages 15+) (national estimate)",SL.TLF.CACT.FE.NE.ZS,0,25,0
Least developed countries: UN classification,"Population, female",SP.POP.TOTL.FE.IN,0,25,0
Least developed countries: UN classification,"Population, female (% of total population)",SP.POP.TOTL.FE.ZS,0,25,0
Least developed countries: UN classification,"Population, male",SP.POP.TOTL.MA.IN,0,25,0
Least developed countries: UN classification,"Population, male (% of total population)",SP.POP.TOTL.MA.ZS,0,25,0
Least developed countries: UN classification,Ratio of female to male labor force participation rate (%) (national estimate),SL.TLF.CACT.FM.NE.ZS,0,25,0
Least developed countries: UN classification,"Unemployment, youth female (% of female labor force ages 15-24) (national estimate)",SL.UEM.1524.FE.NE.ZS,0,25,0
Least developed countries: UN classification,Wanted fertility rate (births per woman),SP.DYN.WFRT,0,25,0
Least developed countries: UN classification,"Women making their own informed decisions regarding sexual relations, contraceptive use and reproductive health care (% of women age 15-49)",SG.DMK.SRCR.FN.ZS,0,25,0
Least developed countries: UN classification,Women's share of population ages 15+ living with HIV (%),SH.DYN.AIDS.FE.ZS,0,25,0
Least developed countries: UN classification,"Contraceptive prevalence, any method (% of married women ages 15-49)",SP.DYN.CONU.ZS,0,25,0
Least developed countries: UN classification,Coverage of social insurance programs (% of population),per_si_allsi.cov_pop_tot,0,25,0
Least developed countries: UN classification,Coverage of social safety net programs (% of population),per_sa_allsa.cov_pop_tot,0,25,0
Least developed countries: UN classification,Demand for family planning satisfied by modern methods (% of married women with demand for family planning),SH.FPL.SATM.ZS,0,25,0
Least developed countries: UN classification,Diabetes prevalence (% of population ages 20 to 79),SH.STA.DIAB.ZS,0,25,0
Least developed countries: UN classification,"Life expectancy at birth, total (years)",SP.DYN.LE00.IN,0,25,0
Least developed countries: UN classification,"Life expectancy at birth, female (years)",SP.DYN.LE00.FE.IN,0,25,0
Least developed countries: UN classification,"Life expectancy at birth, male (years)",SP.DYN.LE00.MA.IN,0,25,0
Least developed countries: UN classification,"Nurses and midwives (per 1,000 people)",SH.MED.NUMW.P3,0,25,0
Least developed countries: UN classification,Prevalence of anemia among women of reproductive age (% of women ages 15-49),SH.ANM.ALLW.ZS,0,25,0
Least developed countries: UN classification,Prevalence of anemia among pregnant women (%),SH.PRG.ANEM,0,25,0
Least developed countries: UN classification,"Prevalence of HIV, female (% ages 15-24)",SH.HIV.1524.FE.ZS,0,25,0
Least developed countries: UN classification,"Prevalence of HIV, male (% ages 15-24)",SH.HIV.1524.MA.ZS,0,25,0
Least developed countries: UN classification,"Prevalence of HIV, total (% of population ages 15-49)",SH.DYN.AIDS.ZS,0,25,0
Low & middle income,Adjusted net national income (current US$),NY.ADJ.NNTY.CD,0,25,0
Low & middle income,"Adolescent fertility rate (births per 1,000 women ages 15-19)",SP.ADO.TFRT,0,25,0
Low & middle income,Gross savings (% of GDP),NY.GNS.ICTR.ZS,0,25,0
Low & middle income,"Inflation, consumer prices (annual %)",FP.CPI.TOTL.ZG,0,25,0
Low & middle income,"Labor force participation rate, female (% of female population ages 15+) (national estimate)",SL.TLF.CACT.FE.NE.ZS,0,25,0
Low & middle income,"Population, female",SP.POP.TOTL.FE.IN,0,25,0
Low & middle income,"Population, female (% of total population)",SP.POP.TOTL.FE.ZS,0,25,0
Low & middle income,"Population, male",SP.POP.TOTL.MA.IN,0,25,0
Low & middle income,"Population, male (% of total population)",SP.POP.TOTL.MA.ZS,0,25,0
Low & middle income,Ratio of female to male labor force participation rate (%) (national estimate),SL.TLF.CACT.FM.NE.ZS,0,25,0
Low & middle income,"Unemployment, youth female (% of female labor force ages 15-24) (national estimate)",SL.UEM.1524.FE.NE.ZS,0,25,0
Low & middle income,Wanted fertility rate (births per woman),SP.DYN.WFRT,0,25,0
Low & middle income,"Women making their own informed decisions regarding sexual relations, contraceptive use and reproductive health care (% of women age 15-49)",SG.DMK.SRCR.FN.ZS,0,25,0
Low & middle income,Women's share of population ages 15+ living with HIV (%),SH.DYN.AIDS.FE.ZS,0,25,0
Low & middle income,"Contraceptive prevalence, any method (% of married women ages 15-49)",SP.DYN.CONU.ZS,0,25,0
Low & middle income,Coverage of social insurance programs (% of population),per_si_allsi.cov_pop_tot,0,25,0
Low & middle income,Coverage of social safety net programs (% of population),per_sa_allsa.cov_pop_tot,0,25,0
Low & middle income,Demand for family planning satisfied by modern methods (% of married women with demand for family planning),SH.FPL.SATM.ZS,0,25,0
Low & middle income,Diabetes prevalence (% of population ages 20 to 79),SH.STA.DIAB.ZS,0,25,0
Low & middle income,"Life expectancy at birth, total (years)",SP.DYN.LE00.IN,0,25,0
Low & middle income,"Life expectancy at birth, female (years)",SP.DYN.LE00.FE.IN,0,25,0
Low & middle income,"Life expectancy at birth, male (years)",SP.DYN.LE00.MA.IN,0,25,0
Low & middle income,"Nurses and midwives (per 1,000 people)",SH.MED.NUMW.P3,0,25,0
Low & middle income,Prevalence of anemia among women of reproductive age (% of women ages 15-49),SH.ANM.ALLW.ZS,0,25,0
Low & middle income,Prevalence of anemia among pregnant women (%),SH.PRG.ANEM,0,25,0
Low & middle income,"Prevalence of HIV, female (% ages 15-24)",SH.HIV.1524.FE.ZS,0,25,0
Low & middle income,"Prevalence of HIV, male (% ages 15-24)",SH.HIV.1524.MA.ZS,0,25,0
Low & middle income,"Prevalence of HIV, total (% of population ages 15-49)",SH.DYN.AIDS.ZS,0,25,0
Low income,Adjusted net national income (current US$),NY.ADJ.NNTY.CD,0,25,0
Low income,"Adolescent fertility rate (births per 1,000 women ages 15-19)",SP.ADO.TFRT,0,25,0
Low income,Gross savings (% of GDP),NY.GNS.ICTR.ZS,0,25,0
Low income,"Inflation, consumer prices (annual %)",FP.CPI.TOTL.ZG,0,25,0
Low income,"Labor force participation rate, female (% of female population ages 15+) (national estimate)",SL.TLF.CACT.FE.NE.ZS,0,25,0
Low income,"Population, female",SP.POP.TOTL.FE.IN,0,25,0
Low income,"Population, female (% of total population)",SP.POP.TOTL.FE.ZS,0,25,0
Low income,"Population, male",SP.POP.TOTL.MA.IN,0,25,0
Low income,"Population, male (% of total population)",SP.POP.TOTL.MA.ZS,0,25,0
Low income,Ratio of female to male labor force participation rate (%) (national estimate),SL.TLF.CACT.FM.NE.ZS,0,25,0
Low income,"Unemployment, youth female (% of female labor force ages 15-24) (national estimate)",SL.UEM.1524.FE.NE.ZS,0,25,0
Low income,Wanted fertility rate (births per woman),SP.DYN.WFRT,0,25,0
Low income,"Women making their own informed decisions regarding sexual relations, contraceptive use and reproductive health care (% of women age 15-49)",SG.DMK.SRCR.FN.ZS,0,25,0
Low income,Women's share of population ages 15+ living with HIV (%),SH.DYN.AIDS.FE.ZS,0,25,0
Low income,"Contraceptive prevalence, any method (% of married women ages 15-49)",SP.DYN.CONU.ZS,0,25,0
Low income,Coverage of social insurance programs (% of population),per_si_allsi.cov_pop_tot,0,25,0
Low income,Coverage of social safety net programs (% of population),per_sa_allsa.cov_pop_tot,0,25,0
Low income,Demand for family planning satisfied by modern methods (% of married women with demand for family planning),SH.FPL.SATM.ZS,0,25,0
Low income,Diabetes prevalence (% of population ages 20 to 79),SH.STA.DIAB.ZS,0,25,0
Low income,"Life expectancy at birth, total (years)",SP.DYN.LE00.IN,0,25,0
Low income,"Life expectancy at birth, female (years)",SP.DYN.LE00.FE.IN,0,25,0
Low income,"Life expectancy at birth, male (years)",SP.DYN.LE00.MA.IN,0,25,0
Low income,"Nurses and midwives (per 1,000 people)",SH.MED.NUMW.P3,0,25,0
Low income,Prevalence of anemia among women of reproductive age (% of women ages 15-49),SH.ANM.ALLW.ZS,0,25,0
Low income,Prevalence of anemia among pregnant women (%),SH.PRG.ANEM,0,25,0
Low income,"Prevalence of HIV, female (% ages 15-24)",SH.HIV.1524.FE.ZS,0,25,0
Low income,"Prevalence of HIV, male (% ages 15-24)",SH.HIV.1524.MA.ZS,0,25,0
Low income,"Prevalence of HIV, total (% of population ages 15-49)",SH.DYN.AIDS.ZS,0,25,0
Lower middle income,Adjusted net national income (current US$),NY.ADJ.NNTY.CD,0,25,0
Lower middle income,"Adolescent fertility rate (births per 1,000 women ages 15-19)",SP.ADO.TFRT,0,25,0
Lower middle income,Gross savings (% of GDP),NY.GNS.ICTR.ZS,0,25,0
Lower middle income,"Inflation, consumer prices (annual %)",FP.CPI.TOTL.ZG,0,25,0
Lower middle income,"Labor force participation rate, female (% of female population ages 15+) (national estimate)",SL.TLF.CACT.FE.NE.ZS,0,25,0
Lower middle income,"Population, female",SP.POP.TOTL.FE.IN,0,25,0
Lower middle income,"Population, female (% of total population)",SP.POP.TOTL.FE.ZS,0,25,0
Lower middle income,"Population, male",SP.POP.TOTL.MA.IN,0,25,0
Lower middle income,"Population, male (% of total population)",SP.POP.TOTL.MA.ZS,0,25,0
Lower middle income,Ratio of female to male labor force participation rate (%) (national estimate),SL.TLF.CACT.FM.NE.ZS,0,25,0
Lower middle income,"Unemployment, youth female (% of female labor force ages 15-24) (national estimate)",SL.UEM.1524.FE.NE.ZS,0,25,0
Lower middle income,Wanted fertility rate (births per woman),SP.DYN.WFRT,0,25,0
Lower middle income,"Women making their own informed decisions regarding sexual relations, contraceptive use and reproductive health care (% of women age 15-49)",SG.DMK.SRCR.FN.ZS,0,25,0
Lower middle income,Women's share of population ages 15+ living with HIV (%),SH.DYN.AIDS.FE.ZS,0,25,0
Lower middle income,"Contraceptive prevalence, any method (% of married women ages 15-49)",SP.DYN.CONU.ZS,0,25,0
Lower middle income,Coverage of social insurance programs (% of population),per_si_allsi.cov_pop_tot,0,25,0
Lower middle income,Coverage of social safety net programs (% of population),per_sa_allsa.cov_pop_tot,0,25,0
Lower middle income,Demand for family planning satisfied by modern methods (% of married women with demand for family planning),SH.FPL.SATM.ZS,0,25,0
Lower middle income,Diabetes prevalence (% of population ages 20 to 79),SH.STA.DIAB.ZS,0,25,0
Lower middle income,"Life expectancy at birth, total (years)",SP.DYN.LE00.IN,0,25,0
Lower middle income,"Life expectancy at birth, female (years)",SP.DYN.LE00.FE.IN,0,25,0
Lower middle income,"Life expectancy at birth, male (years)",SP.DYN.LE00.MA.IN,0,25,0
Lower middle income,"Nurses and midwives (per 1,000 people)",SH.MED.NUMW.P3,0,25,0
Lower middle income,Prevalence of anemia among women of reproductive age (% of women ages 15-49),SH.ANM.ALLW.ZS,0,25,0
Lower middle income,Prevalence of anemia among pregnant women (%),SH.PRG.ANEM,0,25,0
Lower middle income,"Prevalence of HIV, female (% ages 15-24)",SH.HIV.1524.FE.ZS,0,25,0
Lower middle income,"Prevalence of HIV, male (% ages 15-24)",SH.HIV.1524.MA.ZS,0,25,0
Lower middle income,"Prevalence of HIV, total (% of population ages 15-49)",SH.DYN.AIDS.ZS,0,25,0
"Middle East, North Africa, Afghanistan & Pakistan",Adjusted net national income (current US$),NY.ADJ.NNTY.CD,0,25,0
"Middle East, North Africa, Afghanistan & Pakistan","Adolescent fertility rate (births per 1,000 women ages 15-19)",SP.ADO.TFRT,0,25,0
"Middle East, North Africa, Afghanistan & Pakistan",Gross savings (% of GDP),NY.GNS.ICTR.ZS,0,25,0
"Middle East, North Africa, Afghanistan & Pakistan","Inflation, consumer prices (annual %)",FP.CPI.TOTL.ZG,0,25,0
"Middle East, North Africa, Afghanistan & Pakistan","Labor force participation rate, female (% of female population ages 15+) (national estimate)",SL.TLF.CACT.FE.NE.ZS,0,25,0
"Middle East, North Africa, Afghanistan & Pakistan","Population, female",SP.POP.TOTL.FE.IN,0,25,0
"Middle East, North Africa, Afghanistan & Pakistan","Population, female (% of total population)",SP.POP.TOTL.FE.ZS,0,25,0
"Middle East, North Africa, Afghanistan & Pakistan","Population, male",SP.POP.TOTL.MA.IN,0,25,0
"Middle East, North Africa, Afghanistan & Pakistan","Population, male (% of total population)",SP.POP.TOTL.MA.ZS,0,25,0
"Middle East, North Africa, Afghanistan & Pakistan",Ratio of female to male labor force participation rate (%) (national estimate),SL.TLF.CACT.FM.NE.ZS,0,25,0
"Middle East, North Africa, Afghanistan & Pakistan","Unemployment, youth female (% of female labor force ages 15-24) (national estimate)",SL.UEM.1524.FE.NE.ZS,0,25,0
"Middle East, North Africa, Afghanistan & Pakistan",Wanted fertility rate (births per woman),SP.DYN.WFRT,0,25,0
"Middle East, North Africa, Afghanistan & Pakistan","Women making their own informed decisions regarding sexual relations, contraceptive use and reproductive health care (% of women age 15-49)",SG.DMK.SRCR.FN.ZS,0,25,0
"Middle East, North Africa, Afghanistan & Pakistan",Women's share of population ages 15+ living with HIV (%),SH.DYN.AIDS.FE.ZS,0,25,0
"Middle East, North Africa, Afghanistan & Pakistan","Contraceptive prevalence, any method (% of married women ages 15-49)",SP.DYN.CONU.ZS,0,25,0
"Middle East, North Africa, Afghanistan & Pakistan",Coverage of social insurance programs (% of population),per_si_allsi.cov_pop_tot,0,25,0
"Middle East, North Africa, Afghanistan & Pakistan",Coverage of social safety net programs (% of population),per_sa_allsa.cov_pop_tot,0,25,0
"Middle East, North Africa, Afghanistan & Pakistan",Demand for family planning satisfied by modern methods (% of married women with demand for family planning),SH.FPL.SATM.ZS,0,25,0
"Middle East, North Africa, Afghanistan & Pakistan",Diabetes prevalence (% of population ages 20 to 79),SH.STA.DIAB.ZS,0,25,0
"Middle East, North Africa, Afghanistan & Pakistan","Life expectancy at birth, total (years)",SP.DYN.LE00.IN,0,25,0
"Middle East, North Africa, Afghanistan & Pakistan","Life expectancy at birth, female (years)",SP.DYN.LE00.FE.IN,0,25,0
"Middle East, North Africa, Afghanistan & Pakistan","Life expectancy at birth, male (years)",SP.DYN.LE00.MA.IN,0,25,0
"Middle East, North Africa, Afghanistan & Pakistan","Nurses and midwives (per 1,000 people)",SH.MED.NUMW.P3,0,25,0
"Middle East, North Africa, Afghanistan & Pakistan",Prevalence of anemia among women of reproductive age (% of women ages 15-49),SH.ANM.ALLW.ZS,0,25,0
"Middle East, North Africa, Afghanistan & Pakistan",Prevalence of anemia among pregnant women (%),SH.PRG.ANEM,0,25,0
"Middle East, North Africa, Afghanistan & Pakistan","Prevalence of HIV, female (% ages 15-24)",SH.HIV.1524.FE.ZS,0,25,0
"Middle East, North Africa, Afghanistan & Pakistan","Prevalence of HIV, male (% ages 15-24)",SH.HIV.1524.MA.ZS,0,25,0
"Middle East, North Africa, Afghanistan & Pakistan","Prevalence of HIV, total (% of population ages 15-49)",SH.DYN.AIDS.ZS,0,25,0
"Middle East, North Africa, Afghanistan & Pakistan (excluding high income)",Adjusted net national income (current US$),NY.ADJ.NNTY.CD,0,25,0
"Middle East, North Africa, Afghanistan & Pakistan (excluding high income)","Adolescent fertility rate (births per 1,000 women ages 15-19)",SP.ADO.TFRT,0,25,0
"Middle East, North Africa, Afghanistan & Pakistan (excluding high income)",Gross savings (% of GDP),NY.GNS.ICTR.ZS,0,25,0
"Middle East, North Africa, Afghanistan & Pakistan (excluding high income)","Inflation, consumer prices (annual %)",FP.CPI.TOTL.ZG,0,25,0
"Middle East, North Africa, Afghanistan & Pakistan (excluding high income)","Labor force participation rate, female (% of female population ages 15+) (national estimate)",SL.TLF.CACT.FE.NE.ZS,0,25,0
"Middle East, North Africa, Afghanistan & Pakistan (excluding high income)","Population, female",SP.POP.TOTL.FE.IN,0,25,0
"Middle East, North Africa, Afghanistan & Pakistan (excluding high income)","Population, female (% of total population)",SP.POP.TOTL.FE.ZS,0,25,0
"Middle East, North Africa, Afghanistan & Pakistan (excluding high income)","Population, male",SP.POP.TOTL.MA.IN,0,25,0
"Middle East, North Africa, Afghanistan & Pakistan (excluding high income)","Population, male (% of total population)",SP.POP.TOTL.MA.ZS,0,25,0
"Middle East, North Africa, Afghanistan & Pakistan (excluding high income)",Ratio of female to male labor force participation rate (%) (national estimate),SL.TLF.CACT.FM.NE.ZS,0,25,0
"Middle East, North Africa, Afghanistan & Pakistan (excluding high income)","Unemployment, youth female (% of female labor force ages 15-24) (national estimate)",SL.UEM.1524.FE.NE.ZS,0,25,0
"Middle East, North Africa, Afghanistan & Pakistan (excluding high income)",Wanted fertility rate (births per woman),SP.DYN.WFRT,0,25,0
"Middle East, North Africa, Afghanistan & Pakistan (excluding high income)","Women making their own informed decisions regarding sexual relations, contraceptive use and reproductive health care (% of women age 15-49)",SG.DMK.SRCR.FN.ZS,0,25,0
"Middle East, North Africa, Afghanistan & Pakistan (excluding high income)",Women's share of population ages 15+ living with HIV (%),SH.DYN.AIDS.FE.ZS,0,25,0
"Middle East, North Africa, Afghanistan & Pakistan (excluding high income)","Contraceptive prevalence, any method (% of married women ages 15-49)",SP.DYN.CONU.ZS,0,25,0
"Middle East, North Africa, Afghanistan & Pakistan (excluding high income)",Coverage of social insurance programs (% of population),per_si_allsi.cov_pop_tot,0,25,0
"Middle East, North Africa, Afghanistan & Pakistan (excluding high income)",Coverage of social safety net programs (% of population),per_sa_allsa.cov_pop_tot,0,25,0
"Middle East, North Africa, Afghanistan & Pakistan (excluding high income)",Demand for family planning satisfied by modern methods (% of married women with demand for family planning),SH.FPL.SATM.ZS,0,25,0
"Middle East, North Africa, Afghanistan & Pakistan (excluding high income)",Diabetes prevalence (% of population ages 20 to 79),SH.STA.DIAB.ZS,0,25,0
"Middle East, North Africa, Afghanistan & Pakistan (excluding high income)","Life expectancy at birth, total (years)",SP.DYN.LE00.IN,0,25,0
"Middle East, North Africa, Afghanistan & Pakistan (excluding high income)","Life expectancy at birth, female (years)",SP.DYN.LE00.FE.IN,0,25,0
"Middle East, North Africa, Afghanistan & Pakistan (excluding high income)","Life expectancy at birth, male (years)",SP.DYN.LE00.MA.IN,0,25,0
"Middle East, North Africa, Afghanistan & Pakistan (excluding high income)","Nurses and midwives (per 1,000 people)",SH.MED.NUMW.P3,0,25,0
"Middle East, North Africa, Afghanistan & Pakistan (excluding high income)",Prevalence of anemia among women of reproductive age (% of women ages 15-49),SH.ANM.ALLW.ZS,0,25,0
"Middle East, North Africa, Afghanistan & Pakistan (excluding high income)",Prevalence of anemia among pregnant women (%),SH.PRG.ANEM,0,25,0
"Middle East, North Africa, Afghanistan & Pakistan (excluding high income)","Prevalence of HIV, female (% ages 15-24)",SH.HIV.1524.FE.ZS,0,25,0
"Middle East, North Africa, Afghanistan & Pakistan (excluding high income)","Prevalence of HIV, male (% ages 15-24)",SH.HIV.1524.MA.ZS,0,25,0
"Middle East, North Africa, Afghanistan & Pakistan (excluding high income)","Prevalence of HIV, total (% of population ages 15-49)",SH.DYN.AIDS.ZS,0,25,0
"Middle East, North Africa, Afghanistan & Pakistan (IDA & IBRD)",Adjusted net national income (current US$),NY.ADJ.NNTY.CD,0,25,0
"Middle East, North Africa, Afghanistan & Pakistan (IDA & IBRD)","Adolescent fertility rate (births per 1,000 women ages 15-19)",SP.ADO.TFRT,0,25,0
"Middle East, North Africa, Afghanistan & Pakistan (IDA & IBRD)",Gross savings (% of GDP),NY.GNS.ICTR.ZS,0,25,0
"Middle East, North Africa, Afghanistan & Pakistan (IDA & IBRD)","Inflation, consumer prices (annual %)",FP.CPI.TOTL.ZG,0,25,0
"Middle East, North Africa, Afghanistan & Pakistan (IDA & IBRD)","Labor force participation rate, female (% of female population ages 15+) (national estimate)",SL.TLF.CACT.FE.NE.ZS,0,25,0
"Middle East, North Africa, Afghanistan & Pakistan (IDA & IBRD)","Population, female",SP.POP.TOTL.FE.IN,0,25,0
"Middle East, North Africa, Afghanistan & Pakistan (IDA & IBRD)","Population, female (% of total population)",SP.POP.TOTL.FE.ZS,0,25,0
"Middle East, North Africa, Afghanistan & Pakistan (IDA & IBRD)","Population, male",SP.POP.TOTL.MA.IN,0,25,0
"Middle East, North Africa, Afghanistan & Pakistan (IDA & IBRD)","Population, male (% of total population)",SP.POP.TOTL.MA.ZS,0,25,0
"Middle East, North Africa, Afghanistan & Pakistan (IDA & IBRD)",Ratio of female to male labor force participation rate (%) (national estimate),SL.TLF.CACT.FM.NE.ZS,0,25,0
"Middle East, North Africa, Afghanistan & Pakistan (IDA & IBRD)","Unemployment, youth female (% of female labor force ages 15-24) (national estimate)",SL.UEM.1524.FE.NE.ZS,0,25,0
"Middle East, North Africa, Afghanistan & Pakistan (IDA & IBRD)",Wanted fertility rate (births per woman),SP.DYN.WFRT,0,25,0
"Middle East, North Africa, Afghanistan & Pakistan (IDA & IBRD)","Women making their own informed decisions regarding sexual relations, contraceptive use and reproductive health care (% of women age 15-49)",SG.DMK.SRCR.FN.ZS,0,25,0
"Middle East, North Africa, Afghanistan & Pakistan (IDA & IBRD)",Women's share of population ages 15+ living with HIV (%),SH.DYN.AIDS.FE.ZS,0,25,0
"Middle East, North Africa, Afghanistan & Pakistan (IDA & IBRD)","Contraceptive prevalence, any method (% of married women ages 15-49)",SP.DYN.CONU.ZS,0,25,0
"Middle East, North Africa, Afghanistan & Pakistan (IDA & IBRD)",Coverage of social insurance programs (% of population),per_si_allsi.cov_pop_tot,0,25,0
"Middle East, North Africa, Afghanistan & Pakistan (IDA & IBRD)",Coverage of social safety net programs (% of population),per_sa_allsa.cov_pop_tot,0,25,0
"Middle East, North Africa, Afghanistan & Pakistan (IDA & IBRD)",Demand for family planning satisfied by modern methods (% of married women with demand for family planning),SH.FPL.SATM.ZS,0,25,0
"Middle East, North Africa, Afghanistan & Pakistan (IDA & IBRD)",Diabetes prevalence (% of population ages 20 to 79),SH.STA.DIAB.ZS,0,25,0
"Middle East, North Africa, Afghanistan & Pakistan (IDA & IBRD)","Life expectancy at birth, total (years)",SP.DYN.LE00.IN,0,25,0
"Middle East, North Africa, Afghanistan & Pakistan (IDA & IBRD)","Life expectancy at birth, female (years)",SP.DYN.LE00.FE.IN,0,25,0
"Middle East, North Africa, Afghanistan & Pakistan (IDA & IBRD)","Life expectancy at birth, male (years)",SP.DYN.LE00.MA.IN,0,25,0
"Middle East, North Africa, Afghanistan & Pakistan (IDA & IBRD)","Nurses and midwives (per 1,000 people)",SH.MED.NUMW.P3,0,25,0
"Middle East, North Africa, Afghanistan & Pakistan (IDA & IBRD)",Prevalence of anemia among women of reproductive age (% of women ages 15-49),SH.ANM.ALLW.ZS,0,25,0
"Middle East, North Africa, Afghanistan & Pakistan (IDA & IBRD)",Prevalence of anemia among pregnant women (%),SH.PRG.ANEM,0,25,0
"Middle East, North Africa, Afghanistan & Pakistan (IDA & IBRD)","Prevalence of HIV, female (% ages 15-24)",SH.HIV.1524.FE.ZS,0,25,0
"Middle East, North Africa, Afghanistan & Pakistan (IDA & IBRD)","Prevalence of HIV, male (% ages 15-24)",SH.HIV.1524.MA.ZS,0,25,0
"Middle East, North Africa, Afghanistan & Pakistan (IDA & IBRD)","Prevalence of HIV, total (% of population ages 15-49)",SH.DYN.AIDS.ZS,0,25,0
Middle income,Adjusted net national income (current US$),NY.ADJ.NNTY.CD,0,25,0
Middle income,"Adolescent fertility rate (births per 1,000 women ages 15-19)",SP.ADO.TFRT,0,25,0
Middle income,Gross savings (% of GDP),NY.GNS.ICTR.ZS,0,25,0
Middle income,"Inflation, consumer prices (annual %)",FP.CPI.TOTL.ZG,0,25,0
Middle income,"Labor force participation rate, female (% of female population ages 15+) (national estimate)",SL.TLF.CACT.FE.NE.ZS,0,25,0
Middle income,"Population, female",SP.POP.TOTL.FE.IN,0,25,0
Middle income,"Population, female (% of total population)",SP.POP.TOTL.FE.ZS,0,25,0
Middle income,"Population, male",SP.POP.TOTL.MA.IN,0,25,0
Middle income,"Population, male (% of total population)",SP.POP.TOTL.MA.ZS,0,25,0
Middle income,Ratio of female to male labor force participation rate (%) (national estimate),SL.TLF.CACT.FM.NE.ZS,0,25,0
Middle income,"Unemployment, youth female (% of female labor force ages 15-24) (national estimate)",SL.UEM.1524.FE.NE.ZS,0,25,0
Middle income,Wanted fertility rate (births per woman),SP.DYN.WFRT,0,25,0
Middle income,"Women making their own informed decisions regarding sexual relations, contraceptive use and reproductive health care (% of women age 15-49)",SG.DMK.SRCR.FN.ZS,0,25,0
Middle income,Women's share of population ages 15+ living with HIV (%),SH.DYN.AIDS.FE.ZS,0,25,0
Middle income,"Contraceptive prevalence, any method (% of married women ages 15-49)",SP.DYN.CONU.ZS,0,25,0
Middle income,Coverage of social insurance programs (% of population),per_si_allsi.cov_pop_tot,0,25,0
Middle income,Coverage of social safety net programs (% of population),per_sa_allsa.cov_pop_tot,0,25,0
Middle income,Demand for family planning satisfied by modern methods (% of married women with demand for family planning),SH.FPL.SATM.ZS,0,25,0
Middle income,Diabetes prevalence (% of population ages 20 to 79),SH.STA.DIAB.ZS,0,25,0
Middle income,"Life expectancy at birth, total (years)",SP.DYN.LE00.IN,0,25,0
Middle income,"Life expectancy at birth, female (years)",SP.DYN.LE00.FE.IN,0,25,0
Middle income,"Life expectancy at birth, male (years)",SP.DYN.LE00.MA.IN,0,25,0
Middle income,"Nurses and midwives (per 1,000 people)",SH.MED.NUMW.P3,0,25,0
Middle income,Prevalence of anemia among women of reproductive age (% of women ages 15-49),SH.ANM.ALLW.ZS,0,25,0
Middle income,Prevalence of anemia among pregnant women (%),SH.PRG.ANEM,0,25,0
Middle income,"Prevalence of HIV, female (% ages 15-24)",SH.HIV.1524.FE.ZS,0,25,0
Middle income,"Prevalence of HIV, male (% ages 15-24)",SH.HIV.1524.MA.ZS,0,25,0
Middle income,"Prevalence of HIV, total (% of population ages 15-49)",SH.DYN.AIDS.ZS,0,25,0
North America,Adjusted net national income (current US$),NY.ADJ.NNTY.CD,0,25,0
North America,"Adolescent fertility rate (births per 1,000 women ages 15-19)",SP.ADO.TFRT,0,25,0
North America,Gross savings (% of GDP),NY.GNS.ICTR.ZS,0,25,0
North America,"Inflation, consumer prices (annual %)",FP.CPI.TOTL.ZG,0,25,0
North America,"Labor force participation rate, female (% of female population ages 15+) (national estimate)",SL.TLF.CACT.FE.NE.ZS,0,25,0
North America,"Population, female",SP.POP.TOTL.FE.IN,0,25,0
North America,"Population, female (% of total population)",SP.POP.TOTL.FE.ZS,0,25,0
North America,"Population, male",SP.POP.TOTL.MA.IN,0,25,0
North America,"Population, male (% of total population)",SP.POP.TOTL.MA.ZS,0,25,0
North America,Ratio of female to male labor force participation rate (%) (national estimate),SL.TLF.CACT.FM.NE.ZS,0,25,0
North America,"Unemployment, youth female (% of female labor force ages 15-24) (national estimate)",SL.UEM.1524.FE.NE.ZS,0,25,0
North America,Wanted fertility rate (births per woman),SP.DYN.WFRT,0,25,0
North America,"Women making their own informed decisions regarding sexual relations, contraceptive use and reproductive health care (% of women age 15-49)",SG.DMK.SRCR.FN.ZS,0,25,0
North America,Women's share of population ages 15+ living with HIV (%),SH.DYN.AIDS.FE.ZS,0,25,0
North America,"Contraceptive prevalence, any method (% of married women ages 15-49)",SP.DYN.CONU.ZS,0,25,0
North America,Coverage of social insurance programs (% of population),per_si_allsi.cov_pop_tot,0,25,0
North America,Coverage of social safety net programs (% of population),per_sa_allsa.cov_pop_tot,0,25,0
North America,Demand for family planning satisfied by modern methods (% of married women with demand for family planning),SH.FPL.SATM.ZS,0,25,0
North America,Diabetes prevalence (% of population ages 20 to 79),SH.STA.DIAB.ZS,0,25,0
North America,"Life expectancy at birth, total (years)",SP.DYN.LE00.IN,0,25,0
North America,"Life expectancy at birth, female (years)",SP.DYN.LE00.FE.IN,0,25,0
North America,"Life expectancy at birth, male (years)",SP.DYN.LE00.MA.IN,0,25,0
North America,"Nurses and midwives (per 1,000 people)",SH.MED.NUMW.P3,0,25,0
North America,Prevalence of anemia among women of reproductive age (% of women ages 15-49),SH.ANM.ALLW.ZS,0,25,0
North America,Prevalence of anemia among pregnant women (%),SH.PRG.ANEM,0,25,0
North America,"Prevalence of HIV, female (% ages 15-24)",SH.HIV.1524.FE.ZS,0,25,0
North America,"Prevalence of HIV, male (% ages 15-24)",SH.HIV.1524.MA.ZS,0,25,0
North America,"Prevalence of HIV, total (% of population ages 15-49)",SH.DYN.AIDS.ZS,0,25,0
Not classified,Adjusted net national income (current US$),NY.ADJ.NNTY.CD,0,25,0
Not classified,"Adolescent fertility rate (births per 1,000 women ages 15-19)",SP.ADO.TFRT,0,25,0
Not classified,Gross savings (% of GDP),NY.GNS.ICTR.ZS,0,25,0
Not classified,"Inflation, consumer prices (annual %)",FP.CPI.TOTL.ZG,0,25,0
Not classified,"Labor force participation rate, female (% of female population ages 15+) (national estimate)",SL.TLF.CACT.FE.NE.ZS,0,25,0
Not classified,"Population, female",SP.POP.TOTL.FE.IN,0,25,0
Not classified,"Population, female (% of total population)",SP.POP.TOTL.FE.ZS,0,25,0
Not classified,"Population, male",SP.POP.TOTL.MA.IN,0,25,0
Not classified,"Population, male (% of total population)",SP.POP.TOTL.MA.ZS,0,25,0
Not classified,Ratio of female to male labor force participation rate (%) (national estimate),SL.TLF.CACT.FM.NE.ZS,0,25,0
Not classified,"Unemployment, youth female (% of female labor force ages 15-24) (national estimate)",SL.UEM.1524.FE.NE.ZS,0,25,0
Not classified,Wanted fertility rate (births per woman),SP.DYN.WFRT,0,25,0
Not classified,"Women making their own informed decisions regarding sexual relations, contraceptive use and reproductive health care (% of women age 15-49)",SG.DMK.SRCR.FN.ZS,0,25,0
Not classified,Women's share of population ages 15+ living with HIV (%),SH.DYN.AIDS.FE.ZS,0,25,0
Not classified,"Contraceptive prevalence, any method (% of married women ages 15-49)",SP.DYN.CONU.ZS,0,25,0
Not classified,Coverage of social insurance programs (% of population),per_si_allsi.cov_pop_tot,0,25,0
Not classified,Coverage of social safety net programs (% of population),per_sa_allsa.cov_pop_tot,0,25,0
Not classified,Demand for family planning satisfied by modern methods (% of married women with demand for family planning),SH.FPL.SATM.ZS,0,25,0
Not classified,Diabetes prevalence (% of population ages 20 to 79),SH.STA.DIAB.ZS,0,25,0
Not classified,"Life expectancy at birth, total (years)",SP.DYN.LE00.IN,0,25,0
Not classified,"Life expectancy at birth, female (years)",SP.DYN.LE00.FE.IN,0,25,0
Not classified,"Life expectancy at birth, male (years)",SP.DYN.LE00.MA.IN,0,25,0
Not classified,"Nurses and midwives (per 1,000 people)",SH.MED.NUMW.P3,0,25,0
Not classified,Prevalence of anemia among women of reproductive age (% of women ages 15-49),SH.ANM.ALLW.ZS,0,25,0
Not classified,Prevalence of anemia among pregnant women (%),SH.PRG.ANEM,0,25,0
Not classified,"Prevalence of HIV, female (% ages 15-24)",SH.HIV.1524.FE.ZS,0,25,0
Not classified,"Prevalence of HIV, male (% ages 15-24)",SH.HIV.1524.MA.ZS,0,25,0
Not classified,"Prevalence of HIV, total (% of population ages 15-49)",SH.DYN.AIDS.ZS,0,25,0
OECD members,Adjusted net national income (current US$),NY.ADJ.NNTY.CD,0,25,0
OECD members,"Adolescent fertility rate (births per 1,000 women ages 15-19)",SP.ADO.TFRT,0,25,0
OECD members,Gross savings (% of GDP),NY.GNS.ICTR.ZS,0,25,0
OECD members,"Inflation, consumer prices (annual %)",FP.CPI.TOTL.ZG,0,25,0
OECD members,"Labor force participation rate, female (% of female population ages 15+) (national estimate)",SL.TLF.CACT.FE.NE.ZS,0,25,0
OECD members,"Population, female",SP.POP.TOTL.FE.IN,0,25,0
OECD members,"Population, female (% of total population)",SP.POP.TOTL.FE.ZS,0,25,0
OECD members,"Population, male",SP.POP.TOTL.MA.IN,0,25,0
OECD members,"Population, male (% of total population)",SP.POP.TOTL.MA.ZS,0,25,0
OECD members,Ratio of female to male labor force participation rate (%) (national estimate),SL.TLF.CACT.FM.NE.ZS,0,25,0
OECD members,"Unemployment, youth female (% of female labor force ages 15-24) (national estimate)",SL.UEM.1524.FE.NE.ZS,0,25,0
OECD members,Wanted fertility rate (births per woman),SP.DYN.WFRT,0,25,0
OECD members,"Women making their own informed decisions regarding sexual relations, contraceptive use and reproductive health care (% of women age 15-49)",SG.DMK.SRCR.FN.ZS,0,25,0
OECD members,Women's share of population ages 15+ living with HIV (%),SH.DYN.AIDS.FE.ZS,0,25,0
OECD members,"Contraceptive prevalence, any method (% of married women ages 15-49)",SP.DYN.CONU.ZS,0,25,0
OECD members,Coverage of social insurance programs (% of population),per_si_allsi.cov_pop_tot,0,25,0
OECD members,Coverage of social safety net programs (% of population),per_sa_allsa.cov_pop_tot,0,25,0
OECD members,Demand for family planning satisfied by modern methods (% of married women with demand for family planning),SH.FPL.SATM.ZS,0,25,0
OECD members,Diabetes prevalence (% of population ages 20 to 79),SH.STA.DIAB.ZS,0,25,0
OECD members,"Life expectancy at birth, total (years)",SP.DYN.LE00.IN,0,25,0
OECD members,"Life expectancy at birth, female (years)",SP.DYN.LE00.FE.IN,0,25,0
OECD members,"Life expectancy at birth, male (years)",SP.DYN.LE00.MA.IN,0,25,0
OECD members,"Nurses and midwives (per 1,000 people)",SH.MED.NUMW.P3,0,25,0
OECD members,Prevalence of anemia among women of reproductive age (% of women ages 15-49),SH.ANM.ALLW.ZS,0,25,0
OECD members,Prevalence of anemia among pregnant women (%),SH.PRG.ANEM,0,25,0
OECD members,"Prevalence of HIV, female (% ages 15-24)",SH.HIV.1524.FE.ZS,0,25,0
OECD members,"Prevalence of HIV, male (% ages 15-24)",SH.HIV.1524.MA.ZS,0,25,0
OECD members,"Prevalence of HIV, total (% of population ages 15-49)",SH.DYN.AIDS.ZS,0,25,0
Other small states,Adjusted net national income (current US$),NY.ADJ.NNTY.CD,0,25,0
Other small states,"Adolescent fertility rate (births per 1,000 women ages 15-19)",SP.ADO.TFRT,0,25,0
Other small states,Gross savings (% of GDP),NY.GNS.ICTR.ZS,0,25,0
Other small states,"Inflation, consumer prices (annual %)",FP.CPI.TOTL.ZG,0,25,0
Other small states,"Labor force participation rate, female (% of female population ages 15+) (national estimate)",SL.TLF.CACT.FE.NE.ZS,0,25,0
Other small states,"Population, female",SP.POP.TOTL.FE.IN,0,25,0
Other small states,"Population, female (% of total population)",SP.POP.TOTL.FE.ZS,0,25,0
Other small states,"Population, male",SP.POP.TOTL.MA.IN,0,25,0
Other small states,"Population, male (% of total population)",SP.POP.TOTL.MA.ZS,0,25,0
Other small states,Ratio of female to male labor force participation rate (%) (national estimate),SL.TLF.CACT.FM.NE.ZS,0,25,0
Other small states,"Unemployment, youth female (% of female labor force ages 15-24) (national estimate)",SL.UEM.1524.FE.NE.ZS,0,25,0
Other small states,Wanted fertility rate (births per woman),SP.DYN.WFRT,0,25,0
Other small states,"Women making their own informed decisions regarding sexual relations, contraceptive use and reproductive health care (% of women age 15-49)",SG.DMK.SRCR.FN.ZS,0,25,0
Other small states,Women's share of population ages 15+ living with HIV (%),SH.DYN.AIDS.FE.ZS,0,25,0
Other small states,"Contraceptive prevalence, any method (% of married women ages 15-49)",SP.DYN.CONU.ZS,0,25,0
Other small states,Coverage of social insurance programs (% of population),per_si_allsi.cov_pop_tot,0,25,0
Other small states,Coverage of social safety net programs (% of population),per_sa_allsa.cov_pop_tot,0,25,0
Other small states,Demand for family planning satisfied by modern methods (% of married women with demand for family planning),SH.FPL.SATM.ZS,0,25,0
Other small states,Diabetes prevalence (% of population ages 20 to 79),SH.STA.DIAB.ZS,0,25,0
Other small states,"Life expectancy at birth, total (years)",SP.DYN.LE00.IN,0,25,0
Other small states,"Life expectancy at birth, female (years)",SP.DYN.LE00.FE.IN,0,25,0
Other small states,"Life expectancy at birth, male (years)",SP.DYN.LE00.MA.IN,0,25,0
Other small states,"Nurses and midwives (per 1,000 people)",SH.MED.NUMW.P3,0,25,0
Other small states,Prevalence of anemia among women of reproductive age (% of women ages 15-49),SH.ANM.ALLW.ZS,0,25,0
Other small states,Prevalence of anemia among pregnant women (%),SH.PRG.ANEM,0,25,0
Other small states,"Prevalence of HIV, female (% ages 15-24)",SH.HIV.1524.FE.ZS,0,25,0
Other small states,"Prevalence of HIV, male (% ages 15-24)",SH.HIV.1524.MA.ZS,0,25,0
Other small states,"Prevalence of HIV, total (% of population ages 15-49)",SH.DYN.AIDS.ZS,0,25,0
Pacific island small states,Adjusted net national income (current US$),NY.ADJ.NNTY.CD,0,25,0
Pacific island small states,"Adolescent fertility rate (births per 1,000 women ages 15-19)",SP.ADO.TFRT,0,25,0
Pacific island small states,Gross savings (% of GDP),NY.GNS.ICTR.ZS,0,25,0
Pacific island small states,"Inflation, consumer prices (annual %)",FP.CPI.TOTL.ZG,0,25,0
Pacific island small states,"Labor force participation rate, female (% of female population ages 15+) (national estimate)",SL.TLF.CACT.FE.NE.ZS,0,25,0
Pacific island small states,"Population, female",SP.POP.TOTL.FE.IN,0,25,0
Pacific island small states,"Population, female (% of total population)",SP.POP.TOTL.FE.ZS,0,25,0
Pacific island small states,"Population, male",SP.POP.TOTL.MA.IN,0,25,0
Pacific island small states,"Population, male (% of total population)",SP.POP.TOTL.MA.ZS,0,25,0
Pacific island small states,Ratio of female to male labor force participation rate (%) (national estimate),SL.TLF.CACT.FM.NE.ZS,0,25,0
Pacific island small states,"Unemployment, youth female (% of female labor force ages 15-24) (national estimate)",SL.UEM.1524.FE.NE.ZS,0,25,0
Pacific island small states,Wanted fertility rate (births per woman),SP.DYN.WFRT,0,25,0
Pacific island small states,"Women making their own informed decisions regarding sexual relations, contraceptive use and reproductive health care (% of women age 15-49)",SG.DMK.SRCR.FN.ZS,0,25,0
Pacific island small states,Women's share of population ages 15+ living with HIV (%),SH.DYN.AIDS.FE.ZS,0,25,0
Pacific island small states,"Contraceptive prevalence, any method (% of married women ages 15-49)",SP.DYN.CONU.ZS,0,25,0
Pacific island small states,Coverage of social insurance programs (% of population),per_si_allsi.cov_pop_tot,0,25,0
Pacific island small states,Coverage of social safety net programs (% of population),per_sa_allsa.cov_pop_tot,0,25,0
Pacific island small states,Demand for family planning satisfied by modern methods (% of married women with demand for family planning),SH.FPL.SATM.ZS,0,25,0
Pacific island small states,Diabetes prevalence (% of population ages 20 to 79),SH.STA.DIAB.ZS,0,25,0
Pacific island small states,"Life expectancy at birth, total (years)",SP.DYN.LE00.IN,0,25,0
Pacific island small states,"Life expectancy at birth, female (years)",SP.DYN.LE00.FE.IN,0,25,0
Pacific island small states,"Life expectancy at birth, male (years)",SP.DYN.LE00.MA.IN,0,25,0
Pacific island small states,"Nurses and midwives (per 1,000 people)",SH.MED.NUMW.P3,0,25,0
Pacific island small states,Prevalence of anemia among women of reproductive age (% of women ages 15-49),SH.ANM.ALLW.ZS,0,25,0
Pacific island small states,Prevalence of anemia among pregnant women (%),SH.PRG.ANEM,0,25,0
Pacific island small states,"Prevalence of HIV, female (% ages 15-24)",SH.HIV.1524.FE.ZS,0,25,0
Pacific island small states,"Prevalence of HIV, male (% ages 15-24)",SH.HIV.1524.MA.ZS,0,25,0
Pacific island small states,"Prevalence of HIV, total (% of population ages 15-49)",SH.DYN.AIDS.ZS,0,25,0
Post-demographic dividend,Adjusted net national income (current US$),NY.ADJ.NNTY.CD,0,25,0
Post-demographic dividend,"Adolescent fertility rate (births per 1,000 women ages 15-19)",SP.ADO.TFRT,0,25,0
Post-demographic dividend,Gross savings (% of GDP),NY.GNS.ICTR.ZS,0,25,0
Post-demographic dividend,"Inflation, consumer prices (annual %)",FP.CPI.TOTL.ZG,0,25,0
Post-demographic dividend,"Labor force participation rate, female (% of female population ages 15+) (national estimate)",SL.TLF.CACT.FE.NE.ZS,0,25,0
Post-demographic dividend,"Population, female",SP.POP.TOTL.FE.IN,0,25,0
Post-demographic dividend,"Population, female (% of total population)",SP.POP.TOTL.FE.ZS,0,25,0
Post-demographic dividend,"Population, male",SP.POP.TOTL.MA.IN,0,25,0
Post-demographic dividend,"Population, male (% of total population)",SP.POP.TOTL.MA.ZS,0,25,0
Post-demographic dividend,Ratio of female to male labor force participation rate (%) (national estimate),SL.TLF.CACT.FM.NE.ZS,0,25,0
Post-demographic dividend,"Unemployment, youth female (% of female labor force ages 15-24) (national estimate)",SL.UEM.1524.FE.NE.ZS,0,25,0
Post-demographic dividend,Wanted fertility rate (births per woman),SP.DYN.WFRT,0,25,0
Post-demographic dividend,"Women making their own informed decisions regarding sexual relations, contraceptive use and reproductive health care (% of women age 15-49)",SG.DMK.SRCR.FN.ZS,0,25,0
Post-demographic dividend,Women's share of population ages 15+ living with HIV (%),SH.DYN.AIDS.FE.ZS,0,25,0
Post-demographic dividend,"Contraceptive prevalence, any method (% of married women ages 15-49)",SP.DYN.CONU.ZS,0,25,0
Post-demographic dividend,Coverage of social insurance programs (% of population),per_si_allsi.cov_pop_tot,0,25,0
Post-demographic dividend,Coverage of social safety net programs (% of population),per_sa_allsa.cov_pop_tot,0,25,0
Post-demographic dividend,Demand for family planning satisfied by modern methods (% of married women with demand for family planning),SH.FPL.SATM.ZS,0,25,0
Post-demographic dividend,Diabetes prevalence (% of population ages 20 to 79),SH.STA.DIAB.ZS,0,25,0
Post-demographic dividend,"Life expectancy at birth, total (years)",SP.DYN.LE00.IN,0,25,0
Post-demographic dividend,"Life expectancy at birth, female (years)",SP.DYN.LE00.FE.IN,0,25,0
Post-demographic dividend,"Life expectancy at birth, male (years)",SP.DYN.LE00.MA.IN,0,25,0
Post-demographic dividend,"Nurses and midwives (per 1,000 people)",SH.MED.NUMW.P3,0,25,0
Post-demographic dividend,Prevalence of anemia among women of reproductive age (% of women ages 15-49),SH.ANM.ALLW.ZS,0,25,0
Post-demographic dividend,Prevalence of anemia among pregnant women (%),SH.PRG.ANEM,0,25,0
Post-demographic dividend,"Prevalence of HIV, female (% ages 15-24)",SH.HIV.1524.FE.ZS,0,25,0
Post-demographic dividend,"Prevalence of HIV, male (% ages 15-24)",SH.HIV.1524.MA.ZS,0,25,0
Post-demographic dividend,"Prevalence of HIV, total (% of population ages 15-49)",SH.DYN.AIDS.ZS,0,25,0
Pre-demographic dividend,Adjusted net national income (current US$),NY.ADJ.NNTY.CD,0,25,0
Pre-demographic dividend,"Adolescent fertility rate (births per 1,000 women ages 15-19)",SP.ADO.TFRT,0,25,0
Pre-demographic dividend,Gross savings (% of GDP),NY.GNS.ICTR.ZS,0,25,0
Pre-demographic dividend,"Inflation, consumer prices (annual %)",FP.CPI.TOTL.ZG,0,25,0
Pre-demographic dividend,"Labor force participation rate, female (% of female population ages 15+) (national estimate)",SL.TLF.CACT.FE.NE.ZS,0,25,0
Pre-demographic dividend,"Population, female",SP.POP.TOTL.FE.IN,0,25,0
Pre-demographic dividend,"Population, female (% of total population)",SP.POP.TOTL.FE.ZS,0,25,0
Pre-demographic dividend,"Population, male",SP.POP.TOTL.MA.IN,0,25,0
Pre-demographic dividend,"Population, male (% of total population)",SP.POP.TOTL.MA.ZS,0,25,0
Pre-demographic dividend,Ratio of female to male labor force participation rate (%) (national estimate),SL.TLF.CACT.FM.NE.ZS,0,25,0
Pre-demographic dividend,"Unemployment, youth female (% of female labor force ages 15-24) (national estimate)",SL.UEM.1524.FE.NE.ZS,0,25,0
Pre-demographic dividend,Wanted fertility rate (births per woman),SP.DYN.WFRT,0,25,0
Pre-demographic dividend,"Women making their own informed decisions regarding sexual relations, contraceptive use and reproductive health care (% of women age 15-49)",SG.DMK.SRCR.FN.ZS,0,25,0
Pre-demographic dividend,Women's share of population ages 15+ living with HIV (%),SH.DYN.AIDS.FE.ZS,0,25,0
Pre-demographic dividend,"Contraceptive prevalence, any method (% of married women ages 15-49)",SP.DYN.CONU.ZS,0,25,0
Pre-demographic dividend,Coverage of social insurance programs (% of population),per_si_allsi.cov_pop_tot,0,25,0
Pre-demographic dividend,Coverage of social safety net programs (% of population),per_sa_allsa.cov_pop_tot,0,25,0
Pre-demographic dividend,Demand for family planning satisfied by modern methods (% of married women with demand for family planning),SH.FPL.SATM.ZS,0,25,0
Pre-demographic dividend,Diabetes prevalence (% of population ages 20 to 79),SH.STA.DIAB.ZS,0,25,0
Pre-demographic dividend,"Life expectancy at birth, total (years)",SP.DYN.LE00.IN,0,25,0
Pre-demographic dividend,"Life expectancy at birth, female (years)",SP.DYN.LE00.FE.IN,0,25,0
Pre-demographic dividend,"Life expectancy at birth, male (years)",SP.DYN.LE00.MA.IN,0,25,0
Pre-demographic dividend,"Nurses and midwives (per 1,000 people)",SH.MED.NUMW.P3,0,25,0
Pre-demographic dividend,Prevalence of anemia among women of reproductive age (% of women ages 15-49),SH.ANM.ALLW.ZS,0,25,0
Pre-demographic dividend,Prevalence of anemia among pregnant women (%),SH.PRG.ANEM,0,25,0
Pre-demographic dividend,"Prevalence of HIV, female (% ages 15-24)",SH.HIV.1524.FE.ZS,0,25,0
Pre-demographic dividend,"Prevalence of HIV, male (% ages 15-24)",SH.HIV.1524.MA.ZS,0,25,0
Pre-demographic dividend,"Prevalence of HIV, total (% of population ages 15-49)",SH.DYN.AIDS.ZS,0,25,0
Small states,Adjusted net national income (current US$),NY.ADJ.NNTY.CD,0,25,0
Small states,"Adolescent fertility rate (births per 1,000 women ages 15-19)",SP.ADO.TFRT,0,25,0
Small states,Gross savings (% of GDP),NY.GNS.ICTR.ZS,0,25,0
Small states,"Inflation, consumer prices (annual %)",FP.CPI.TOTL.ZG,0,25,0
Small states,"Labor force participation rate, female (% of female population ages 15+) (national estimate)",SL.TLF.CACT.FE.NE.ZS,0,25,0
Small states,"Population, female",SP.POP.TOTL.FE.IN,0,25,0
Small states,"Population, female (% of total population)",SP.POP.TOTL.FE.ZS,0,25,0
Small states,"Population, male",SP.POP.TOTL.MA.IN,0,25,0
Small states,"Population, male (% of total population)",SP.POP.TOTL.MA.ZS,0,25,0
Small states,Ratio of female to male labor force participation rate (%) (national estimate),SL.TLF.CACT.FM.NE.ZS,0,25,0
Small states,"Unemployment, youth female (% of female labor force ages 15-24) (national estimate)",SL.UEM.1524.FE.NE.ZS,0,25,0
Small states,Wanted fertility rate (births per woman),SP.DYN.WFRT,0,25,0
Small states,"Women making their own informed decisions regarding sexual relations, contraceptive use and reproductive health care (% of women age 15-49)",SG.DMK.SRCR.FN.ZS,0,25,0
Small states,Women's share of population ages 15+ living with HIV (%),SH.DYN.AIDS.FE.ZS,0,25,0
Small states,"Contraceptive prevalence, any method (% of married women ages 15-49)",SP.DYN.CONU.ZS,0,25,0
Small states,Coverage of social insurance programs (% of population),per_si_allsi.cov_pop_tot,0,25,0
Small states,Coverage of social safety net programs (% of population),per_sa_allsa.cov_pop_tot,0,25,0
Small states,Demand for family planning satisfied by modern methods (% of married women with demand for family planning),SH.FPL.SATM.ZS,0,25,0
Small states,Diabetes prevalence (% of population ages 20 to 79),SH.STA.DIAB.ZS,0,25,0
Small states,"Life expectancy at birth, total (years)",SP.DYN.LE00.IN,0,25,0
Small states,"Life expectancy at birth, female (years)",SP.DYN.LE00.FE.IN,0,25,0
Small states,"Life expectancy at birth, male (years)",SP.DYN.LE00.MA.IN,0,25,0
Small states,"Nurses and midwives (per 1,000 people)",SH.MED.NUMW.P3,0,25,0
Small states,Prevalence of anemia among women of reproductive age (% of women ages 15-49),SH.ANM.ALLW.ZS,0,25,0
Small states,Prevalence of anemia among pregnant women (%),SH.PRG.ANEM,0,25,0
Small states,"Prevalence of HIV, female (% ages 15-24)",SH.HIV.1524.FE.ZS,0,25,0
Small states,"Prevalence of HIV, male (% ages 15-24)",SH.HIV.1524.MA.ZS,0,25,0
Small states,"Prevalence of HIV, total (% of population ages 15-49)",SH.DYN.AIDS.ZS,0,25,0
South Asia,Adjusted net national income (current US$),NY.ADJ.NNTY.CD,0,25,0
South Asia,"Adolescent fertility rate (births per 1,000 women ages 15-19)",SP.ADO.TFRT,0,25,0
South Asia,Gross savings (% of GDP),NY.GNS.ICTR.ZS,0,25,0
South Asia,"Inflation, consumer prices (annual %)",FP.CPI.TOTL.ZG,0,25,0
South Asia,"Labor force participation rate, female (% of female population ages 15+) (national estimate)",SL.TLF.CACT.FE.NE.ZS,0,25,0
South Asia,"Population, female",SP.POP.TOTL.FE.IN,0,25,0
South Asia,"Population, female (% of total population)",SP.POP.TOTL.FE.ZS,0,25,0
South Asia,"Population, male",SP.POP.TOTL.MA.IN,0,25,0
South Asia,"Population, male (% of total population)",SP.POP.TOTL.MA.ZS,0,25,0
South Asia,Ratio of female to male labor force participation rate (%) (national estimate),SL.TLF.CACT.FM.NE.ZS,0,25,0
South Asia,"Unemployment, youth female (% of female labor force ages 15-24) (national estimate)",SL.UEM.1524.FE.NE.ZS,0,25,0
South Asia,Wanted fertility rate (births per woman),SP.DYN.WFRT,0,25,0
South Asia,"Women making their own informed decisions regarding sexual relations, contraceptive use and reproductive health care (% of women age 15-49)",SG.DMK.SRCR.FN.ZS,0,25,0
South Asia,Women's share of population ages 15+ living with HIV (%),SH.DYN.AIDS.FE.ZS,0,25,0
South Asia,"Contraceptive prevalence, any method (% of married women ages 15-49)",SP.DYN.CONU.ZS,0,25,0
South Asia,Coverage of social insurance programs (% of population),per_si_allsi.cov_pop_tot,0,25,0
South Asia,Coverage of social safety net programs (% of population),per_sa_allsa.cov_pop_tot,0,25,0
South Asia,Demand for family planning satisfied by modern methods (% of married women with demand for family planning),SH.FPL.SATM.ZS,0,25,0
South Asia,Diabetes prevalence (% of population ages 20 to 79),SH.STA.DIAB.ZS,0,25,0
South Asia,"Life expectancy at birth, total (years)",SP.DYN.LE00.IN,0,25,0
South Asia,"Life expectancy at birth, female (years)",SP.DYN.LE00.FE.IN,0,25,0
South Asia,"Life expectancy at birth, male (years)",SP.DYN.LE00.MA.IN,0,25,0
South Asia,"Nurses and midwives (per 1,000 people)",SH.MED.NUMW.P3,0,25,0
South Asia,Prevalence of anemia among women of reproductive age (% of women ages 15-49),SH.ANM.ALLW.ZS,0,25,0
South Asia,Prevalence of anemia among pregnant women (%),SH.PRG.ANEM,0,25,0
South Asia,"Prevalence of HIV, female (% ages 15-24)",SH.HIV.1524.FE.ZS,0,25,0
South Asia,"Prevalence of HIV, male (% ages 15-24)",SH.HIV.1524.MA.ZS,0,25,0
South Asia,"Prevalence of HIV, total (% of population ages 15-49)",SH.DYN.AIDS.ZS,0,25,0
South Asia (IDA & IBRD),Adjusted net national income (current US$),NY.ADJ.NNTY.CD,0,25,0
South Asia (IDA & IBRD),"Adolescent fertility rate (births per 1,000 women ages 15-19)",SP.ADO.TFRT,0,25,0
South Asia (IDA & IBRD),Gross savings (% of GDP),NY.GNS.ICTR.ZS,0,25,0
South Asia (IDA & IBRD),"Inflation, consumer prices (annual %)",FP.CPI.TOTL.ZG,0,25,0
South Asia (IDA & IBRD),"Labor force participation rate, female (% of female population ages 15+) (national estimate)",SL.TLF.CACT.FE.NE.ZS,0,25,0
South Asia (IDA & IBRD),"Population, female",SP.POP.TOTL.FE.IN,0,25,0
South Asia (IDA & IBRD),"Population, female (% of total population)",SP.POP.TOTL.FE.ZS,0,25,0
South Asia (IDA & IBRD),"Population, male",SP.POP.TOTL.MA.IN,0,25,0
South Asia (IDA & IBRD),"Population, male (% of total population)",SP.POP.TOTL.MA.ZS,0,25,0
South Asia (IDA & IBRD),Ratio of female to male labor force participation rate (%) (national estimate),SL.TLF.CACT.FM.NE.ZS,0,25,0
South Asia (IDA & IBRD),"Unemployment, youth female (% of female labor force ages 15-24) (national estimate)",SL.UEM.1524.FE.NE.ZS,0,25,0
South Asia (IDA & IBRD),Wanted fertility rate (births per woman),SP.DYN.WFRT,0,25,0
South Asia (IDA & IBRD),"Women making their own informed decisions regarding sexual relations, contraceptive use and reproductive health care (% of women age 15-49)",SG.DMK.SRCR.FN.ZS,0,25,0
South Asia (IDA & IBRD),Women's share of population ages 15+ living with HIV (%),SH.DYN.AIDS.FE.ZS,0,25,0
South Asia (IDA & IBRD),"Contraceptive prevalence, any method (% of married women ages 15-49)",SP.DYN.CONU.ZS,0,25,0
South Asia (IDA & IBRD),Coverage of social insurance programs (% of population),per_si_allsi.cov_pop_tot,0,25,0
South Asia (IDA & IBRD),Coverage of social safety net programs (% of population),per_sa_allsa.cov_pop_tot,0,25,0
South Asia (IDA & IBRD),Demand for family planning satisfied by modern methods (% of married women with demand for family planning),SH.FPL.SATM.ZS,0,25,0
South Asia (IDA & IBRD),Diabetes prevalence (% of population ages 20 to 79),SH.STA.DIAB.ZS,0,25,0
South Asia (IDA & IBRD),"Life expectancy at birth, total (years)",SP.DYN.LE00.IN,0,25,0
South Asia (IDA & IBRD),"Life expectancy at birth, female (years)",SP.DYN.LE00.FE.IN,0,25,0
South Asia (IDA & IBRD),"Life expectancy at birth, male (years)",SP.DYN.LE00.MA.IN,0,25,0
South Asia (IDA & IBRD),"Nurses and midwives (per 1,000 people)",SH.MED.NUMW.P3,0,25,0
South Asia (IDA & IBRD),Prevalence of anemia among women of reproductive age (% of women ages 15-49),SH.ANM.ALLW.ZS,0,25,0
South Asia (IDA & IBRD),Prevalence of anemia among pregnant women (%),SH.PRG.ANEM,0,25,0
South Asia (IDA & IBRD),"Prevalence of HIV, female (% ages 15-24)",SH.HIV.1524.FE.ZS,0,25,0
South Asia (IDA & IBRD),"Prevalence of HIV, male (% ages 15-24)",SH.HIV.1524.MA.ZS,0,25,0
South Asia (IDA & IBRD),"Prevalence of HIV, total (% of population ages 15-49)",SH.DYN.AIDS.ZS,0,25,0
Sub-Saharan Africa,Adjusted net national income (current US$),NY.ADJ.NNTY.CD,0,25,0
Sub-Saharan Africa,"Adolescent fertility rate (births per 1,000 women ages 15-19)",SP.ADO.TFRT,0,25,0
Sub-Saharan Africa,Gross savings (% of GDP),NY.GNS.ICTR.ZS,0,25,0
Sub-Saharan Africa,"Inflation, consumer prices (annual %)",FP.CPI.TOTL.ZG,0,25,0
Sub-Saharan Africa,"Labor force participation rate, female (% of female population ages 15+) (national estimate)",SL.TLF.CACT.FE.NE.ZS,0,25,0
Sub-Saharan Africa,"Population, female",SP.POP.TOTL.FE.IN,0,25,0
Sub-Saharan Africa,"Population, female (% of total population)",SP.POP.TOTL.FE.ZS,0,25,0
Sub-Saharan Africa,"Population, male",SP.POP.TOTL.MA.IN,0,25,0
Sub-Saharan Africa,"Population, male (% of total population)",SP.POP.TOTL.MA.ZS,0,25,0
Sub-Saharan Africa,Ratio of female to male labor force participation rate (%) (national estimate),SL.TLF.CACT.FM.NE.ZS,0,25,0
Sub-Saharan Africa,"Unemployment, youth female (% of female labor force ages 15-24) (national estimate)",SL.UEM.1524.FE.NE.ZS,0,25,0
Sub-Saharan Africa,Wanted fertility rate (births per woman),SP.DYN.WFRT,0,25,0
Sub-Saharan Africa,"Women making their own informed decisions regarding sexual relations, contraceptive use and reproductive health care (% of women age 15-49)",SG.DMK.SRCR.FN.ZS,0,25,0
Sub-Saharan Africa,Women's share of population ages 15+ living with HIV (%),SH.DYN.AIDS.FE.ZS,0,25,0
Sub-Saharan Africa,"Contraceptive prevalence, any method (% of married women ages 15-49)",SP.DYN.CONU.ZS,0,25,0
Sub-Saharan Africa,Coverage of social insurance programs (% of population),per_si_allsi.cov_pop_tot,0,25,0
Sub-Saharan Africa,Coverage of social safety net programs (% of population),per_sa_allsa.cov_pop_tot,0,25,0
Sub-Saharan Africa,Demand for family planning satisfied by modern methods (% of married women with demand for family planning),SH.FPL.SATM.ZS,0,25,0
Sub-Saharan Africa,Diabetes prevalence (% of population ages 20 to 79),SH.STA.DIAB.ZS,0,25,0
Sub-Saharan Africa,"Life expectancy at birth, total (years)",SP.DYN.LE00.IN,0,25,0
Sub-Saharan Africa,"Life expectancy at birth, female (years)",SP.DYN.LE00.FE.IN,0,25,0
Sub-Saharan Africa,"Life expectancy at birth, male (years)",SP.DYN.LE00.MA.IN,0,25,0
Sub-Saharan Africa,"Nurses and midwives (per 1,000 people)",SH.MED.NUMW.P3,0,25,0
Sub-Saharan Africa,Prevalence of anemia among women of reproductive age (% of women ages 15-49),SH.ANM.ALLW.ZS,0,25,0
Sub-Saharan Africa,Prevalence of anemia among pregnant women (%),SH.PRG.ANEM,0,25,0
Sub-Saharan Africa,"Prevalence of HIV, female (% ages 15-24)",SH.HIV.1524.FE.ZS,0,25,0
Sub-Saharan Africa,"Prevalence of HIV, male (% ages 15-24)",SH.HIV.1524.MA.ZS,0,25,0
Sub-Saharan Africa,"Prevalence of HIV, total (% of population ages 15-49)",SH.DYN.AIDS.ZS,0,25,0
Sub-Saharan Africa (excluding high income),Adjusted net national income (current US$),NY.ADJ.NNTY.CD,0,25,0
Sub-Saharan Africa (excluding high income),"Adolescent fertility rate (births per 1,000 women ages 15-19)",SP.ADO.TFRT,0,25,0
Sub-Saharan Africa (excluding high income),Gross savings (% of GDP),NY.GNS.ICTR.ZS,0,25,0
Sub-Saharan Africa (excluding high income),"Inflation, consumer prices (annual %)",FP.CPI.TOTL.ZG,0,25,0
Sub-Saharan Africa (excluding high income),"Labor force participation rate, female (% of female population ages 15+) (national estimate)",SL.TLF.CACT.FE.NE.ZS,0,25,0
Sub-Saharan Africa (excluding high income),"Population, female",SP.POP.TOTL.FE.IN,0,25,0
Sub-Saharan Africa (excluding high income),"Population, female (% of total population)",SP.POP.TOTL.FE.ZS,0,25,0
Sub-Saharan Africa (excluding high income),"Population, male",SP.POP.TOTL.MA.IN,0,25,0
Sub-Saharan Africa (excluding high income),"Population, male (% of total population)",SP.POP.TOTL.MA.ZS,0,25,0
Sub-Saharan Africa (excluding high income),Ratio of female to male labor force participation rate (%) (national estimate),SL.TLF.CACT.FM.NE.ZS,0,25,0
Sub-Saharan Africa (excluding high income),"Unemployment, youth female (% of female labor force ages 15-24) (national estimate)",SL.UEM.1524.FE.NE.ZS,0,25,0
Sub-Saharan Africa (excluding high income),Wanted fertility rate (births per woman),SP.DYN.WFRT,0,25,0
Sub-Saharan Africa (excluding high income),"Women making their own informed decisions regarding sexual relations, contraceptive use and reproductive health care (% of women age 15-49)",SG.DMK.SRCR.FN.ZS,0,25,0
Sub-Saharan Africa (excluding high income),Women's share of population ages 15+ living with HIV (%),SH.DYN.AIDS.FE.ZS,0,25,0
Sub-Saharan Africa (excluding high income),"Contraceptive prevalence, any method (% of married women ages 15-49)",SP.DYN.CONU.ZS,0,25,0
Sub-Saharan Africa (excluding high income),Coverage of social insurance programs (% of population),per_si_allsi.cov_pop_tot,0,25,0
Sub-Saharan Africa (excluding high income),Coverage of social safety net programs (% of population),per_sa_allsa.cov_pop_tot,0,25,0
Sub-Saharan Africa (excluding high income),Demand for family planning satisfied by modern methods (% of married women with demand for family planning),SH.FPL.SATM.ZS,0,25,0
Sub-Saharan Africa (excluding high income),Diabetes prevalence (% of population ages 20 to 79),SH.STA.DIAB.ZS,0,25,0
Sub-Saharan Africa (excluding high income),"Life expectancy at birth, total (years)",SP.DYN.LE00.IN,0,25,0
Sub-Saharan Africa (excluding high income),"Life expectancy at birth, female (years)",SP.DYN.LE00.FE.IN,0,25,0
Sub-Saharan Africa (excluding high income),"Life expectancy at birth, male (years)",SP.DYN.LE00.MA.IN,0,25,0
Sub-Saharan Africa (excluding high income),"Nurses and midwives (per 1,000 people)",SH.MED.NUMW.P3,0,25,0
Sub-Saharan Africa (excluding high income),Prevalence of anemia among women of reproductive age (% of women ages 15-49),SH.ANM.ALLW.ZS,0,25,0
Sub-Saharan Africa (excluding high income),Prevalence of anemia among pregnant women (%),SH.PRG.ANEM,0,25,0
Sub-Saharan Africa (excluding high income),"Prevalence of HIV, female (% ages 15-24)",SH.HIV.1524.FE.ZS,0,25,0
Sub-Saharan Africa (excluding high income),"Prevalence of HIV, male (% ages 15-24)",SH.HIV.1524.MA.ZS,0,25,0
Sub-Saharan Africa (excluding high income),"Prevalence of HIV, total (% of population ages 15-49)",SH.DYN.AIDS.ZS,0,25,0
Sub-Saharan Africa (IDA & IBRD countries),Adjusted net national income (current US$),NY.ADJ.NNTY.CD,0,25,0
Sub-Saharan Africa (IDA & IBRD countries),"Adolescent fertility rate (births per 1,000 women ages 15-19)",SP.ADO.TFRT,0,25,0
Sub-Saharan Africa (IDA & IBRD countries),Gross savings (% of GDP),NY.GNS.ICTR.ZS,0,25,0
Sub-Saharan Africa (IDA & IBRD countries),"Inflation, consumer prices (annual %)",FP.CPI.TOTL.ZG,0,25,0
Sub-Saharan Africa (IDA & IBRD countries),"Labor force participation rate, female (% of female population ages 15+) (national estimate)",SL.TLF.CACT.FE.NE.ZS,0,25,0
Sub-Saharan Africa (IDA & IBRD countries),"Population, female",SP.POP.TOTL.FE.IN,0,25,0
Sub-Saharan Africa (IDA & IBRD countries),"Population, female (% of total population)",SP.POP.TOTL.FE.ZS,0,25,0
Sub-Saharan Africa (IDA & IBRD countries),"Population, male",SP.POP.TOTL.MA.IN,0,25,0
Sub-Saharan Africa (IDA & IBRD countries),"Population, male (% of total population)",SP.POP.TOTL.MA.ZS,0,25,0
Sub-Saharan Africa (IDA & IBRD countries),Ratio of female to male labor force participation rate (%) (national estimate),SL.TLF.CACT.FM.NE.ZS,0,25,0
Sub-Saharan Africa (IDA & IBRD countries),"Unemployment, youth female (% of female labor force ages 15-24) (national estimate)",SL.UEM.1524.FE.NE.ZS,0,25,0
Sub-Saharan Africa (IDA & IBRD countries),Wanted fertility rate (births per woman),SP.DYN.WFRT,0,25,0
Sub-Saharan Africa (IDA & IBRD countries),"Women making their own informed decisions regarding sexual relations, contraceptive use and reproductive health care (% of women age 15-49)",SG.DMK.SRCR.FN.ZS,0,25,0
Sub-Saharan Africa (IDA & IBRD countries),Women's share of population ages 15+ living with HIV (%),SH.DYN.AIDS.FE.ZS,0,25,0
Sub-Saharan Africa (IDA & IBRD countries),"Contraceptive prevalence, any method (% of married women ages 15-49)",SP.DYN.CONU.ZS,0,25,0
Sub-Saharan Africa (IDA & IBRD countries),Coverage of social insurance programs (% of population),per_si_allsi.cov_pop_tot,0,25,0
Sub-Saharan Africa (IDA & IBRD countries),Coverage of social safety net programs (% of population),per_sa_allsa.cov_pop_tot,0,25,0
Sub-Saharan Africa (IDA & IBRD countries),Demand for family planning satisfied by modern methods (% of married women with demand for family planning),SH.FPL.SATM.ZS,0,25,0
Sub-Saharan Africa (IDA & IBRD countries),Diabetes prevalence (% of population ages 20 to 79),SH.STA.DIAB.ZS,0,25,0
Sub-Saharan Africa (IDA & IBRD countries),"Life expectancy at birth, total (years)",SP.DYN.LE00.IN,0,25,0
Sub-Saharan Africa (IDA & IBRD countries),"Life expectancy at birth, female (years)",SP.DYN.LE00.FE.IN,0,25,0
Sub-Saharan Africa (IDA & IBRD countries),"Life expectancy at birth, male (years)",SP.DYN.LE00.MA.IN,0,25,0
Sub-Saharan Africa (IDA & IBRD countries),"Nurses and midwives (per 1,000 people)",SH.MED.NUMW.P3,0,25,0
Sub-Saharan Africa (IDA & IBRD countries),Prevalence of anemia among women of reproductive age (% of women ages 15-49),SH.ANM.ALLW.ZS,0,25,0
Sub-Saharan Africa (IDA & IBRD countries),Prevalence of anemia among pregnant women (%),SH.PRG.ANEM,0,25,0
Sub-Saharan Africa (IDA & IBRD countries),"Prevalence of HIV, female (% ages 15-24)",SH.HIV.1524.FE.ZS,0,25,0
Sub-Saharan Africa (IDA & IBRD countries),"Prevalence of HIV, male (% ages 15-24)",SH.HIV.1524.MA.ZS,0,25,0
Sub-Saharan Africa (IDA & IBRD countries),"Prevalence of HIV, total (% of population ages 15-49)",SH.DYN.AIDS.ZS,0,25,0
Upper middle income,Adjusted net national income (current US$),NY.ADJ.NNTY.CD,0,25,0
Upper middle income,"Adolescent fertility rate (births per 1,000 women ages 15-19)",SP.ADO.TFRT,0,25,0
Upper middle income,Gross savings (% of GDP),NY.GNS.ICTR.ZS,0,25,0
Upper middle income,"Inflation, consumer prices (annual %)",FP.CPI.TOTL.ZG,0,25,0
Upper middle income,"Labor force participation rate, female (% of female population ages 15+) (national estimate)",SL.TLF.CACT.FE.NE.ZS,0,25,0
Upper middle income,"Population, female",SP.POP.TOTL.FE.IN,0,25,0
Upper middle income,"Population, female (% of total population)",SP.POP.TOTL.FE.ZS,0,25,0
Upper middle income,"Population, male",SP.POP.TOTL.MA.IN,0,25,0
Upper middle income,"Population, male (% of total population)",SP.POP.TOTL.MA.ZS,0,25,0
Upper middle income,Ratio of female to male labor force participation rate (%) (national estimate),SL.TLF.CACT.FM.NE.ZS,0,25,0
Upper middle income,"Unemployment, youth female (% of female labor force ages 15-24) (national estimate)",SL.UEM.1524.FE.NE.ZS,0,25,0
Upper middle income,Wanted fertility rate (births per woman),SP.DYN.WFRT,0,25,0
Upper middle income,"Women making their own informed decisions regarding sexual relations, contraceptive use and reproductive health care (% of women age 15-49)",SG.DMK.SRCR.FN.ZS,0,25,0
Upper middle income,Women's share of population ages 15+ living with HIV (%),SH.DYN.AIDS.FE.ZS,0,25,0
Upper middle income,"Contraceptive prevalence, any method (% of married women ages 15-49)",SP.DYN.CONU.ZS,0,25,0
Upper middle income,Coverage of social insurance programs (% of population),per_si_allsi.cov_pop_tot,0,25,0
Upper middle income,Coverage of social safety net programs (% of population),per_sa_allsa.cov_pop_tot,0,25,0
Upper middle income,Demand for family planning satisfied by modern methods (% of married women with demand for family planning),SH.FPL.SATM.ZS,0,25,0
Upper middle income,Diabetes prevalence (% of population ages 20 to 79),SH.STA.DIAB.ZS,0,25,0
Upper middle income,"Life expectancy at birth, total (years)",SP.DYN.LE00.IN,0,25,0
Upper middle income,"Life expectancy at birth, female (years)",SP.DYN.LE00.FE.IN,0,25,0
Upper middle income,"Life expectancy at birth, male (years)",SP.DYN.LE00.MA.IN,0,25,0
Upper middle income,"Nurses and midwives (per 1,000 people)",SH.MED.NUMW.P3,0,25,0
Upper middle income,Prevalence of anemia among women of reproductive age (% of women ages 15-49),SH.ANM.ALLW.ZS,0,25,0
Upper middle income,Prevalence of anemia among pregnant women (%),SH.PRG.ANEM,0,25,0
Upper middle income,"Prevalence of HIV, female (% ages 15-24)",SH.HIV.1524.FE.ZS,0,25,0
Upper middle income,"Prevalence of HIV, male (% ages 15-24)",SH.HIV.1524.MA.ZS,0,25,0
Upper middle income,"Prevalence of HIV, total (% of population ages 15-49)",SH.DYN.AIDS.ZS,0,25,0
World,Adjusted net national income (current US$),NY.ADJ.NNTY.CD,0,25,0
World,"Adolescent fertility rate (births per 1,000 women ages 15-19)",SP.ADO.TFRT,0,25,0
World,Gross savings (% of GDP),NY.GNS.ICTR.ZS,0,25,0
World,"Inflation, consumer prices (annual %)",FP.CPI.TOTL.ZG,0,25,0
World,"Labor force participation rate, female (% of female population ages 15+) (national estimate)",SL.TLF.CACT.FE.NE.ZS,0,25,0
World,"Population, female",SP.POP.TOTL.FE.IN,0,25,0
World,"Population, female (% of total population)",SP.POP.TOTL.FE.ZS,0,25,0
World,"Population, male",SP.POP.TOTL.MA.IN,0,25,0
World,"Population, male (% of total population)",SP.POP.TOTL.MA.ZS,0,25,0
World,Ratio of female to male labor force participation rate (%) (national estimate),SL.TLF.CACT.FM.NE.ZS,0,25,0
World,"Unemployment, youth female (% of female labor force ages 15-24) (national estimate)",SL.UEM.1524.FE.NE.ZS,0,25,0
World,Wanted fertility rate (births per woman),SP.DYN.WFRT,0,25,0
World,"Women making their own informed decisions regarding sexual relations, contraceptive use and reproductive health care (% of women age 15-49)",SG.DMK.SRCR.FN.ZS,0,25,0
World,Women's share of population ages 15+ living with HIV (%),SH.DYN.AIDS.FE.ZS,0,25,0
World,"Contraceptive prevalence, any method (% of married women ages 15-49)",SP.DYN.CONU.ZS,0,25,0
World,Coverage of social insurance programs (% of population),per_si_allsi.cov_pop_tot,0,25,0
World,Coverage of social safety net programs (% of population),per_sa_allsa.cov_pop_tot,0,25,0
World,Demand for family planning satisfied by modern methods (% of married women with demand for family planning),SH.FPL.SATM.ZS,0,25,0
World,Diabetes prevalence (% of population ages 20 to 79),SH.STA.DIAB.ZS,0,25,0
World,"Life expectancy at birth, total (years)",SP.DYN.LE00.IN,0,25,0
World,"Life expectancy at birth, female (years)",SP.DYN.LE00.FE.IN,0,25,0
World,"Life expectancy at birth, male (years)",SP.DYN.LE00.MA.IN,0,25,0
World,"Nurses and midwives (per 1,000 people)",SH.MED.NUMW.P3,0,25,0
World,Prevalence of anemia among women of reproductive age (% of women ages 15-49),SH.ANM.ALLW.ZS,0,25,0
World,Prevalence of anemia among pregnant women (%),SH.PRG.ANEM,0,25,0
World,"Prevalence of HIV, female (% ages 15-24)",SH.HIV.1524.FE.ZS,0,25,0
World,"Prevalence of HIV, male (% ages 15-24)",SH.HIV.1524.MA.ZS,0,25,0
World,"Prevalence of HIV, total (% of population ages 15-49)",SH.DYN.AIDS.ZS,0,25,0
