"Year","Correlation","N_Countries"
2010,-0.252781289458221,273
2011,-0.275131341630698,273
2012,-0.259018558377781,273
2013,-0.296797603195335,255
2014,-0.294390691359151,255
2015,-0.258107798752949,273
2016,-0.296663681201328,255
2017,-0.247401669482987,273
2018,-0.311543710817483,255
2019,-0.286520330859525,255
2020,-0.305018492438877,273
2021,-0.335329679938625,273
2022,-0.311491749107415,273
2023,-0.288995879239716,273
