Year,Countries,Correlation
2010,237,-0.38975167774797365
2011,237,-0.38812604829692604
2012,237,-0.39210824993200916
2013,237,-0.38689230065184776
2014,237,-0.38310669613358556
2015,237,-0.3808815814379513
2016,237,-0.37964479550370367
2017,237,-0.3807952632116342
2018,237,-0.3837228947614841
2019,237,-0.35477713893250984
2020,237,-0.3705158680887443
2021,237,-0.398936933026877
2022,237,-0.36913886831507675
2023,237,-0.37393678157565985
