year,global_avg_mmr,global_median_mmr,countries_count
2010,196.88016528925624,90,265
2011,190.11157024793386,87,265
2012,182.79752066115705,83,265
2013,176.61983471074376,80,265
2014,172.42148760330576,78,265
2015,166.97520661157023,76,265
2016,160.400826446281,75,265
2017,155.19008264462812,74,265
2018,146.4669421487603,75,265
2019,144.19008264462812,73,265
2020,144.59917355371903,87,265
2021,161.79752066115705,119,265
2022,133.90495867768595,82,265
2023,125.61570247933884,68,265
