Model,R_squared,AIC
Linear,0.14060089428862582,44513.20025627378
Log-Linear,0.46107226194152023,42964.84913426998
Log-Log,0.6506883348127748,9006.11012377851
